1차_분류전체,2차_분류전체,기업명,1차_업종,2차_업종,규모,근로자수,소재지,관심기업,데이터 추출일
일자리 친화,인재육성형중소기업,(주)신선촌,"농업, 임업 및 어업",농업,중소기업,30.0,충북 괴산군,6,2026-08-01 02:44:01
일자리 친화,근무혁신 우수기업,(주)동우팜투테이블,제조업,식료품 제조업,중견기업,549.0,전북 군산시,152,2026-08-01 02:44:01
일자리 친화,인재육성형중소기업,(주)하늘바이오 농업회사법인,제조업,식료품 제조업,중소기업,108.0,경남 거창군,102,2026-08-01 02:44:01
일자리 친화,최고일자리 기업,(주)면사랑,제조업,식료품 제조업,중견기업,625.0,충북 진천군,86,2026-08-01 02:44:01
일자리 친화,대한민국일자리으뜸기업,농업회사법인(주)한우물,제조업,식료품 제조업,중소기업,478.0,전북 김제시,83,2026-08-01 02:44:01
일자리 친화,대한민국일자리으뜸기업,주식회사조흥,제조업,식료품 제조업,중견기업,551.0,경기 안산시 단원구,78,2026-08-01 02:44:01
일자리 친화,인재육성형중소기업,농업회사법인 한만두식품(주),제조업,식료품 제조업,중소기업,128.0,경기 양주시,67,2026-08-01 02:44:01
일자리 친화,인재육성형중소기업,로쏘㈜,제조업,식료품 제조업,중소기업,1000.0,대전 중구,61,2026-08-01 02:44:01
일자리 친화,최고일자리 기업,(주)산과들에,제조업,식료품 제조업,중소기업,125.0,경기 포천시,53,2026-08-01 02:44:01
일자리 친화,대한민국일자리으뜸기업,(주)상신종합식품,제조업,식료품 제조업,중소기업,154.0,충남 천안시 서북구,48,2026-08-01 02:44:01
일자리 친화,인재육성형중소기업,(주)신안천사김,제조업,식료품 제조업,중소기업,138.0,,34,2026-08-01 02:44:01
일자리 친화,인재육성형중소기업,한국바이오팜(주),제조업,식료품 제조업,중소기업,45.0,충북 진천군,27,2026-08-01 02:44:01
일자리 친화,인재육성형중소기업,제일유업(주),제조업,식료품 제조업,중소기업,57.0,경기 화성시,9,2026-08-01 02:44:01
일자리 친화,인재육성형중소기업,(주)글루칸,제조업,식료품 제조업,중소기업,13.0,경남 진주시,2,2026-08-01 02:44:01
일자리 친화,근무혁신 우수기업,부산커피협동조합,제조업,식료품 제조업,,,부산 남구,0,2026-08-01 02:44:01
일자리 친화,인재육성형중소기업,유니웰(주),제조업,식료품 제조업,중소기업,8.0,충북 청주시 흥덕구,0,2026-08-01 02:44:01
일자리 친화,근무혁신 우수기업,주식회사 태봉,제조업,섬유제품 제조업; 의복제외,중소기업,116.0,,85,2026-08-01 02:44:01
일자리 친화,대한민국일자리으뜸기업,(주)아이캠퍼,제조업,섬유제품 제조업; 의복제외,중소기업,48.0,경기 파주시,44,2026-08-01 02:44:01
일자리 친화,최고일자리 기업,제이케이앤디(주),제조업,"의복, 의복 액세서리 및 모피제품 제조업",중소기업,187.0,서울 서대문구,4,2026-08-01 02:44:01
일자리 친화,인재육성형중소기업,(주)오픈한,제조업,"의복, 의복 액세서리 및 모피제품 제조업",중소기업,55.0,서울 성동구,3,2026-08-01 02:44:01
일자리 친화,근무혁신 우수기업,패숀팩토리주식회사,제조업,"의복, 의복 액세서리 및 모피제품 제조업",중소기업,21.0,서울 송파구,3,2026-08-01 02:44:01
일자리 친화,인재육성형중소기업,(주)렉시아,제조업,"의복, 의복 액세서리 및 모피제품 제조업",중소기업,18.0,서울 서초구,2,2026-08-01 02:44:01
일자리 친화,대한민국일자리으뜸기업,(주)노바인터내쇼널,제조업,"가죽, 가방 및 신발 제조업",중소기업,74.0,부산 강서구,61,2026-08-01 02:44:01
일자리 친화,인재육성형중소기업,남강제지(주),제조업,"펄프, 종이 및 종이제품 제조업",중소기업,57.0,경남 진주시,36,2026-08-01 02:44:01
일자리 친화,최고일자리 기업,(주)아진피앤피,제조업,"펄프, 종이 및 종이제품 제조업",중견기업,298.0,대구 달성군,33,2026-08-01 02:44:01
일자리 친화,인재육성형중소기업,은창티피에스㈜,제조업,"펄프, 종이 및 종이제품 제조업",,,경기 포천시,0,2026-08-01 02:44:01
일자리 친화,인재육성형중소기업,(주)무궁화엘앤비,제조업,인쇄 및 기록매체 복제업,중소기업,168.0,충남 천안시 서북구,53,2026-08-01 02:44:01
일자리 친화,최고일자리 기업,(주)비주,제조업,인쇄 및 기록매체 복제업,중소기업,229.0,경기 파주시,4,2026-08-01 02:44:01
일자리 친화,인재육성형중소기업,엔비에스티(주),제조업,인쇄 및 기록매체 복제업,중소기업,46.0,경기 평택시,1,2026-08-01 02:44:01
일자리 친화,인재육성형중소기업,장암칼스㈜,제조업,"코크스, 연탄 및 석유정제품 제조업",중소기업,86.0,서울 영등포구,8,2026-08-01 02:44:01
일자리 친화,대한민국일자리으뜸기업,백광산업 주식회사,제조업,화학물질 및 화학제품 제조업; 의약품 제외,중견기업,303.0,전북 군산시,108,2026-08-01 02:44:01
일자리 친화,인재육성형중소기업,제일폴리캠㈜,제조업,화학물질 및 화학제품 제조업; 의약품 제외,중소기업,160.0,세종,93,2026-08-01 02:44:01
일자리 친화,대한민국일자리으뜸기업,버슘머트리얼즈코리아주식회사,제조업,화학물질 및 화학제품 제조업; 의약품 제외,중견기업,459.0,경기 시흥시,80,2026-08-01 02:44:01
일자리 친화,대한민국일자리으뜸기업,애경케미칼주식획사,제조업,화학물질 및 화학제품 제조업; 의약품 제외,중견기업,709.0,서울 마포구,47,2026-08-01 02:44:01
일자리 친화,인재육성형중소기업,(주)엘시시,제조업,화학물질 및 화학제품 제조업; 의약품 제외,중소기업,92.0,충북 음성군,41,2026-08-01 02:44:01
일자리 친화,인재육성형중소기업,(주)신양티아이씨,제조업,화학물질 및 화학제품 제조업; 의약품 제외,중소기업,11.0,울산 울주군,40,2026-08-01 02:44:01
일자리 친화,근무혁신 우수기업,주식회사 에이피알,제조업,화학물질 및 화학제품 제조업; 의약품 제외,중견기업,653.0,서울 송파구,27,2026-08-01 02:44:01
일자리 친화,인재육성형중소기업,(주)일신웰스,제조업,화학물질 및 화학제품 제조업; 의약품 제외,중소기업,92.0,충북 청주시 흥덕구,26,2026-08-01 02:44:01
일자리 친화,인재육성형중소기업,(주)이노폴,제조업,화학물질 및 화학제품 제조업; 의약품 제외,중소기업,85.0,부산 북구,26,2026-08-01 02:44:01
일자리 친화,대한민국일자리으뜸기업,(주)고운세상코스메틱,제조업,화학물질 및 화학제품 제조업; 의약품 제외,중소기업,219.0,경기 성남시 분당구,25,2026-08-01 02:44:01
일자리 친화,인재육성형중소기업,(주)케이피티,제조업,화학물질 및 화학제품 제조업; 의약품 제외,중소기업,113.0,충북 청주시 흥덕구,20,2026-08-01 02:44:01
일자리 친화,인재육성형중소기업,(주)피유시스,제조업,화학물질 및 화학제품 제조업; 의약품 제외,중소기업,36.0,경기 파주시,17,2026-08-01 02:44:01
일자리 친화,인재육성형중소기업,(주)제이에이치씨,제조업,화학물질 및 화학제품 제조업; 의약품 제외,중소기업,26.0,충북 청주시 청원구,15,2026-08-01 02:44:01
일자리 친화,인재육성형중소기업,(주)삼리,제조업,화학물질 및 화학제품 제조업; 의약품 제외,중소기업,64.0,경기 김포시,11,2026-08-01 02:44:01
일자리 친화,인재육성형중소기업,성도테크(주),제조업,화학물질 및 화학제품 제조업; 의약품 제외,중소기업,27.0,경기 파주시,10,2026-08-01 02:44:01
일자리 친화,인재육성형중소기업,(주)정코스,제조업,화학물질 및 화학제품 제조업; 의약품 제외,중소기업,75.0,충북 청주시 흥덕구,9,2026-08-01 02:44:01
일자리 친화,근무혁신 우수기업,(주)마녀공장,제조업,화학물질 및 화학제품 제조업; 의약품 제외,중소기업,112.0,서울 강서구,9,2026-08-01 02:44:01
일자리 친화,대한민국일자리으뜸기업,티이엠씨㈜,제조업,화학물질 및 화학제품 제조업; 의약품 제외,중견기업,110.0,충북 보은군,9,2026-08-01 02:44:01
일자리 친화,최고일자리 기업,(주)비나우,제조업,화학물질 및 화학제품 제조업; 의약품 제외,중소기업,239.0,서울 서초구,8,2026-08-01 02:44:01
일자리 친화,근무혁신 우수기업,주식회사 이유씨엔씨,제조업,화학물질 및 화학제품 제조업; 의약품 제외,중소기업,7.0,,5,2026-08-01 02:44:01
일자리 친화,인재육성형중소기업,(주)칼라런트코리아,제조업,화학물질 및 화학제품 제조업; 의약품 제외,중소기업,12.0,울산 울주군,5,2026-08-01 02:44:01
일자리 친화,인재육성형중소기업,(주)오유인터내셔널,제조업,화학물질 및 화학제품 제조업; 의약품 제외,중소기업,37.0,서울 성동구,1,2026-08-01 02:44:01
일자리 친화,인재육성형중소기업,(주)유스케어팜,제조업,화학물질 및 화학제품 제조업; 의약품 제외,,,경기 수원시 영통구,0,2026-08-01 02:44:01
일자리 친화,인재육성형중소기업,이스트힐(주),제조업,화학물질 및 화학제품 제조업; 의약품 제외,,,경기 수원시 권선구,0,2026-08-01 02:44:01
일자리 친화,대한민국일자리으뜸기업,미주엔비켐㈜,제조업,화학물질 및 화학제품 제조업; 의약품 제외,,,경기 광명시,0,2026-08-01 02:44:01
일자리 친화,인재육성형중소기업,(주)포이엔,제조업,화학물질 및 화학제품 제조업; 의약품 제외,중소기업,17.0,경기 부천시,0,2026-08-01 02:44:01
일자리 친화,근무혁신 우수기업,주식회사 토리든,제조업,화학물질 및 화학제품 제조업; 의약품 제외,,,대전 서구,0,2026-08-01 02:44:01
일자리 친화,대한민국일자리으뜸기업,(주)파마리서치,제조업,의료용 물질 및 의약품 제조업,중견기업,577.0,강원 강릉시,30,2026-08-01 02:44:01
일자리 친화,인재육성형중소기업,동방에프티엘(주),제조업,의료용 물질 및 의약품 제조업,중소기업,190.0,경기 화성시,23,2026-08-01 02:44:01
일자리 친화,근무혁신 우수기업,주식회사 휴메딕스,제조업,의료용 물질 및 의약품 제조업,중견기업,398.0,경기 성남시 수정구,12,2026-08-01 02:44:01
일자리 친화,대한민국일자리으뜸기업,한국엘랑코동물약품(주),제조업,의료용 물질 및 의약품 제조업,중소기업,138.0,서울 영등포구,3,2026-08-01 02:44:01
일자리 친화,근무혁신 우수기업,주식회사 제네웰,제조업,의료용 물질 및 의약품 제조업,중견기업,161.0,경기 성남시 중원구,2,2026-08-01 02:44:01
일자리 친화,인재육성형중소기업,대은산업(주),제조업,고무 및 플라스틱제품 제조업,중소기업,52.0,경기 시흥시,60,2026-08-01 02:44:01
일자리 친화,인재육성형중소기업,(주)에스알펜스터,제조업,고무 및 플라스틱제품 제조업,중소기업,56.0,경기 포천시,45,2026-08-01 02:44:01
일자리 친화,인재육성형중소기업,(주)진양오일씰,제조업,고무 및 플라스틱제품 제조업,중소기업,435.0,대구 달성군,37,2026-08-01 02:44:01
일자리 친화,인재육성형중소기업,에스앤에스테크놀러지㈜,제조업,고무 및 플라스틱제품 제조업,중소기업,30.0,경기 부천시 오정구,27,2026-08-01 02:44:01
일자리 친화,인재육성형중소기업,(주)제이월드산업,제조업,고무 및 플라스틱제품 제조업,중소기업,74.0,서울 금천구,8,2026-08-01 02:44:01
일자리 친화,인재육성형중소기업,(주)제론텍,제조업,고무 및 플라스틱제품 제조업,중소기업,57.0,충북 음성군,6,2026-08-01 02:44:01
일자리 친화,인재육성형중소기업,한보프로텍(주),제조업,고무 및 플라스틱제품 제조업,중소기업,49.0,경기 파주시,2,2026-08-01 02:44:01
일자리 친화,인재육성형중소기업,(주)와이제이씨,제조업,비금속 광물제품 제조업,중소기업,168.0,,42,2026-08-01 02:44:01
일자리 친화,인재육성형중소기업,(주)보필,제조업,비금속 광물제품 제조업,중소기업,54.0,경남 양산시,22,2026-08-01 02:44:01
일자리 친화,인재육성형중소기업,동신관유리공업㈜,제조업,비금속 광물제품 제조업,중소기업,166.0,,21,2026-08-01 02:44:01
일자리 친화,인재육성형중소기업,제일산업(주),제조업,비금속 광물제품 제조업,중소기업,25.0,경북 영주시,19,2026-08-01 02:44:01
일자리 친화,인재육성형중소기업,(주)한일,제조업,비금속 광물제품 제조업,중소기업,38.0,충남 아산시,17,2026-08-01 02:44:01
일자리 친화,인재육성형중소기업,(주)한국아덱스,제조업,비금속 광물제품 제조업,중소기업,30.0,충북 음성군,15,2026-08-01 02:44:01
일자리 친화,인재육성형중소기업,(주)서원코리아,제조업,비금속 광물제품 제조업,중소기업,7.0,경기 시흥시,0,2026-08-01 02:44:01
일자리 친화,인재육성형중소기업,(주)영진레미콘,제조업,비금속 광물제품 제조업,중소기업,14.0,경기 포천시,0,2026-08-01 02:44:01
일자리 친화,대한민국일자리으뜸기업,(주)디케이씨,제조업,1차 금속 제조업,중견기업,297.0,경북 포항시 북구,50,2026-08-01 02:44:01
일자리 친화,인재육성형중소기업,(주)해광,제조업,1차 금속 제조업,중소기업,246.0,충북 진천군,42,2026-08-01 02:44:01
일자리 친화,인재육성형중소기업,(주)월드튜브,제조업,1차 금속 제조업,중소기업,138.0,경남 김해시,37,2026-08-01 02:44:01
일자리 친화,인재육성형중소기업,성일하이메탈(주),제조업,1차 금속 제조업,중견기업,78.0,전북 군산시,21,2026-08-01 02:44:01
일자리 친화,인재육성형중소기업,이에프코리아(주),제조업,1차 금속 제조업,중소기업,77.0,경기 파주시,16,2026-08-01 02:44:01
일자리 친화,인재육성형중소기업,연산메탈(주),제조업,1차 금속 제조업,,,부산 강서구,0,2026-08-01 02:44:01
일자리 친화,근무혁신 우수기업,(주)티씨씨스틸,제조업,1차 금속 제조업,,273.0,서울 중구,0,2026-08-01 02:44:01
일자리 친화,인재육성형중소기업,(주)동광명품도어,제조업,금속가공제품 제조업; 기계 및 가구 제외,중소기업,111.0,대구 서구,63,2026-08-01 02:44:01
일자리 친화,근무혁신 우수기업,(주) 광스틸,제조업,금속가공제품 제조업; 기계 및 가구 제외,중소기업,207.0,충북 청주시 서원구,60,2026-08-01 02:44:01
일자리 친화,인재육성형중소기업,(주)유진코메탈,제조업,금속가공제품 제조업; 기계 및 가구 제외,중소기업,32.0,부산 강서구,54,2026-08-01 02:44:01
일자리 친화,대한민국일자리으뜸기업,대주코레스 주식회사,제조업,금속가공제품 제조업; 기계 및 가구 제외,중견기업,293.0,전북 완주군,44,2026-08-01 02:44:01
일자리 친화,대한민국일자리으뜸기업,유니슨에이치케이알㈜,제조업,금속가공제품 제조업; 기계 및 가구 제외,중소기업,226.0,충남 천안시 동남구,34,2026-08-01 02:44:01
일자리 친화,인재육성형중소기업,영성산업㈜,제조업,금속가공제품 제조업; 기계 및 가구 제외,중소기업,35.0,경기 화성시,26,2026-08-01 02:44:01
일자리 친화,인재육성형중소기업,미래테크(주),제조업,금속가공제품 제조업; 기계 및 가구 제외,중소기업,100.0,대구 북구,20,2026-08-01 02:44:01
일자리 친화,인재육성형중소기업,봉신롤(주),제조업,금속가공제품 제조업; 기계 및 가구 제외,중소기업,48.0,강원 태백시,14,2026-08-01 02:44:01
일자리 친화,인재육성형중소기업,(주)에이치와이티씨,제조업,금속가공제품 제조업; 기계 및 가구 제외,중견기업,135.0,경기 군포시,13,2026-08-01 02:44:01
일자리 친화,인재육성형중소기업,(주)양수금속,제조업,금속가공제품 제조업; 기계 및 가구 제외,중소기업,22.0,울산 울주군,10,2026-08-01 02:44:01
일자리 친화,인재육성형중소기업,(주)쓰리지테크놀러지,제조업,금속가공제품 제조업; 기계 및 가구 제외,중소기업,57.0,충북 음성군,8,2026-08-01 02:44:01
일자리 친화,인재육성형중소기업,(주)에스제이금속,제조업,금속가공제품 제조업; 기계 및 가구 제외,중소기업,19.0,경기 포천시,6,2026-08-01 02:44:01
일자리 친화,인재육성형중소기업,(주)덕명,제조업,금속가공제품 제조업; 기계 및 가구 제외,중소기업,50.0,경기 시흥시,5,2026-08-01 02:44:01
일자리 친화,인재육성형중소기업,(주)경도트레이,제조업,금속가공제품 제조업; 기계 및 가구 제외,중소기업,10.0,경기 화성시,0,2026-08-01 02:44:01
일자리 친화,노사문화우수기업,주식회사 케이피에프 충주공장,제조업,금속가공제품 제조업; 기계 및 가구 제외,,445.0,충북 충주시,0,2026-08-01 02:44:01
일자리 친화,인재육성형중소기업,(주)씨케이아이피엠,제조업,금속가공제품 제조업; 기계 및 가구 제외,중소기업,14.0,서울 성동구,0,2026-08-01 02:44:01
일자리 친화,대한민국일자리으뜸기업,하나머티리얼즈㈜,제조업,"전자부품, 컴퓨터, 영상, 음향 및 통신장비 제조업",중견기업,713.0,충남 천안시 서북구,146,2026-08-01 02:44:01
일자리 친화,최고일자리 기업,(주)일산전자,제조업,"전자부품, 컴퓨터, 영상, 음향 및 통신장비 제조업",중소기업,170.0,부산 사상구,143,2026-08-01 02:44:01
일자리 친화,인재육성형중소기업,(주)에이티씨,제조업,"전자부품, 컴퓨터, 영상, 음향 및 통신장비 제조업",중소기업,152.0,경기 시흥시,101,2026-08-01 02:44:01
일자리 친화,최고일자리 기업,디케이(주),제조업,"전자부품, 컴퓨터, 영상, 음향 및 통신장비 제조업",중견기업,188.0,,96,2026-08-01 02:44:01
일자리 친화,대한민국일자리으뜸기업,주식회사 윈테크,제조업,"전자부품, 컴퓨터, 영상, 음향 및 통신장비 제조업",중소기업,110.0,경남 창원시 진해구,95,2026-08-01 02:44:01
일자리 친화,인재육성형중소기업,(주)포유디지탈,제조업,"전자부품, 컴퓨터, 영상, 음향 및 통신장비 제조업",중소기업,68.0,경기 고양시 일산서구,62,2026-08-01 02:44:01
일자리 친화,대한민국일자리으뜸기업,(주)티원엘에스,제조업,"전자부품, 컴퓨터, 영상, 음향 및 통신장비 제조업",중소기업,27.0,서울 금천구,47,2026-08-01 02:44:01
일자리 친화,인재육성형중소기업,(주)솔라라이트,제조업,"전자부품, 컴퓨터, 영상, 음향 및 통신장비 제조업",중소기업,50.0,대구 동구,40,2026-08-01 02:44:01
일자리 친화,인재육성형중소기업,(주)동진티아이,제조업,"전자부품, 컴퓨터, 영상, 음향 및 통신장비 제조업",중소기업,57.0,인천 남동구,39,2026-08-01 02:44:01
일자리 친화,대한민국일자리으뜸기업,(주)부영,제조업,"전자부품, 컴퓨터, 영상, 음향 및 통신장비 제조업",중소기업,93.0,인천 남동구,37,2026-08-01 02:44:01
일자리 친화,인재육성형중소기업,덕산네오룩스(주),제조업,"전자부품, 컴퓨터, 영상, 음향 및 통신장비 제조업",중견기업,294.0,충남 천안시 서북구,36,2026-08-01 02:44:01
일자리 친화,인재육성형중소기업,(주)래트론,제조업,"전자부품, 컴퓨터, 영상, 음향 및 통신장비 제조업",중소기업,167.0,대전 대덕구,35,2026-08-01 02:44:01
일자리 친화,인재육성형중소기업,(주)금강쿼츠,제조업,"전자부품, 컴퓨터, 영상, 음향 및 통신장비 제조업",중견기업,317.0,경기 화성시,30,2026-08-01 02:44:01
일자리 친화,인재육성형중소기업,(주)에이플러스알에프,제조업,"전자부품, 컴퓨터, 영상, 음향 및 통신장비 제조업",중소기업,97.0,인천 남동구,22,2026-08-01 02:44:01
일자리 친화,인재육성형중소기업,(주)이스트포토닉스,제조업,"전자부품, 컴퓨터, 영상, 음향 및 통신장비 제조업",중소기업,83.0,대전 유성구,20,2026-08-01 02:44:01
일자리 친화,인재육성형중소기업,스마트전자㈜,제조업,"전자부품, 컴퓨터, 영상, 음향 및 통신장비 제조업",중소기업,116.0,울산 울주군,18,2026-08-01 02:44:01
일자리 친화,인재육성형중소기업,(주)세원테크,제조업,"전자부품, 컴퓨터, 영상, 음향 및 통신장비 제조업",중소기업,15.0,경기 평택시,15,2026-08-01 02:44:01
일자리 친화,인재육성형중소기업,㈜에프엔에스,제조업,"전자부품, 컴퓨터, 영상, 음향 및 통신장비 제조업",중소기업,65.0,경기 용인시 기흥구,14,2026-08-01 02:44:01
일자리 친화,인재육성형중소기업,(주)그린리소스,제조업,"전자부품, 컴퓨터, 영상, 음향 및 통신장비 제조업",중소기업,55.0,,13,2026-08-01 02:44:01
일자리 친화,근무혁신 우수기업,(주)코맥스,제조업,"전자부품, 컴퓨터, 영상, 음향 및 통신장비 제조업",중견기업,110.0,경기 성남시 중원구,12,2026-08-01 02:44:01
일자리 친화,인재육성형중소기업,(주)인더텍,제조업,"전자부품, 컴퓨터, 영상, 음향 및 통신장비 제조업",중소기업,23.0,대구 동구,10,2026-08-01 02:44:01
일자리 친화,근무혁신 우수기업,시스템베이스(주),제조업,"전자부품, 컴퓨터, 영상, 음향 및 통신장비 제조업",중소기업,26.0,서울 구로구,9,2026-08-01 02:44:01
일자리 친화,인재육성형중소기업,태경전자㈜,제조업,"전자부품, 컴퓨터, 영상, 음향 및 통신장비 제조업",중소기업,51.0,경기 안양시 동안구,8,2026-08-01 02:44:01
일자리 친화,근무혁신 우수기업,(주)다누시스,제조업,"전자부품, 컴퓨터, 영상, 음향 및 통신장비 제조업",중소기업,42.0,경기 광명시,6,2026-08-01 02:44:01
일자리 친화,인재육성형중소기업,(주)누리봄,제조업,"전자부품, 컴퓨터, 영상, 음향 및 통신장비 제조업",중소기업,16.0,서울 금천구,6,2026-08-01 02:44:01
일자리 친화,인재육성형중소기업,(주)휴라,제조업,"전자부품, 컴퓨터, 영상, 음향 및 통신장비 제조업",중소기업,22.0,대전 유성구,5,2026-08-01 02:44:01
일자리 친화,인재육성형중소기업,(주)이음아이씨티,제조업,"전자부품, 컴퓨터, 영상, 음향 및 통신장비 제조업",중소기업,9.0,,5,2026-08-01 02:44:01
일자리 친화,인재육성형중소기업,(주)티엔코아,제조업,"전자부품, 컴퓨터, 영상, 음향 및 통신장비 제조업",중소기업,17.0,서울 강서구,4,2026-08-01 02:44:01
일자리 친화,인재육성형중소기업,(주)블루셀,제조업,"전자부품, 컴퓨터, 영상, 음향 및 통신장비 제조업",중소기업,16.0,경기 화성시,4,2026-08-01 02:44:01
일자리 친화,인재육성형중소기업,(주)케이오피에스,제조업,"전자부품, 컴퓨터, 영상, 음향 및 통신장비 제조업",중소기업,12.0,경기 화성시,3,2026-08-01 02:44:01
일자리 친화,인재육성형중소기업,(주)삼영엠아이텍,제조업,"전자부품, 컴퓨터, 영상, 음향 및 통신장비 제조업",중소기업,54.0,경남 창원시 의창구,3,2026-08-01 02:44:01
일자리 친화,인재육성형중소기업,(주)와트레인,제조업,"전자부품, 컴퓨터, 영상, 음향 및 통신장비 제조업",중소기업,11.0,경기 김포시,2,2026-08-01 02:44:01
일자리 친화,인재육성형중소기업,(주)레오테크,제조업,"전자부품, 컴퓨터, 영상, 음향 및 통신장비 제조업",중소기업,35.0,인천 부평구,2,2026-08-01 02:44:01
일자리 친화,인재육성형중소기업,(주)미소전자통신,제조업,"전자부품, 컴퓨터, 영상, 음향 및 통신장비 제조업",중소기업,13.0,경기 안양시 동안구,2,2026-08-01 02:44:01
일자리 친화,대한민국일자리으뜸기업,범진전자(주),제조업,"전자부품, 컴퓨터, 영상, 음향 및 통신장비 제조업",중소기업,97.0,경기 수원시 권선구,1,2026-08-01 02:44:01
일자리 친화,근무혁신 우수기업,(주)씨큐앤비,제조업,"전자부품, 컴퓨터, 영상, 음향 및 통신장비 제조업",,,경기 군포시,0,2026-08-01 02:44:01
일자리 친화,인재육성형중소기업,(주)씨에프씨테라메이트,제조업,"전자부품, 컴퓨터, 영상, 음향 및 통신장비 제조업",중소기업,12.0,부산 기장군,0,2026-08-01 02:44:01
일자리 친화,인재육성형중소기업,(주)온오프시스템,제조업,"전자부품, 컴퓨터, 영상, 음향 및 통신장비 제조업",중소기업,29.0,충남 아산시,0,2026-08-01 02:44:01
일자리 친화,인재육성형중소기업,(주)씨앤에스아이,제조업,"전자부품, 컴퓨터, 영상, 음향 및 통신장비 제조업",중소기업,12.0,서울 강동구,0,2026-08-01 02:44:01
일자리 친화,대한민국일자리으뜸기업,주식회사 메가젠임플란트,제조업,"의료, 정밀, 광학기기 및 시계 제조업",중견기업,784.0,대구 달성군,85,2026-08-01 02:44:01
일자리 친화,인재육성형중소기업,(주)티디엠,제조업,"의료, 정밀, 광학기기 및 시계 제조업",중소기업,117.0,,66,2026-08-01 02:44:01
일자리 친화,대한민국일자리으뜸기업,(주)풍림파마텍,제조업,"의료, 정밀, 광학기기 및 시계 제조업",중소기업,204.0,전북 군산시,43,2026-08-01 02:44:01
일자리 친화,인재육성형중소기업,(주)푸르고바이오로직스,제조업,"의료, 정밀, 광학기기 및 시계 제조업",중소기업,146.0,경기 성남시 분당구,41,2026-08-01 02:44:01
일자리 친화,인재육성형중소기업,(주)신영포엠,제조업,"의료, 정밀, 광학기기 및 시계 제조업",중소기업,73.0,경기 남양주시,31,2026-08-01 02:44:01
일자리 친화,인재육성형중소기업,(주)고려기연,제조업,"의료, 정밀, 광학기기 및 시계 제조업",중소기업,58.0,서울 금천구,19,2026-08-01 02:44:01
일자리 친화,인재육성형중소기업,모루기술(주),제조업,"의료, 정밀, 광학기기 및 시계 제조업",중소기업,9.0,대전 유성구,14,2026-08-01 02:44:01
일자리 친화,근무혁신 우수기업,주식회사 삼정오토메이션,제조업,"의료, 정밀, 광학기기 및 시계 제조업",중소기업,96.0,경기 화성시,13,2026-08-01 02:44:01
일자리 친화,인재육성형중소기업,(주)에델테크,제조업,"의료, 정밀, 광학기기 및 시계 제조업",중소기업,167.0,경기 하남시,13,2026-08-01 02:44:01
일자리 친화,인재육성형중소기업,(주)알엔알,제조업,"의료, 정밀, 광학기기 및 시계 제조업",중소기업,50.0,서울 성동구,9,2026-08-01 02:44:01
일자리 친화,인재육성형중소기업,(주)제이앤엘테크,제조업,"의료, 정밀, 광학기기 및 시계 제조업",중소기업,157.0,경기 안산시 단원구,5,2026-08-01 02:44:01
일자리 친화,인재육성형중소기업,(주)새너,제조업,"의료, 정밀, 광학기기 및 시계 제조업",중소기업,35.0,충남 천안시 서북구,4,2026-08-01 02:44:01
일자리 친화,인재육성형중소기업,(주)인스케이프,제조업,"의료, 정밀, 광학기기 및 시계 제조업",중소기업,123.0,경기 성남시 중원구,2,2026-08-01 02:44:01
일자리 친화,인재육성형중소기업,(주)아이벡스메디칼시스템즈,제조업,"의료, 정밀, 광학기기 및 시계 제조업",,86.0,강원 원주시,0,2026-08-01 02:44:01
일자리 친화,인재육성형중소기업,(주)에이더블테크놀러지,제조업,"의료, 정밀, 광학기기 및 시계 제조업",,,경기 부천시,0,2026-08-01 02:44:01
일자리 친화,인재육성형중소기업,산전정밀(주),제조업,전기장비 제조업,중소기업,148.0,충북 청주시 청원구,106,2026-08-01 02:44:01
일자리 친화,인재육성형중소기업,(주)광명전기,제조업,전기장비 제조업,중소기업,190.0,경기 안산시 단원구,84,2026-08-01 02:44:01
일자리 친화,인재육성형중소기업,제일전기공업(주),제조업,전기장비 제조업,중소기업,301.0,부산 사하구,56,2026-08-01 02:44:01
일자리 친화,대한민국일자리으뜸기업,신성델타테크㈜,제조업,전기장비 제조업,중견기업,292.0,경남 창원시 성산구,56,2026-08-01 02:44:01
일자리 친화,인재육성형중소기업,신흥에스이씨(주),제조업,전기장비 제조업,중견기업,2301.0,경기 오산시,50,2026-08-01 02:44:01
일자리 친화,대한민국일자리으뜸기업,(주)다원시스,제조업,전기장비 제조업,중견기업,437.0,경기 안산시 단원구,40,2026-08-01 02:44:01
일자리 친화,인재육성형중소기업,(주)세아씨엔티,제조업,전기장비 제조업,중소기업,24.0,,34,2026-08-01 02:44:01
일자리 친화,대한민국일자리으뜸기업,(주)디에이치라이팅,제조업,전기장비 제조업,중견기업,260.0,,28,2026-08-01 02:44:01
일자리 친화,인재육성형중소기업,(주)지엔씨에너지,제조업,전기장비 제조업,중소기업,122.0,서울 강서구,28,2026-08-01 02:44:01
일자리 친화,인재육성형중소기업,(주)피앤케이하이테크,제조업,전기장비 제조업,중소기업,28.0,인천 남동구,20,2026-08-01 02:44:01
일자리 친화,인재육성형중소기업,아이티엘(주),제조업,전기장비 제조업,중소기업,18.0,,19,2026-08-01 02:44:01
일자리 친화,인재육성형중소기업,(주)비츠로밀텍,제조업,전기장비 제조업,중소기업,141.0,충남 천안시 동남구,18,2026-08-01 02:44:01
일자리 친화,인재육성형중소기업,중원(주),제조업,전기장비 제조업,중소기업,142.0,경기 안산시 단원구,16,2026-08-01 02:44:01
일자리 친화,인재육성형중소기업,성도하이텍(주),제조업,전기장비 제조업,중소기업,69.0,경북 경주시,16,2026-08-01 02:44:01
일자리 친화,근무혁신 우수기업,(주)신성사,제조업,전기장비 제조업,중소기업,65.0,경남 김해시,15,2026-08-01 02:44:01
일자리 친화,인재육성형중소기업,(주)해우기술,제조업,전기장비 제조업,중소기업,20.0,부산 강서구,14,2026-08-01 02:44:01
일자리 친화,인재육성형중소기업,(주)비쥬드림,제조업,전기장비 제조업,중소기업,6.0,경기 하남시,12,2026-08-01 02:44:01
일자리 친화,근무혁신 우수기업,(쥬)마루온,제조업,전기장비 제조업,중소기업,20.0,충북 청주시 청원구,12,2026-08-01 02:44:01
일자리 친화,인재육성형중소기업,서호전기(주),제조업,전기장비 제조업,중소기업,83.0,경기 안양시 동안구,10,2026-08-01 02:44:01
일자리 친화,인재육성형중소기업,도우디지텍(주),제조업,전기장비 제조업,중소기업,100.0,경기 성남시 중원구,10,2026-08-01 02:44:01
일자리 친화,인재육성형중소기업,(주)유환,제조업,전기장비 제조업,중소기업,34.0,부산 기장군,10,2026-08-01 02:44:01
일자리 친화,인재육성형중소기업,(주)엠비이,제조업,전기장비 제조업,중소기업,39.0,경기 시흥시,9,2026-08-01 02:44:01
일자리 친화,인재육성형중소기업,(주)티이에프,제조업,전기장비 제조업,중소기업,9.0,,9,2026-08-01 02:44:01
일자리 친화,대한민국일자리으뜸기업,주식회사 서경산업,제조업,전기장비 제조업,중소기업,40.0,서울 용산구,8,2026-08-01 02:44:01
일자리 친화,인재육성형중소기업,(주)에쓰엔,제조업,전기장비 제조업,중소기업,23.0,충남 서산시,8,2026-08-01 02:44:01
일자리 친화,인재육성형중소기업,(주)에스케이솔라에너지,제조업,전기장비 제조업,중소기업,15.0,대전 서구,8,2026-08-01 02:44:01
일자리 친화,인재육성형중소기업,더로드아이앤씨(주),제조업,전기장비 제조업,중소기업,33.0,경기 군포시,3,2026-08-01 02:44:01
일자리 친화,근무혁신 우수기업,주식회사 히타치에너지코리아,제조업,전기장비 제조업,중소기업,213.0,서울 강남구,2,2026-08-01 02:44:01
일자리 친화,인재육성형중소기업,지투파워(주),제조업,전기장비 제조업,중소기업,94.0,경기 화성시,2,2026-08-01 02:44:01
일자리 친화,인재육성형중소기업,(주)송우인포텍,제조업,전기장비 제조업,중소기업,44.0,경남 진주시,1,2026-08-01 02:44:01
일자리 친화,인재육성형중소기업,피닉슨컨트롤스(주),제조업,전기장비 제조업,중소기업,84.0,경기 화성시,1,2026-08-01 02:44:01
일자리 친화,대한민국일자리으뜸기업,(주)피엔티,제조업,기타 기계 및 장비 제조업,중견기업,611.0,경북 구미시,192,2026-08-01 02:44:01
일자리 친화,대한민국일자리으뜸기업,건영테크㈜,제조업,기타 기계 및 장비 제조업,중소기업,117.0,경남 창원시 성산구,176,2026-08-01 02:44:01
일자리 친화,대한민국일자리으뜸기업,(주)동원파츠,제조업,기타 기계 및 장비 제조업,중소기업,387.0,경기 시흥시,147,2026-08-01 02:44:01
일자리 친화,근무혁신 우수기업,선보공업(주),제조업,기타 기계 및 장비 제조업,중소기업,413.0,부산 사하구,136,2026-08-01 02:44:01
일자리 친화,대한민국일자리으뜸기업,와이엠씨㈜,제조업,기타 기계 및 장비 제조업,중견기업,156.0,충남 아산시,116,2026-08-01 02:44:01
일자리 친화,인재육성형중소기업,(주)동탄이엔지,제조업,기타 기계 및 장비 제조업,중소기업,92.0,경기 화성시,92,2026-08-01 02:44:01
일자리 친화,인재육성형중소기업,(주)에스에스피,제조업,기타 기계 및 장비 제조업,중소기업,102.0,인천 연수구,54,2026-08-01 02:44:01
일자리 친화,인재육성형중소기업,(주)로봇팜,제조업,기타 기계 및 장비 제조업,중소기업,11.0,전북 익산시,34,2026-08-01 02:44:01
일자리 친화,인재육성형중소기업,(주)누리,제조업,기타 기계 및 장비 제조업,중소기업,32.0,경기 수원시 권선구,29,2026-08-01 02:44:01
일자리 친화,인재육성형중소기업,나노인텍(주),제조업,기타 기계 및 장비 제조업,중소기업,82.0,강원 원주시,28,2026-08-01 02:44:01
일자리 친화,인재육성형중소기업,(주)금산산기,제조업,기타 기계 및 장비 제조업,중소기업,51.0,경남 거창군,27,2026-08-01 02:44:01
일자리 친화,인재육성형중소기업,나이프플러스(주),제조업,기타 기계 및 장비 제조업,중견기업,66.0,인천 남동구,26,2026-08-01 02:44:01
일자리 친화,대한민국일자리으뜸기업,한국알박㈜,제조업,기타 기계 및 장비 제조업,중견기업,541.0,경기 평택시,24,2026-08-01 02:44:01
일자리 친화,인재육성형중소기업,씨제이케이얼라이언스(주),제조업,기타 기계 및 장비 제조업,중소기업,68.0,경기 화성시,24,2026-08-01 02:44:01
일자리 친화,인재육성형중소기업,(주)윈텍오토메이션,제조업,기타 기계 및 장비 제조업,중소기업,75.0,경기 수원시 영통구,23,2026-08-01 02:44:01
일자리 친화,인재육성형중소기업,(주)에스이티,제조업,기타 기계 및 장비 제조업,중소기업,57.0,경기 평택시,23,2026-08-01 02:44:01
일자리 친화,인재육성형중소기업,(주)프로세이브,제조업,기타 기계 및 장비 제조업,중소기업,44.0,경남 김해시,20,2026-08-01 02:44:01
일자리 친화,대한민국일자리으뜸기업,램리서치매뉴팩춰링코리아유한회사,제조업,기타 기계 및 장비 제조업,중소기업,486.0,경기 오산시,18,2026-08-01 02:44:01
일자리 친화,인재육성형중소기업,(주)이노디스,제조업,기타 기계 및 장비 제조업,중소기업,112.0,인천 계양구,17,2026-08-01 02:44:01
일자리 친화,인재육성형중소기업,대가파우더시스템(주),제조업,기타 기계 및 장비 제조업,중소기업,108.0,서울 구로구,17,2026-08-01 02:44:01
일자리 친화,인재육성형중소기업,엠케이피(주),제조업,기타 기계 및 장비 제조업,중소기업,109.0,경기 화성시,16,2026-08-01 02:44:01
일자리 친화,인재육성형중소기업,(주)이노윈테크,제조업,기타 기계 및 장비 제조업,중소기업,10.0,경기 화성시,15,2026-08-01 02:44:01
일자리 친화,인재육성형중소기업,삼원폴리텍(주),제조업,기타 기계 및 장비 제조업,중소기업,143.0,충남 천안시 서북구,14,2026-08-01 02:44:01
일자리 친화,인재육성형중소기업,대일몰드텍㈜,제조업,기타 기계 및 장비 제조업,중소기업,47.0,경기 화성시,14,2026-08-01 02:44:01
일자리 친화,인재육성형중소기업,(주)보부하이테크,제조업,기타 기계 및 장비 제조업,중소기업,237.0,경기 용인시 수지구,13,2026-08-01 02:44:01
일자리 친화,인재육성형중소기업,(주)세광시앤에치,제조업,기타 기계 및 장비 제조업,중소기업,45.0,경기 파주시,13,2026-08-01 02:44:01
일자리 친화,인재육성형중소기업,(주)씨엔원,제조업,기타 기계 및 장비 제조업,중소기업,41.0,경기 화성시,13,2026-08-01 02:44:01
일자리 친화,인재육성형중소기업,세드나이엔지㈜,제조업,기타 기계 및 장비 제조업,중소기업,28.0,경기 시흥시,11,2026-08-01 02:44:01
일자리 친화,인재육성형중소기업,(주)제일진공펌프,제조업,기타 기계 및 장비 제조업,중소기업,43.0,부산 사상구,10,2026-08-01 02:44:01
일자리 친화,인재육성형중소기업,(주)코엠에스,제조업,기타 기계 및 장비 제조업,중소기업,143.0,충북 청주시 흥덕구,8,2026-08-01 02:44:01
일자리 친화,대한민국일자리으뜸기업,(주)하나기술,제조업,기타 기계 및 장비 제조업,중소기업,235.0,경기 용인시 처인구,8,2026-08-01 02:44:01
일자리 친화,인재육성형중소기업,케이시시정공(주),제조업,기타 기계 및 장비 제조업,중소기업,163.0,서울 구로구,7,2026-08-01 02:44:01
일자리 친화,인재육성형중소기업,(주)가온코리아,제조업,기타 기계 및 장비 제조업,중소기업,11.0,,7,2026-08-01 02:44:01
일자리 친화,인재육성형중소기업,(주)아이씨케이,제조업,기타 기계 및 장비 제조업,중소기업,32.0,서울 금천구,6,2026-08-01 02:44:01
일자리 친화,인재육성형중소기업,(주)제이엔비,제조업,기타 기계 및 장비 제조업,중소기업,56.0,경기 평택시,6,2026-08-01 02:44:01
일자리 친화,인재육성형중소기업,(주)미래하이테크,제조업,기타 기계 및 장비 제조업,중소기업,15.0,경남 창원시 마산회원구,6,2026-08-01 02:44:01
일자리 친화,인재육성형중소기업,(주)에스알티,제조업,기타 기계 및 장비 제조업,중소기업,53.0,경기 화성시,5,2026-08-01 02:44:01
일자리 친화,인재육성형중소기업,(주)두성기술,제조업,기타 기계 및 장비 제조업,중소기업,36.0,대전 유성구,5,2026-08-01 02:44:01
일자리 친화,인재육성형중소기업,(주)케이엘티,제조업,기타 기계 및 장비 제조업,중소기업,72.0,경기 파주시,5,2026-08-01 02:44:01
일자리 친화,인재육성형중소기업,(주)성평정공,제조업,기타 기계 및 장비 제조업,중소기업,,경남 창원시 의창구,4,2026-08-01 02:44:01
일자리 친화,인재육성형중소기업,(주)로아스,제조업,기타 기계 및 장비 제조업,중소기업,36.0,경기 안양시 동안구,3,2026-08-01 02:44:01
일자리 친화,인재육성형중소기업,(주)엠에스텍,제조업,기타 기계 및 장비 제조업,중소기업,6.0,경기 의왕시,2,2026-08-01 02:44:01
일자리 친화,인재육성형중소기업,(주)와이엔디케이,제조업,기타 기계 및 장비 제조업,중소기업,5.0,대전 유성구,1,2026-08-01 02:44:01
일자리 친화,인재육성형중소기업,나이스텍(주),제조업,기타 기계 및 장비 제조업,,,충남 아산시,0,2026-08-01 02:44:01
일자리 친화,인재육성형중소기업,애니모션텍(주),제조업,기타 기계 및 장비 제조업,중소기업,59.0,인천 남동구,0,2026-08-01 02:44:01
일자리 친화,근무혁신 우수기업,(주)영창기업,제조업,기타 기계 및 장비 제조업,,,경남 창원시 마산회원구,0,2026-08-01 02:44:01
일자리 친화,인재육성형중소기업,(주)한빛산업,제조업,기타 기계 및 장비 제조업,,,인천 남동구,0,2026-08-01 02:44:01
일자리 친화,인재육성형중소기업,대림씨앤씨(주),제조업,자동차 및 트레일러 제조업,중소기업,156.0,전북 완주군,179,2026-08-01 02:44:01
일자리 친화,대한민국일자리으뜸기업,㈜광주글로벌모터스,제조업,자동차 및 트레일러 제조업,중견기업,730.0,,133,2026-08-01 02:44:01
일자리 친화,근무혁신 우수기업,우수AMS(주),제조업,자동차 및 트레일러 제조업,중견기업,382.0,경남 창원시 성산구,94,2026-08-01 02:44:01
일자리 친화,인재육성형중소기업,대일공업(주),제조업,자동차 및 트레일러 제조업,중소기업,100.0,충남 천안시 서북구,92,2026-08-01 02:44:01
일자리 친화,인재육성형중소기업,(주)무등기업,제조업,자동차 및 트레일러 제조업,중견기업,99.0,,81,2026-08-01 02:44:01
일자리 친화,인재육성형중소기업,(주)대한오토텍,제조업,자동차 및 트레일러 제조업,중소기업,89.0,경남 양산시,66,2026-08-01 02:44:01
일자리 친화,대한민국일자리으뜸기업,한국차체(주),제조업,자동차 및 트레일러 제조업,중소기업,157.0,전북 완주군,47,2026-08-01 02:44:01
일자리 친화,인재육성형중소기업,(주)삼성텍,제조업,자동차 및 트레일러 제조업,중소기업,32.0,경북 경산시,37,2026-08-01 02:44:01
일자리 친화,근무혁신 우수기업,(주)무등기업평동,제조업,자동차 및 트레일러 제조업,중소기업,99.0,,29,2026-08-01 02:44:01
일자리 친화,인재육성형중소기업,(주)에이아이티,제조업,자동차 및 트레일러 제조업,중소기업,129.0,,26,2026-08-01 02:44:01
일자리 친화,인재육성형중소기업,안켐(주),제조업,자동차 및 트레일러 제조업,중소기업,38.0,경북 경산시,25,2026-08-01 02:44:01
일자리 친화,인재육성형중소기업,(주)국도특장,제조업,자동차 및 트레일러 제조업,중소기업,28.0,전북 김제시,19,2026-08-01 02:44:01
일자리 친화,최고일자리 기업,대한메탈(주),제조업,자동차 및 트레일러 제조업,중견기업,171.0,경북 경산시,17,2026-08-01 02:44:01
일자리 친화,인재육성형중소기업,(주)이닉스,제조업,자동차 및 트레일러 제조업,중소기업,165.0,부산 해운대구,16,2026-08-01 02:44:01
일자리 친화,인재육성형중소기업,(주)태일정공,제조업,자동차 및 트레일러 제조업,중소기업,34.0,경기 고양시 일산동구,13,2026-08-01 02:44:01
일자리 친화,최고일자리 기업,(주)아이.피.엔,제조업,자동차 및 트레일러 제조업,중소기업,91.0,경기 화성시,11,2026-08-01 02:44:01
일자리 친화,인재육성형중소기업,서전이엔지(주),제조업,자동차 및 트레일러 제조업,중소기업,17.0,경기 김포시,6,2026-08-01 02:44:01
일자리 친화,인재육성형중소기업,㈜인포카,제조업,자동차 및 트레일러 제조업,중소기업,19.0,대전 유성구,5,2026-08-01 02:44:01
일자리 친화,인재육성형중소기업,(주)미래클,제조업,자동차 및 트레일러 제조업,중소기업,14.0,전북 김제시,4,2026-08-01 02:44:01
일자리 친화,대한민국일자리으뜸기업,(주)비트리플,제조업,자동차 및 트레일러 제조업,중소기업,260.0,전북 군산시,1,2026-08-01 02:44:01
일자리 친화,인재육성형중소기업,(주)한라공업,제조업,자동차 및 트레일러 제조업,,,경남 김해시,0,2026-08-01 02:44:01
일자리 친화,대한민국일자리으뜸기업,엔브이에이치코리아(주),제조업,자동차 및 트레일러 제조업,,268.0,경북 경주시,0,2026-08-01 02:44:01
일자리 친화,인재육성형중소기업,(주)터머솔,제조업,기타 운송장비 제조업,중소기업,30.0,경남 김해시,54,2026-08-01 02:44:01
일자리 친화,인재육성형중소기업,(주)브이티엘,제조업,기타 운송장비 제조업,중소기업,26.0,경남 창원시 진해구,15,2026-08-01 02:44:01
일자리 친화,인재육성형중소기업,(주)조일,제조업,기타 운송장비 제조업,중소기업,63.0,경남 사천시,11,2026-08-01 02:44:01
일자리 친화,인재육성형중소기업,(유)송운산업,제조업,기타 운송장비 제조업,중소기업,,,10,2026-08-01 02:44:01
일자리 친화,인재육성형중소기업,(주)제이디,제조업,기타 운송장비 제조업,중소기업,7.0,경남 진주시,5,2026-08-01 02:44:01
일자리 친화,인재육성형중소기업,준엔지니어링(주),제조업,기타 운송장비 제조업,,,경남 진주시,0,2026-08-01 02:44:01
일자리 친화,대한민국일자리으뜸기업,(주)한샘이펙스,제조업,가구 제조업,중소기업,135.0,경기 안산시 단원구,55,2026-08-01 02:44:01
일자리 친화,최고일자리 기업,(주)도담터,제조업,가구 제조업,중소기업,25.0,경기 파주시,12,2026-08-01 02:44:01
일자리 친화,인재육성형중소기업,(주)비아트,제조업,가구 제조업,중소기업,30.0,충남 금산군,11,2026-08-01 02:44:01
일자리 친화,인재육성형중소기업,㈜헤라몬드,제조업,기타 제품 제조업,중소기업,78.0,서울 종로구,14,2026-08-01 02:44:01
일자리 친화,대한민국일자리으뜸기업,(주)소셜빈,제조업,기타 제품 제조업,중소기업,103.0,부산 기장군,7,2026-08-01 02:44:01
일자리 친화,대한민국일자리으뜸기업,한국항공서비스 주식회사,제조업,산업용 기계 및 장비 수리업,중견기업,445.0,경남 사천시,27,2026-08-01 02:44:01
일자리 친화,노사문화우수기업,(주)포웰,"수도, 하수 및 폐기물 처리, 원료 재생업","하수, 폐수 및 분뇨 처리업",중소기업,189.0,경북 포항시 남구,148,2026-08-01 02:44:01
일자리 친화,인재육성형중소기업,(주)코리아엔지니어링,건설업,전문직별 공사업,중소기업,26.0,경기 시흥시,15,2026-08-01 02:44:01
일자리 친화,인재육성형중소기업,한국전기안전써비스(주),건설업,전문직별 공사업,중소기업,146.0,서울 송파구,14,2026-08-01 02:44:01
일자리 친화,근무혁신 우수기업,태일씨앤티,건설업,전문직별 공사업,중소기업,103.0,서울 금천구,7,2026-08-01 02:44:01
일자리 친화,인재육성형중소기업,㈜형원이엔지,건설업,전문직별 공사업,중소기업,140.0,경기 파주시,4,2026-08-01 02:44:01
일자리 친화,인재육성형중소기업,(주)더한기술,건설업,전문직별 공사업,,,대전 대덕구,0,2026-08-01 02:44:01
일자리 친화,대한민국일자리으뜸기업,(주)삼천리모터스,도매 및 소매업,자동차 및 부품 판매업,중견기업,520.0,경기 군포시,9,2026-08-01 02:44:01
일자리 친화,인재육성형중소기업,(주)재호물산,도매 및 소매업,도매 및 상품 중개업,중소기업,56.0,부산 사하구,75,2026-08-01 02:44:01
일자리 친화,인재육성형중소기업,(주)푸드엔,도매 및 소매업,도매 및 상품 중개업,중소기업,309.0,부산 남구,74,2026-08-01 02:44:01
일자리 친화,인재육성형중소기업,코스테크(주),도매 및 소매업,도매 및 상품 중개업,중소기업,37.0,서울 서초구,46,2026-08-01 02:44:01
일자리 친화,인재육성형중소기업,상상한우농업회사법인(주),도매 및 소매업,도매 및 상품 중개업,중소기업,41.0,충남 천안시 동남구,36,2026-08-01 02:44:01
일자리 친화,대한민국일자리으뜸기업,(주)에이케이무역,도매 및 소매업,도매 및 상품 중개업,중견기업,300.0,서울 동작구,32,2026-08-01 02:44:01
일자리 친화,최고일자리 기업,(주)티마트,도매 및 소매업,도매 및 상품 중개업,중소기업,218.0,경기 수원시 영통구,22,2026-08-01 02:44:01
일자리 친화,인재육성형중소기업,(주)에이치엠인터내셔날,도매 및 소매업,도매 및 상품 중개업,중견기업,109.0,서울 강남구,21,2026-08-01 02:44:01
일자리 친화,인재육성형중소기업,(주)한국프라켐,도매 및 소매업,도매 및 상품 중개업,중소기업,28.0,서울 양천구,16,2026-08-01 02:44:01
일자리 친화,인재육성형중소기업,(주)빅드림,도매 및 소매업,도매 및 상품 중개업,중소기업,23.0,경기 용인시 처인구,15,2026-08-01 02:44:01
일자리 친화,인재육성형중소기업,(주)은하수산,도매 및 소매업,도매 및 상품 중개업,중견기업,167.0,부산 강서구,15,2026-08-01 02:44:01
일자리 친화,대한민국일자리으뜸기업,주식회사 코스알엑스,도매 및 소매업,도매 및 상품 중개업,중견기업,239.0,서울 강남구,15,2026-08-01 02:44:01
일자리 친화,근무혁신 우수기업,(주)원진월드와이드,도매 및 소매업,도매 및 상품 중개업,중소기업,135.0,경남 양산시,13,2026-08-01 02:44:01
일자리 친화,대한민국일자리으뜸기업,크리스챤디올꾸뛰르코리아(주),도매 및 소매업,도매 및 상품 중개업,중소기업,576.0,서울 중구,11,2026-08-01 02:44:01
일자리 친화,인재육성형중소기업,(유)조은골재,도매 및 소매업,도매 및 상품 중개업,중소기업,22.0,,11,2026-08-01 02:44:01
일자리 친화,인재육성형중소기업,(주)트렌드헌터,도매 및 소매업,도매 및 상품 중개업,중소기업,2.0,서울 강남구,9,2026-08-01 02:44:01
일자리 친화,근무혁신 우수기업,쿱푸드시스템 주식회사,도매 및 소매업,도매 및 상품 중개업,중소기업,52.0,,9,2026-08-01 02:44:01
일자리 친화,근무혁신 우수기업,후루노코리아(주),도매 및 소매업,도매 및 상품 중개업,중견기업,38.0,부산 동구,9,2026-08-01 02:44:01
일자리 친화,인재육성형중소기업,(주)극동엠이에스,도매 및 소매업,도매 및 상품 중개업,중소기업,19.0,서울 중구,9,2026-08-01 02:44:01
일자리 친화,인재육성형중소기업,(주)맥플러스,도매 및 소매업,도매 및 상품 중개업,중소기업,26.0,서울 성동구,5,2026-08-01 02:44:01
일자리 친화,인재육성형중소기업,(주)아스트로캠프,도매 및 소매업,도매 및 상품 중개업,중소기업,15.0,경기 고양시 일산동구,4,2026-08-01 02:44:01
일자리 친화,근무혁신 우수기업,(주)이시다코리아,도매 및 소매업,도매 및 상품 중개업,중견기업,37.0,경기 부천시,4,2026-08-01 02:44:01
일자리 친화,근무혁신 우수기업,주식회사 워커스하이,도매 및 소매업,도매 및 상품 중개업,중소기업,,서울 강남구,3,2026-08-01 02:44:01
일자리 친화,인재육성형중소기업,아이티스정보통신(주),도매 및 소매업,도매 및 상품 중개업,중소기업,41.0,서울 영등포구,3,2026-08-01 02:44:01
일자리 친화,근무혁신 우수기업,(주)리테일테크,도매 및 소매업,도매 및 상품 중개업,중소기업,44.0,경기 성남시 수정구,2,2026-08-01 02:44:01
일자리 친화,인재육성형중소기업,(주)아리네트웍스,도매 및 소매업,도매 및 상품 중개업,중소기업,51.0,서울 성동구,2,2026-08-01 02:44:01
일자리 친화,인재육성형중소기업,(주)씨웰,도매 및 소매업,도매 및 상품 중개업,중소기업,24.0,부산 해운대구,1,2026-08-01 02:44:01
일자리 친화,근무혁신 우수기업,한국캘러웨이골프유한회사,도매 및 소매업,도매 및 상품 중개업,중견기업,147.0,서울 강남구,1,2026-08-01 02:44:01
일자리 친화,인재육성형중소기업,신성미디어테크(주),도매 및 소매업,도매 및 상품 중개업,,,서울 성동구,0,2026-08-01 02:44:01
일자리 친화,대한민국일자리으뜸기업,자연과환경(주),도매 및 소매업,도매 및 상품 중개업,중소기업,26.0,경기 군포시,0,2026-08-01 02:44:01
일자리 친화,인재육성형중소기업,(주)제이씨헬스케어,도매 및 소매업,도매 및 상품 중개업,중견기업,103.0,경기 안산시 단원구,0,2026-08-01 02:44:01
일자리 친화,대한민국일자리으뜸기업,㈜리얼커머스,도매 및 소매업,소매업; 자동차 제외,중소기업,22.0,대전 서구,53,2026-08-01 02:44:01
일자리 친화,대한민국일자리으뜸기업,주식회사무신사,도매 및 소매업,소매업; 자동차 제외,중견기업,1828.0,서울 성동구,25,2026-08-01 02:44:01
일자리 친화,인재육성형중소기업,치얼업코리아(주),도매 및 소매업,소매업; 자동차 제외,중소기업,,전북 익산시,14,2026-08-01 02:44:01
일자리 친화,대한민국일자리으뜸기업,주식회사뉴트리원,도매 및 소매업,소매업; 자동차 제외,중견기업,158.0,서울 송파구,2,2026-08-01 02:44:01
일자리 친화,대한민국일자리으뜸기업,주식회사 블랙홀릭,도매 및 소매업,소매업; 자동차 제외,,,서울 강서구,0,2026-08-01 02:44:01
일자리 친화,노사문화우수기업,(주)삼우에프앤지,운수 및 창고업,육상운송 및 파이프라인 운송업,중견기업,312.0,경기 용인시 수지구,146,2026-08-01 02:44:01
일자리 친화,대한민국일자리으뜸기업,㈜한승항만물류산업,운수 및 창고업,육상운송 및 파이프라인 운송업,중소기업,488.0,부산 남구,50,2026-08-01 02:44:01
일자리 친화,인재육성형중소기업,경동물류㈜,운수 및 창고업,육상운송 및 파이프라인 운송업,중소기업,85.0,경기 김포시,21,2026-08-01 02:44:01
일자리 친화,근무혁신 우수기업,오뚜기물류서비스(주),운수 및 창고업,창고 및 운송관련 서비스업,중견기업,568.0,경기 용인시 처인구,193,2026-08-01 02:44:01
일자리 친화,대한민국일자리으뜸기업,한국로지스풀(주),운수 및 창고업,창고 및 운송관련 서비스업,중견기업,401.0,서울 마포구,97,2026-08-01 02:44:01
일자리 친화,대한민국일자리으뜸기업,㈜해우지엘에스,운수 및 창고업,창고 및 운송관련 서비스업,중소기업,650.0,서울 강서구,69,2026-08-01 02:44:01
일자리 친화,근무혁신 우수기업,관세법인에이원,운수 및 창고업,창고 및 운송관련 서비스업,중소기업,250.0,서울 강남구,11,2026-08-01 02:44:01
일자리 친화,인재육성형중소기업,(주)비앤피주성,운수 및 창고업,창고 및 운송관련 서비스업,중견기업,64.0,서울 중구,2,2026-08-01 02:44:01
일자리 친화,인재육성형중소기업,한일국제(주),운수 및 창고업,창고 및 운송관련 서비스업,중소기업,13.0,부산 중구,1,2026-08-01 02:44:01
일자리 친화,근무혁신 우수기업,(주)아주호텔서교,숙박 및 음식점업,숙박업,중소기업,112.0,서울 마포구,8,2026-08-01 02:44:01
일자리 친화,인재육성형중소기업,(주)한국직업개발원,정보통신업,출판업,중소기업,67.0,서울 성동구,46,2026-08-01 02:44:01
일자리 친화,인재육성형중소기업,이앤디일렉트릭(주),정보통신업,출판업,중소기업,17.0,,41,2026-08-01 02:44:01
일자리 친화,인재육성형중소기업,(주)플랜아이,정보통신업,출판업,중소기업,119.0,대전 유성구,28,2026-08-01 02:44:01
일자리 친화,근무혁신 우수기업,(주)니트머스,정보통신업,출판업,중소기업,28.0,서울 영등포구,21,2026-08-01 02:44:01
일자리 친화,인재육성형중소기업,(주)유앤피플,정보통신업,출판업,중소기업,38.0,서울 구로구,19,2026-08-01 02:44:01
일자리 친화,인재육성형중소기업,㈜크래비스,정보통신업,출판업,중소기업,127.0,경기 용인시 기흥구,17,2026-08-01 02:44:01
일자리 친화,인재육성형중소기업,(주)네비웍스,정보통신업,출판업,중소기업,110.0,경기 안양시 동안구,17,2026-08-01 02:44:01
일자리 친화,근무혁신 우수기업,주식회사 워로브라더스,정보통신업,출판업,중소기업,24.0,경기 하남시,17,2026-08-01 02:44:01
일자리 친화,대한민국일자리으뜸기업,오케스트로주식회사,정보통신업,출판업,중소기업,626.0,서울 영등포구,15,2026-08-01 02:44:01
일자리 친화,인재육성형중소기업,(주)플래티어,정보통신업,출판업,중소기업,294.0,서울 송파구,13,2026-08-01 02:44:01
일자리 친화,인재육성형중소기업,핌즈(주),정보통신업,출판업,중소기업,89.0,서울 중랑구,13,2026-08-01 02:44:01
일자리 친화,인재육성형중소기업,지니언스(주),정보통신업,출판업,중소기업,215.0,경기 안양시 동안구,12,2026-08-01 02:44:01
일자리 친화,대한민국일자리으뜸기업,알서포트주식회사,정보통신업,출판업,중소기업,287.0,서울 송파구,12,2026-08-01 02:44:01
일자리 친화,인재육성형중소기업,(주)휴노,정보통신업,출판업,중소기업,225.0,서울 마포구,11,2026-08-01 02:44:01
일자리 친화,대한민국일자리으뜸기업,(주)다산북스,정보통신업,출판업,중소기업,141.0,경기 파주시,11,2026-08-01 02:44:01
일자리 친화,근무혁신 우수기업,엠아이큐브솔루션 주식회사,정보통신업,출판업,중소기업,253.0,서울 서초구,11,2026-08-01 02:44:01
일자리 친화,인재육성형중소기업,(주)유비씨,정보통신업,출판업,중소기업,49.0,경기 안양시 동안구,10,2026-08-01 02:44:01
일자리 친화,인재육성형중소기업,이지케어텍㈜,정보통신업,출판업,중소기업,495.0,서울 중구,9,2026-08-01 02:44:01
일자리 친화,인재육성형중소기업,(주)대흥정보,정보통신업,출판업,중소기업,90.0,서울 영등포구,9,2026-08-01 02:44:01
일자리 친화,인재육성형중소기업,지엔소프트㈜,정보통신업,출판업,중소기업,108.0,대전 서구,7,2026-08-01 02:44:01
일자리 친화,인재육성형중소기업,(주)아와소프트,정보통신업,출판업,중소기업,48.0,경기 성남시 수정구,7,2026-08-01 02:44:01
일자리 친화,대한민국일자리으뜸기업,주식회사 아이티아이즈,정보통신업,출판업,중소기업,292.0,서울 영등포구,7,2026-08-01 02:44:01
일자리 친화,근무혁신 우수기업,주식회사 아이티팩토리,정보통신업,출판업,중소기업,11.0,대구 중구,6,2026-08-01 02:44:01
일자리 친화,근무혁신 우수기업,(주)지니소프트,정보통신업,출판업,중소기업,16.0,,6,2026-08-01 02:44:01
일자리 친화,근무혁신 우수기업,주식회사 코리아로지스,정보통신업,출판업,중소기업,18.0,서울 금천구,5,2026-08-01 02:44:01
일자리 친화,인재육성형중소기업,(주)에어코드,정보통신업,출판업,중견기업,49.0,서울 금천구,5,2026-08-01 02:44:01
일자리 친화,인재육성형중소기업,몬드리안에이아이㈜,정보통신업,출판업,중소기업,40.0,인천 연수구,5,2026-08-01 02:44:01
일자리 친화,인재육성형중소기업,(주)디에스티인터내셔날,정보통신업,출판업,중소기업,107.0,서울 금천구,5,2026-08-01 02:44:01
일자리 친화,인재육성형중소기업,(주)에스티에이테스팅컨설팅,정보통신업,출판업,중소기업,146.0,서울 강남구,5,2026-08-01 02:44:01
일자리 친화,근무혁신 우수기업,다공에스앤티 주식회사,정보통신업,출판업,중소기업,,,5,2026-08-01 02:44:01
일자리 친화,인재육성형중소기업,(주)파인브이티,정보통신업,출판업,중소기업,25.0,경기 안양시 동안구,4,2026-08-01 02:44:01
일자리 친화,인재육성형중소기업,(주)아이비에스,정보통신업,출판업,중소기업,48.0,대전 유성구,4,2026-08-01 02:44:01
일자리 친화,인재육성형중소기업,(주)썬더소프트코리아,정보통신업,출판업,중견기업,250.0,경기 성남시 분당구,4,2026-08-01 02:44:01
일자리 친화,인재육성형중소기업,(주)대유넥스티어,정보통신업,출판업,중소기업,150.0,서울 성동구,4,2026-08-01 02:44:01
일자리 친화,대한민국일자리으뜸기업,주식회사 스푼라디오,정보통신업,출판업,중소기업,176.0,서울 강남구,4,2026-08-01 02:44:01
일자리 친화,인재육성형중소기업,(주)디리아,정보통신업,출판업,중소기업,86.0,서울 서초구,4,2026-08-01 02:44:01
일자리 친화,인재육성형중소기업,(주)와치텍,정보통신업,출판업,중소기업,136.0,서울 영등포구,4,2026-08-01 02:44:01
일자리 친화,인재육성형중소기업,비젠트로(주),정보통신업,출판업,중소기업,181.0,경기 성남시 분당구,3,2026-08-01 02:44:01
일자리 친화,근무혁신 우수기업,(주)케이지이니시스,정보통신업,출판업,중견기업,215.0,서울 중구,3,2026-08-01 02:44:01
일자리 친화,근무혁신 우수기업,(주)대교씨엔에스,정보통신업,출판업,중소기업,142.0,서울 관악구,3,2026-08-01 02:44:01
일자리 친화,근무혁신 우수기업,주식회사 스칼라웍스,정보통신업,출판업,중소기업,19.0,서울 금천구,3,2026-08-01 02:44:01
일자리 친화,인재육성형중소기업,(주)호디,정보통신업,출판업,중소기업,20.0,서울 강서구,3,2026-08-01 02:44:01
일자리 친화,인재육성형중소기업,(주)와이즈테크놀로지,정보통신업,출판업,중소기업,26.0,대전 유성구,3,2026-08-01 02:44:01
일자리 친화,근무혁신 우수기업,(주)위치스,정보통신업,출판업,중소기업,38.0,,3,2026-08-01 02:44:01
일자리 친화,인재육성형중소기업,(주)투비원솔루션즈,정보통신업,출판업,중소기업,27.0,서울 송파구,3,2026-08-01 02:44:01
일자리 친화,근무혁신 우수기업,(주)비즈니스온커뮤니케이션,정보통신업,출판업,중소기업,112.0,서울 강남구,3,2026-08-01 02:44:01
일자리 친화,인재육성형중소기업,(주)씨드시스템,정보통신업,출판업,중소기업,10.0,부산 해운대구,2,2026-08-01 02:44:01
일자리 친화,인재육성형중소기업,(주)시큐에버,정보통신업,출판업,중소기업,4.0,서울 송파구,2,2026-08-01 02:44:01
일자리 친화,인재육성형중소기업,(주)싸인랩,정보통신업,출판업,중소기업,7.0,부산 부산진구,1,2026-08-01 02:44:01
일자리 친화,인재육성형중소기업,㈜와탭랩스,정보통신업,출판업,중소기업,88.0,서울 서초구,1,2026-08-01 02:44:01
일자리 친화,인재육성형중소기업,(주)이젬코,정보통신업,출판업,중소기업,31.0,서울 성동구,1,2026-08-01 02:44:01
일자리 친화,인재육성형중소기업,(주)블록체인글로벌,정보통신업,출판업,중소기업,7.0,서울 영등포구,1,2026-08-01 02:44:01
일자리 친화,근무혁신 우수기업,라미랩 주식회사,정보통신업,출판업,중소기업,21.0,대전 유성구,1,2026-08-01 02:44:01
일자리 친화,근무혁신 우수기업,아토리서치,정보통신업,출판업,중소기업,23.0,서울 서초구,1,2026-08-01 02:44:01
일자리 친화,인재육성형중소기업,(주)닥터송,정보통신업,출판업,중소기업,24.0,서울 강서구,1,2026-08-01 02:44:01
일자리 친화,인재육성형중소기업,(주)더즌,정보통신업,출판업,중소기업,146.0,서울 서초구,1,2026-08-01 02:44:01
일자리 친화,인재육성형중소기업,(주)아이온커뮤니케이션즈,정보통신업,출판업,중소기업,77.0,서울 강남구,1,2026-08-01 02:44:01
일자리 친화,인재육성형중소기업,(주)뉴지스탁,정보통신업,출판업,중견기업,,서울 영등포구,1,2026-08-01 02:44:01
일자리 친화,인재육성형중소기업,(주)이노룰스,정보통신업,출판업,중소기업,150.0,서울 송파구,1,2026-08-01 02:44:01
일자리 친화,인재육성형중소기업,쿤텍㈜,정보통신업,출판업,중소기업,79.0,경기 성남시 수정구,1,2026-08-01 02:44:01
일자리 친화,근무혁신 우수기업,(주)웹젠레드코어,정보통신업,출판업,중견기업,61.0,경기 성남시 분당구,0,2026-08-01 02:44:01
일자리 친화,근무혁신 우수기업,(주)그라비티네오싸이언,정보통신업,출판업,중견기업,130.0,서울 마포구,0,2026-08-01 02:44:01
일자리 친화,근무혁신 우수기업,(주)제타럭스시스템,정보통신업,출판업,,,경기 성남시 수정구,0,2026-08-01 02:44:01
일자리 친화,인재육성형중소기업,(주)이즈파크,정보통신업,출판업,,214.0,서울 금천구,0,2026-08-01 02:44:01
일자리 친화,인재육성형중소기업,(주)버드핸드,정보통신업,출판업,,,서울 강남구,0,2026-08-01 02:44:01
일자리 친화,인재육성형중소기업,(주)경원테크,정보통신업,출판업,,,경기 성남시 분당구,0,2026-08-01 02:44:01
일자리 친화,인재육성형중소기업,엔에스원소프트(주),정보통신업,출판업,중소기업,28.0,서울 강남구,0,2026-08-01 02:44:01
일자리 친화,인재육성형중소기업,(주)부뜰정보시스템,정보통신업,출판업,중소기업,165.0,서울 영등포구,0,2026-08-01 02:44:01
일자리 친화,인재육성형중소기업,(주)쿼렌시스,정보통신업,출판업,중소기업,6.0,서울 성동구,0,2026-08-01 02:44:01
일자리 친화,인재육성형중소기업,코드크레인(유),정보통신업,출판업,중소기업,,서울 광진구,0,2026-08-01 02:44:01
일자리 친화,근무혁신 우수기업,주식회사 이지서티,정보통신업,출판업,,,서울 강남구,0,2026-08-01 02:44:01
일자리 친화,근무혁신 우수기업,주식회사 딥비전스,정보통신업,출판업,,,서울 성동구,0,2026-08-01 02:44:01
일자리 친화,근무혁신 우수기업,세이지리서치 주식회사,정보통신업,출판업,중소기업,48.0,서울 서초구,0,2026-08-01 02:44:01
일자리 친화,인재육성형중소기업,(주)진승정보기술,정보통신업,출판업,중소기업,23.0,서울 강서구,0,2026-08-01 02:44:01
일자리 친화,인재육성형중소기업,(주)오픈잇,정보통신업,출판업,중소기업,47.0,서울 성동구,0,2026-08-01 02:44:01
일자리 친화,인재육성형중소기업,롱테일(주),정보통신업,출판업,중소기업,9.0,서울 마포구,0,2026-08-01 02:44:01
일자리 친화,근무혁신 우수기업,주식회사 액시스소프트,정보통신업,출판업,중소기업,18.0,서울 강남구,0,2026-08-01 02:44:01
일자리 친화,인재육성형중소기업,(주)미니소프트,정보통신업,출판업,중소기업,40.0,서울 서초구,0,2026-08-01 02:44:01
일자리 친화,근무혁신 우수기업,(주)대호아이앤티,정보통신업,출판업,,,경남 창원시 마산회원구,0,2026-08-01 02:44:01
일자리 친화,대한민국일자리으뜸기업,(주)원티드랩,정보통신업,출판업,중소기업,175.0,서울 송파구,0,2026-08-01 02:44:01
일자리 친화,인재육성형중소기업,(주)에스알포스트,정보통신업,출판업,,,서울 구로구,0,2026-08-01 02:44:01
일자리 친화,인재육성형중소기업,(주)골든플래닛,정보통신업,출판업,,,서울 강남구,0,2026-08-01 02:44:01
일자리 친화,인재육성형중소기업,(주)제니스에스티,정보통신업,출판업,중소기업,9.0,서울 금천구,0,2026-08-01 02:44:01
일자리 친화,대한민국일자리으뜸기업,주식회사 웨스트월드,정보통신업,영상ㆍ오디오 기록물 제작 및 배급업,중소기업,210.0,경기 고양시 일산서구,13,2026-08-01 02:44:01
일자리 친화,근무혁신 우수기업,케이비에스미디어 주식회사,정보통신업,영상ㆍ오디오 기록물 제작 및 배급업,중견기업,227.0,서울 마포구,6,2026-08-01 02:44:01
일자리 친화,인재육성형중소기업,(주)스튜디오에피소드,정보통신업,영상ㆍ오디오 기록물 제작 및 배급업,중소기업,151.0,서울 강남구,0,2026-08-01 02:44:01
일자리 친화,근무혁신 우수기업,(주)재담미디어,정보통신업,영상ㆍ오디오 기록물 제작 및 배급업,,,서울 마포구,0,2026-08-01 02:44:01
일자리 친화,대한민국일자리으뜸기업,(주)한국정보기술단,정보통신업,"컴퓨터 프로그래밍, 시스템 통합 및 관리업",중소기업,438.0,경기 과천시,85,2026-08-01 02:44:01
일자리 친화,인재육성형중소기업,㈜님버스네트웍스,정보통신업,"컴퓨터 프로그래밍, 시스템 통합 및 관리업",중소기업,32.0,서울 구로구,12,2026-08-01 02:44:01
일자리 친화,인재육성형중소기업,(주)앰진,정보통신업,"컴퓨터 프로그래밍, 시스템 통합 및 관리업",중소기업,19.0,서울 송파구,11,2026-08-01 02:44:01
일자리 친화,인재육성형중소기업,(주)피플인소프트,정보통신업,"컴퓨터 프로그래밍, 시스템 통합 및 관리업",중소기업,31.0,세종,7,2026-08-01 02:44:01
일자리 친화,인재육성형중소기업,(주)시선아이티,정보통신업,"컴퓨터 프로그래밍, 시스템 통합 및 관리업",중소기업,63.0,경남 김해시,5,2026-08-01 02:44:01
일자리 친화,인재육성형중소기업,파콤(주),정보통신업,"컴퓨터 프로그래밍, 시스템 통합 및 관리업",중소기업,8.0,경기 수원시 장안구,4,2026-08-01 02:44:01
일자리 친화,인재육성형중소기업,인포그랩(유),정보통신업,"컴퓨터 프로그래밍, 시스템 통합 및 관리업",중소기업,7.0,경기 성남시 분당구,3,2026-08-01 02:44:01
일자리 친화,인재육성형중소기업,(주)넷츠,정보통신업,"컴퓨터 프로그래밍, 시스템 통합 및 관리업",중소기업,135.0,서울 강남구,2,2026-08-01 02:44:01
일자리 친화,근무혁신 우수기업,주식회사 데이터마케팅코리아,정보통신업,"컴퓨터 프로그래밍, 시스템 통합 및 관리업",중소기업,50.0,서울 강남구,2,2026-08-01 02:44:01
일자리 친화,인재육성형중소기업,(주)인정보,정보통신업,"컴퓨터 프로그래밍, 시스템 통합 및 관리업",중소기업,21.0,서울 금천구,1,2026-08-01 02:44:01
일자리 친화,근무혁신 우수기업,주식회사 매쓰홀릭,정보통신업,"컴퓨터 프로그래밍, 시스템 통합 및 관리업",중소기업,42.0,서울 서초구,1,2026-08-01 02:44:01
일자리 친화,대한민국일자리으뜸기업,(주)디케이비엠시,정보통신업,"컴퓨터 프로그래밍, 시스템 통합 및 관리업",중소기업,285.0,서울 강남구,1,2026-08-01 02:44:01
일자리 친화,인재육성형중소기업,(주)유씨웨어,정보통신업,"컴퓨터 프로그래밍, 시스템 통합 및 관리업",중소기업,22.0,경기 성남시 수정구,1,2026-08-01 02:44:01
일자리 친화,인재육성형중소기업,(주)세미콜론즈,정보통신업,"컴퓨터 프로그래밍, 시스템 통합 및 관리업",중소기업,14.0,부산 금정구,0,2026-08-01 02:44:01
일자리 친화,인재육성형중소기업,㈜아티젠스페이스,정보통신업,"컴퓨터 프로그래밍, 시스템 통합 및 관리업",중소기업,16.0,서울 강남구,0,2026-08-01 02:44:01
일자리 친화,인재육성형중소기업,(주)포엠에스,정보통신업,"컴퓨터 프로그래밍, 시스템 통합 및 관리업",중소기업,25.0,서울 영등포구,0,2026-08-01 02:44:01
일자리 친화,인재육성형중소기업,(주)비멕스,정보통신업,"컴퓨터 프로그래밍, 시스템 통합 및 관리업",중소기업,8.0,부산 금정구,0,2026-08-01 02:44:01
일자리 친화,인재육성형중소기업,(주)포에스텍,정보통신업,"컴퓨터 프로그래밍, 시스템 통합 및 관리업",,,,0,2026-08-01 02:44:01
일자리 친화,인재육성형중소기업,(주)휴넷,정보통신업,정보서비스업,중소기업,369.0,서울 구로구,50,2026-08-01 02:44:01
일자리 친화,근무혁신 우수기업,㈜윕스,정보통신업,정보서비스업,중소기업,340.0,서울 마포구,28,2026-08-01 02:44:01
일자리 친화,대한민국일자리으뜸기업,(주)키다리스튜디오,정보통신업,정보서비스업,대기업,285.0,서울 성동구,23,2026-08-01 02:44:01
일자리 친화,인재육성형중소기업,(주)조인트리,정보통신업,정보서비스업,중소기업,207.0,,11,2026-08-01 02:44:01
일자리 친화,인재육성형중소기업,럽디(주),정보통신업,정보서비스업,중소기업,32.0,서울 관악구,10,2026-08-01 02:44:01
일자리 친화,인재육성형중소기업,(주)여기어때컴퍼니,정보통신업,정보서비스업,중견기업,635.0,서울 강남구,8,2026-08-01 02:44:01
일자리 친화,대한민국일자리으뜸기업,주식회사 브랜드엑스코퍼레이션,정보통신업,정보서비스업,중견기업,215.0,서울 성동구,8,2026-08-01 02:44:01
일자리 친화,근무혁신 우수기업,(주)아이템베이,정보통신업,정보서비스업,중소기업,26.0,서울 양천구,4,2026-08-01 02:44:01
일자리 친화,근무혁신 우수기업,(주)에프앤자산평가,정보통신업,정보서비스업,중소기업,105.0,서울 강서구,2,2026-08-01 02:44:01
일자리 친화,인재육성형중소기업,(주)코리아메디케어,정보통신업,정보서비스업,중소기업,31.0,서울 중구,1,2026-08-01 02:44:01
일자리 친화,근무혁신 우수기업,엠스토리허브,정보통신업,정보서비스업,중소기업,75.0,서울 금천구,1,2026-08-01 02:44:01
일자리 친화,인재육성형중소기업,(주)인사이터,정보통신업,정보서비스업,중소기업,,서울 마포구,1,2026-08-01 02:44:01
일자리 친화,인재육성형중소기업,하이브레인넷,정보통신업,정보서비스업,,,경남 창원시 의창구,0,2026-08-01 02:44:01
일자리 친화,근무혁신 우수기업,세이프닥,정보통신업,정보서비스업,,,서울 강남구,0,2026-08-01 02:44:01
일자리 친화,근무혁신 우수기업,(주)센트비,금융 및 보험업,금융 및 보험 관련 서비스업,중소기업,148.0,부산 해운대구,3,2026-08-01 02:44:01
일자리 친화,노사문화우수기업,주식회사 젠스타메이트,부동산업,부동산업,중소기업,176.0,서울 중구,6,2026-08-01 02:44:01
일자리 친화,인재육성형중소기업,(주)케이에스메이트,"사업시설 관리, 사업 지원 및 임대 서비스업",사업시설 관리 및 조경 서비스업,중견기업,2116.0,서울 용산구,465,2026-08-01 02:44:01
일자리 친화,인재육성형중소기업,(주)위더스,"사업시설 관리, 사업 지원 및 임대 서비스업",사업지원 서비스업,중소기업,160.0,울산 남구,291,2026-08-01 02:44:01
일자리 친화,인재육성형중소기업,(주)아정네트웍스,"사업시설 관리, 사업 지원 및 임대 서비스업",사업지원 서비스업,중소기업,76.0,부산 북구,67,2026-08-01 02:44:01
일자리 친화,근무혁신 우수기업,주식회사 스마트콘,"사업시설 관리, 사업 지원 및 임대 서비스업",사업지원 서비스업,중소기업,44.0,서울 강남구,0,2026-08-01 02:44:01
일자리 친화,인재육성형중소기업,(주)성지제강,"사업시설 관리, 사업 지원 및 임대 서비스업",임대업; 부동산 제외,중소기업,93.0,서울 서초구,16,2026-08-01 02:44:01
일자리 친화,근무혁신 우수기업,러닝플러스 주식회사,교육 서비스업,교육 서비스업,중소기업,11.0,부산 부산진구,68,2026-08-01 02:44:01
일자리 친화,근무혁신 우수기업,주식회사 채움플러스,교육 서비스업,교육 서비스업,중소기업,19.0,충북 청주시 상당구,45,2026-08-01 02:44:01
일자리 친화,인재육성형중소기업,(주)인프랩,교육 서비스업,교육 서비스업,중소기업,80.0,경기 성남시 분당구,4,2026-08-01 02:44:01
일자리 친화,대한민국일자리으뜸기업,광주병원,보건업 및 사회복지 서비스업,보건업,중소기업,289.0,,56,2026-08-01 02:44:01
일자리 친화,대한민국일자리으뜸기업,참조은병원,보건업 및 사회복지 서비스업,보건업,중소기업,,경기 광주시,49,2026-08-01 02:44:01
일자리 친화,대한민국일자리으뜸기업,한일병원,보건업 및 사회복지 서비스업,보건업,,,경남 진주시,0,2026-08-01 02:44:01
일자리 친화,근무혁신 우수기업,라이브치과병원,보건업 및 사회복지 서비스업,보건업,,,서울 강남구,0,2026-08-01 02:44:01
일자리 친화,대한민국일자리으뜸기업,부천우리병원,보건업 및 사회복지 서비스업,보건업,,,경기 부천시 오정구,0,2026-08-01 02:44:01
일자리 친화,근무혁신 우수기업,행복다문화협동조합,"협회 및 단체, 수리 및 기타 개인 서비스업",기타 개인 서비스업,중소기업,,경남 창원시 의창구,14,2026-08-01 02:44:01
기술력 우수,기술혁신형 중소기업(이노비즈),강산이야기영농조합법인,"농업, 임업 및 어업",농업,중소기업,20.0,,11,2026-08-01 02:44:01
기술력 우수,기술혁신형 중소기업(이노비즈),(주)농업회사법인신금,"농업, 임업 및 어업",농업,중소기업,71.0,경기 과천시,6,2026-08-01 02:44:01
기술력 우수,기술혁신형 중소기업(이노비즈),농업회사법인 대일국제종묘 주식회사,"농업, 임업 및 어업",농업,중소기업,11.0,전북 김제시,3,2026-08-01 02:44:01
기술력 우수,기술혁신형 중소기업(이노비즈),주식회사 농업회사법인 구쁘,"농업, 임업 및 어업",농업,,,,0,2026-08-01 02:44:01
기술력 우수,기술혁신형 중소기업(이노비즈),에너원(주),"전기, 가스, 증기 및 공기조절 공급업","전기, 가스, 증기 및 공기조절 공급업",중소기업,39.0,전북 군산시,29,2026-08-01 02:44:01
기술력 우수,기술혁신형 중소기업(이노비즈),주식회사케이디솔라,"전기, 가스, 증기 및 공기조절 공급업","전기, 가스, 증기 및 공기조절 공급업",중소기업,,경기 포천시,17,2026-08-01 02:44:01
기술력 우수,기술혁신형 중소기업(이노비즈),주식회사에버온,"전기, 가스, 증기 및 공기조절 공급업","전기, 가스, 증기 및 공기조절 공급업",중소기업,66.0,서울 중구,11,2026-08-01 02:44:01
기술력 우수,기술혁신형 중소기업(이노비즈),(주)코라솔,"전기, 가스, 증기 및 공기조절 공급업","전기, 가스, 증기 및 공기조절 공급업",중소기업,152.0,서울 동대문구,5,2026-08-01 02:44:01
기술력 우수,기술혁신형 중소기업(이노비즈),주식회사 대신환경기술,"수도, 하수 및 폐기물 처리, 원료 재생업","하수, 폐수 및 분뇨 처리업",중소기업,161.0,경기 용인시 기흥구,83,2026-08-01 02:44:01
기술력 우수,기술혁신형 중소기업(이노비즈),대양엔바이오(주),"수도, 하수 및 폐기물 처리, 원료 재생업","하수, 폐수 및 분뇨 처리업",중소기업,244.0,서울 강남구,18,2026-08-01 02:44:01
기술력 우수,기술혁신형 중소기업(이노비즈),(주)에이치엔,"수도, 하수 및 폐기물 처리, 원료 재생업","하수, 폐수 및 분뇨 처리업",중소기업,54.0,경기 안산시 단원구,10,2026-08-01 02:44:01
기술력 우수,기술혁신형 중소기업(이노비즈),미래E비젼,"수도, 하수 및 폐기물 처리, 원료 재생업","하수, 폐수 및 분뇨 처리업",,,,0,2026-08-01 02:44:01
기술력 우수,기술혁신형 중소기업(이노비즈),인바이오텍(주),"수도, 하수 및 폐기물 처리, 원료 재생업","폐기물 수집, 운반, 처리 및 원료 재생업",중소기업,79.0,경기 안산시 상록구,130,2026-08-01 02:44:01
기술력 우수,기술혁신형 중소기업(이노비즈),(주)엔아이티,"수도, 하수 및 폐기물 처리, 원료 재생업","폐기물 수집, 운반, 처리 및 원료 재생업",중소기업,105.0,전북 군산시,95,2026-08-01 02:44:01
기술력 우수,기술혁신형 중소기업(이노비즈),(주)에스쓰리알,"수도, 하수 및 폐기물 처리, 원료 재생업","폐기물 수집, 운반, 처리 및 원료 재생업",중소기업,73.0,인천 남동구,89,2026-08-01 02:44:01
기술력 우수,기술혁신형 중소기업(이노비즈),(주)대한실업,"수도, 하수 및 폐기물 처리, 원료 재생업","폐기물 수집, 운반, 처리 및 원료 재생업",중소기업,326.0,대구 달서구,84,2026-08-01 02:44:01
기술력 우수,기술혁신형 중소기업(이노비즈),(주)한진산업,"수도, 하수 및 폐기물 처리, 원료 재생업","폐기물 수집, 운반, 처리 및 원료 재생업",중소기업,52.0,경기 남양주시,62,2026-08-01 02:44:01
기술력 우수,기술혁신형 중소기업(이노비즈),주식회사 비앤비스틸,"수도, 하수 및 폐기물 처리, 원료 재생업","폐기물 수집, 운반, 처리 및 원료 재생업",중견기업,45.0,경북 포항시 남구,58,2026-08-01 02:44:01
기술력 우수,기술혁신형 중소기업(이노비즈),(주)이알지서비스,"수도, 하수 및 폐기물 처리, 원료 재생업","폐기물 수집, 운반, 처리 및 원료 재생업",중소기업,39.0,인천 남동구,56,2026-08-01 02:44:01
기술력 우수,기술혁신형 중소기업(이노비즈),(유)남해환경,"수도, 하수 및 폐기물 처리, 원료 재생업","폐기물 수집, 운반, 처리 및 원료 재생업",중소기업,28.0,,55,2026-08-01 02:44:01
기술력 우수,기술혁신형 중소기업(이노비즈),대일개발(주),"수도, 하수 및 폐기물 처리, 원료 재생업","폐기물 수집, 운반, 처리 및 원료 재생업",중소기업,100.0,경기 안산시 단원구,49,2026-08-01 02:44:01
기술력 우수,기술혁신형 중소기업(이노비즈),(주)씨.에스,"수도, 하수 및 폐기물 처리, 원료 재생업","폐기물 수집, 운반, 처리 및 원료 재생업",중소기업,38.0,경기 연천군,49,2026-08-01 02:44:01
기술력 우수,기술혁신형 중소기업(이노비즈),주식회사 에스엠테크,"수도, 하수 및 폐기물 처리, 원료 재생업","폐기물 수집, 운반, 처리 및 원료 재생업",중소기업,45.0,경기 평택시,45,2026-08-01 02:44:01
기술력 우수,기술혁신형 중소기업(이노비즈),주식회사 알엠,"수도, 하수 및 폐기물 처리, 원료 재생업","폐기물 수집, 운반, 처리 및 원료 재생업",중소기업,168.0,경기 오산시,41,2026-08-01 02:44:01
기술력 우수,기술혁신형 중소기업(이노비즈),우진환경개발(주),"수도, 하수 및 폐기물 처리, 원료 재생업","폐기물 수집, 운반, 처리 및 원료 재생업",중소기업,75.0,충북 청주시 청원구,40,2026-08-01 02:44:01
기술력 우수,기술혁신형 중소기업(이노비즈),하나케이(주),"수도, 하수 및 폐기물 처리, 원료 재생업","폐기물 수집, 운반, 처리 및 원료 재생업",중소기업,63.0,경기 이천시,36,2026-08-01 02:44:01
기술력 우수,기술혁신형 중소기업(이노비즈),동부이엔티(주),"수도, 하수 및 폐기물 처리, 원료 재생업","폐기물 수집, 운반, 처리 및 원료 재생업",중소기업,39.0,경기 안성시,34,2026-08-01 02:44:01
기술력 우수,기술혁신형 중소기업(이노비즈),우광개발(주),"수도, 하수 및 폐기물 처리, 원료 재생업","폐기물 수집, 운반, 처리 및 원료 재생업",중소기업,83.0,경기 부천시,31,2026-08-01 02:44:01
기술력 우수,기술혁신형 중소기업(이노비즈),자연환경 주식회사,"수도, 하수 및 폐기물 처리, 원료 재생업","폐기물 수집, 운반, 처리 및 원료 재생업",중소기업,10.0,,29,2026-08-01 02:44:01
기술력 우수,기술혁신형 중소기업(이노비즈),두제산업개발(주),"수도, 하수 및 폐기물 처리, 원료 재생업","폐기물 수집, 운반, 처리 및 원료 재생업",중소기업,40.0,충북 청주시 서원구,27,2026-08-01 02:44:01
기술력 우수,기술혁신형 중소기업(이노비즈),(주)대원농산,"수도, 하수 및 폐기물 처리, 원료 재생업","폐기물 수집, 운반, 처리 및 원료 재생업",중소기업,23.0,충북 괴산군,25,2026-08-01 02:44:01
기술력 우수,기술혁신형 중소기업(이노비즈),부경산업(주),"수도, 하수 및 폐기물 처리, 원료 재생업","폐기물 수집, 운반, 처리 및 원료 재생업",중소기업,46.0,경기 안산시 단원구,25,2026-08-01 02:44:01
기술력 우수,기술혁신형 중소기업(이노비즈),(주)동양환경,"수도, 하수 및 폐기물 처리, 원료 재생업","폐기물 수집, 운반, 처리 및 원료 재생업",중소기업,103.0,대전 대덕구,23,2026-08-01 02:44:01
기술력 우수,기술혁신형 중소기업(이노비즈),대길환경 주식회사,"수도, 하수 및 폐기물 처리, 원료 재생업","폐기물 수집, 운반, 처리 및 원료 재생업",중소기업,70.0,충남 공주시,23,2026-08-01 02:44:01
기술력 우수,기술혁신형 중소기업(이노비즈),대한이앤이 주식회사,"수도, 하수 및 폐기물 처리, 원료 재생업","폐기물 수집, 운반, 처리 및 원료 재생업",중소기업,24.0,전북 군산시,21,2026-08-01 02:44:01
기술력 우수,기술혁신형 중소기업(이노비즈),더블유아이케이 주식회사,"수도, 하수 및 폐기물 처리, 원료 재생업","폐기물 수집, 운반, 처리 및 원료 재생업",중소기업,40.0,충남 홍성군,19,2026-08-01 02:44:01
기술력 우수,기술혁신형 중소기업(이노비즈),산양환경산업 주식회사,"수도, 하수 및 폐기물 처리, 원료 재생업","폐기물 수집, 운반, 처리 및 원료 재생업",중소기업,23.0,경기 양주시,19,2026-08-01 02:44:01
기술력 우수,기술혁신형 중소기업(이노비즈),주식회사 광메탈,"수도, 하수 및 폐기물 처리, 원료 재생업","폐기물 수집, 운반, 처리 및 원료 재생업",중소기업,76.0,충북 음성군,17,2026-08-01 02:44:01
기술력 우수,기술혁신형 중소기업(이노비즈),천지환경(주),"수도, 하수 및 폐기물 처리, 원료 재생업","폐기물 수집, 운반, 처리 및 원료 재생업",중소기업,27.0,,17,2026-08-01 02:44:01
기술력 우수,기술혁신형 중소기업(이노비즈),대성산기(주),"수도, 하수 및 폐기물 처리, 원료 재생업","폐기물 수집, 운반, 처리 및 원료 재생업",중소기업,9.0,경기 양주시,16,2026-08-01 02:44:01
기술력 우수,기술혁신형 중소기업(이노비즈),주식회사 코레코,"수도, 하수 및 폐기물 처리, 원료 재생업","폐기물 수집, 운반, 처리 및 원료 재생업",중소기업,36.0,경남 진주시,16,2026-08-01 02:44:01
기술력 우수,기술혁신형 중소기업(이노비즈),광일토건환경(주),"수도, 하수 및 폐기물 처리, 원료 재생업","폐기물 수집, 운반, 처리 및 원료 재생업",중소기업,40.0,경기 용인시 처인구,16,2026-08-01 02:44:01
기술력 우수,기술혁신형 중소기업(이노비즈),주식회사엘디카본,"수도, 하수 및 폐기물 처리, 원료 재생업","폐기물 수집, 운반, 처리 및 원료 재생업",중소기업,109.0,경북 김천시,15,2026-08-01 02:44:01
기술력 우수,기술혁신형 중소기업(이노비즈),(주)진흥중공업,"수도, 하수 및 폐기물 처리, 원료 재생업","폐기물 수집, 운반, 처리 및 원료 재생업",중소기업,33.0,경기 화성시,13,2026-08-01 02:44:01
기술력 우수,기술혁신형 중소기업(이노비즈),(주)한동알앤씨,"수도, 하수 및 폐기물 처리, 원료 재생업","폐기물 수집, 운반, 처리 및 원료 재생업",중소기업,22.0,경북 포항시 북구,13,2026-08-01 02:44:01
기술력 우수,기술혁신형 중소기업(이노비즈),(주)지솔알이에이치,"수도, 하수 및 폐기물 처리, 원료 재생업","폐기물 수집, 운반, 처리 및 원료 재생업",중소기업,30.0,경기 용인시 처인구,13,2026-08-01 02:44:01
기술력 우수,기술혁신형 중소기업(이노비즈),주식회사대흥환경산업,"수도, 하수 및 폐기물 처리, 원료 재생업","폐기물 수집, 운반, 처리 및 원료 재생업",중소기업,18.0,경북 안동시,11,2026-08-01 02:44:01
기술력 우수,기술혁신형 중소기업(이노비즈),(주)세영,"수도, 하수 및 폐기물 처리, 원료 재생업","폐기물 수집, 운반, 처리 및 원료 재생업",중소기업,19.0,경북 경주시,10,2026-08-01 02:44:01
기술력 우수,기술혁신형 중소기업(이노비즈),(주)이한산업,"수도, 하수 및 폐기물 처리, 원료 재생업","폐기물 수집, 운반, 처리 및 원료 재생업",중소기업,42.0,충남 천안시 동남구,9,2026-08-01 02:44:01
기술력 우수,기술혁신형 중소기업(이노비즈),(주)아이에스중공업,"수도, 하수 및 폐기물 처리, 원료 재생업","폐기물 수집, 운반, 처리 및 원료 재생업",중소기업,41.0,경북 경산시,9,2026-08-01 02:44:01
기술력 우수,기술혁신형 중소기업(이노비즈),(주)남부환경개발,"수도, 하수 및 폐기물 처리, 원료 재생업","폐기물 수집, 운반, 처리 및 원료 재생업",중소기업,24.0,,8,2026-08-01 02:44:01
기술력 우수,기술혁신형 중소기업(이노비즈),태양환경(주),"수도, 하수 및 폐기물 처리, 원료 재생업","폐기물 수집, 운반, 처리 및 원료 재생업",중소기업,18.0,,6,2026-08-01 02:44:01
기술력 우수,기술혁신형 중소기업(이노비즈),(주)그린웨이,"수도, 하수 및 폐기물 처리, 원료 재생업","폐기물 수집, 운반, 처리 및 원료 재생업",중소기업,11.0,충북 청주시 흥덕구,6,2026-08-01 02:44:01
기술력 우수,기술혁신형 중소기업(이노비즈),한국신기술산업주식회사,"수도, 하수 및 폐기물 처리, 원료 재생업","폐기물 수집, 운반, 처리 및 원료 재생업",중소기업,16.0,경북 경주시,4,2026-08-01 02:44:01
기술력 우수,기술혁신형 중소기업(이노비즈),덕산실업(주),"수도, 하수 및 폐기물 처리, 원료 재생업","폐기물 수집, 운반, 처리 및 원료 재생업",중소기업,80.0,경기 안성시,3,2026-08-01 02:44:01
기술력 우수,기술혁신형 중소기업(이노비즈),(주)제주클린에너지,"수도, 하수 및 폐기물 처리, 원료 재생업","폐기물 수집, 운반, 처리 및 원료 재생업",중소기업,12.0,제주 제주시,2,2026-08-01 02:44:01
기술력 우수,기술혁신형 중소기업(이노비즈),(주) 그린환경,"수도, 하수 및 폐기물 처리, 원료 재생업","폐기물 수집, 운반, 처리 및 원료 재생업",중소기업,9.0,전북 정읍시,1,2026-08-01 02:44:01
기술력 우수,기술혁신형 중소기업(이노비즈),(주)성인,"수도, 하수 및 폐기물 처리, 원료 재생업","폐기물 수집, 운반, 처리 및 원료 재생업",,55.0,세종,0,2026-08-01 02:44:01
기술력 우수,기술혁신형 중소기업(이노비즈),주식회사 현일산업개발,"수도, 하수 및 폐기물 처리, 원료 재생업","폐기물 수집, 운반, 처리 및 원료 재생업",,,충남 공주시,0,2026-08-01 02:44:01
기술력 우수,기술혁신형 중소기업(이노비즈),주식회사 유진유포리아,"수도, 하수 및 폐기물 처리, 원료 재생업","폐기물 수집, 운반, 처리 및 원료 재생업",,,충북 청주시 청원구,0,2026-08-01 02:44:01
기술력 우수,기술혁신형 중소기업(이노비즈),(주)드림바이오스,"수도, 하수 및 폐기물 처리, 원료 재생업",환경 정화 및 복원업,중소기업,28.0,서울 금천구,55,2026-08-01 02:44:01
기술력 우수,기술혁신형 중소기업(이노비즈),(주)신대양,"수도, 하수 및 폐기물 처리, 원료 재생업",환경 정화 및 복원업,중소기업,53.0,부산 기장군,18,2026-08-01 02:44:01
기술력 우수,기술혁신형 중소기업(이노비즈),주식회사에코프라임,"수도, 하수 및 폐기물 처리, 원료 재생업",환경 정화 및 복원업,중소기업,52.0,충남 예산군,17,2026-08-01 02:44:01
기술력 우수,기술혁신형 중소기업(이노비즈),(주)에코필,"수도, 하수 및 폐기물 처리, 원료 재생업",환경 정화 및 복원업,중소기업,59.0,경기 양주시,5,2026-08-01 02:44:01
기술력 우수,기술혁신형 중소기업(이노비즈),아름다운환경건설(주),"수도, 하수 및 폐기물 처리, 원료 재생업",환경 정화 및 복원업,중소기업,93.0,경기 성남시 중원구,3,2026-08-01 02:44:01
기술력 우수,기술혁신형 중소기업(이노비즈),주식회사 대일이앤씨,"수도, 하수 및 폐기물 처리, 원료 재생업",환경 정화 및 복원업,중소기업,40.0,경기 여주시,3,2026-08-01 02:44:01
기술력 우수,기술혁신형 중소기업(이노비즈),(주)파인텍,건설업,종합 건설업,중견기업,527.0,경기 평택시,62,2026-08-01 02:44:01
기술력 우수,기술혁신형 중소기업(이노비즈),한세이프(주),건설업,종합 건설업,중소기업,36.0,충북 청주시 흥덕구,44,2026-08-01 02:44:01
기술력 우수,기술혁신형 중소기업(이노비즈),(주)로프캠프,건설업,종합 건설업,중소기업,44.0,부산 기장군,44,2026-08-01 02:44:01
기술력 우수,기술혁신형 중소기업(이노비즈),죽암건설 주식회사,건설업,종합 건설업,중소기업,66.0,,40,2026-08-01 02:44:01
기술력 우수,기술혁신형 중소기업(이노비즈),(주)장원조경,건설업,종합 건설업,중소기업,100.0,서울 서초구,38,2026-08-01 02:44:01
기술력 우수,기술혁신형 중소기업(이노비즈),제이씨엔주식회사,건설업,종합 건설업,중소기업,28.0,전북 전주시 덕진구,36,2026-08-01 02:44:01
기술력 우수,기술혁신형 중소기업(이노비즈),신화건설(주),건설업,종합 건설업,중소기업,84.0,강원 강릉시,33,2026-08-01 02:44:01
기술력 우수,기술혁신형 중소기업(이노비즈),(주)성풍건설,건설업,종합 건설업,중소기업,70.0,충북 제천시,31,2026-08-01 02:44:01
기술력 우수,기술혁신형 중소기업(이노비즈),(주)다은네이처,건설업,종합 건설업,중소기업,16.0,경기 시흥시,26,2026-08-01 02:44:01
기술력 우수,기술혁신형 중소기업(이노비즈),(주)한일환경테크,건설업,종합 건설업,중소기업,14.0,울산 남구,26,2026-08-01 02:44:01
기술력 우수,기술혁신형 중소기업(이노비즈),(유)송원이엔지,건설업,종합 건설업,중소기업,3.0,,25,2026-08-01 02:44:01
기술력 우수,기술혁신형 중소기업(이노비즈),주식회사 한얼이엔씨,건설업,종합 건설업,중소기업,30.0,경기 안산시 단원구,24,2026-08-01 02:44:01
기술력 우수,기술혁신형 중소기업(이노비즈),비앤더블유이앤씨 주식회사,건설업,종합 건설업,중견기업,96.0,서울 중구,23,2026-08-01 02:44:01
기술력 우수,기술혁신형 중소기업(이노비즈),프로몰엔지니어링(주),건설업,종합 건설업,중소기업,28.0,부산 기장군,21,2026-08-01 02:44:01
기술력 우수,기술혁신형 중소기업(이노비즈),에스씨종합건설(주),건설업,종합 건설업,중소기업,34.0,경북 포항시 북구,20,2026-08-01 02:44:01
기술력 우수,기술혁신형 중소기업(이노비즈),주식회사 윤토,건설업,종합 건설업,중소기업,25.0,경기 김포시,20,2026-08-01 02:44:01
기술력 우수,기술혁신형 중소기업(이노비즈),(주)대성그린테크,건설업,종합 건설업,중소기업,23.0,경기 성남시 중원구,18,2026-08-01 02:44:01
기술력 우수,기술혁신형 중소기업(이노비즈),(주)유진구조이앤씨,건설업,종합 건설업,중소기업,17.0,부산 수영구,14,2026-08-01 02:44:01
기술력 우수,기술혁신형 중소기업(이노비즈),주식회사 귀뚜라미환경테크,건설업,종합 건설업,중소기업,53.0,경기 안양시 동안구,11,2026-08-01 02:44:01
기술력 우수,기술혁신형 중소기업(이노비즈),클라임코리아(주),건설업,종합 건설업,중소기업,21.0,경북 문경시,10,2026-08-01 02:44:01
기술력 우수,기술혁신형 중소기업(이노비즈),더본종합건설(주),건설업,종합 건설업,중견기업,4.0,경기 성남시 분당구,9,2026-08-01 02:44:01
기술력 우수,기술혁신형 중소기업(이노비즈),예서건설(주),건설업,종합 건설업,중소기업,61.0,부산 연제구,9,2026-08-01 02:44:01
기술력 우수,기술혁신형 중소기업(이노비즈),주식회사 녹색기술단,건설업,종합 건설업,중소기업,14.0,경기 부천시,9,2026-08-01 02:44:01
기술력 우수,기술혁신형 중소기업(이노비즈),(주)영신,건설업,종합 건설업,중소기업,57.0,경기 하남시,9,2026-08-01 02:44:01
기술력 우수,기술혁신형 중소기업(이노비즈),(주)한설그린,건설업,종합 건설업,중소기업,52.0,서울 강남구,8,2026-08-01 02:44:01
기술력 우수,기술혁신형 중소기업(이노비즈),(주)청수,건설업,종합 건설업,중소기업,60.0,대구 서구,6,2026-08-01 02:44:01
기술력 우수,기술혁신형 중소기업(이노비즈),태륭건설(주),건설업,종합 건설업,중소기업,33.0,서울 영등포구,5,2026-08-01 02:44:01
기술력 우수,기술혁신형 중소기업(이노비즈),(주)일신종합환경,건설업,종합 건설업,중소기업,34.0,경기 성남시 분당구,5,2026-08-01 02:44:01
기술력 우수,기술혁신형 중소기업(이노비즈),주식회사이엠코,건설업,종합 건설업,중소기업,61.0,경기 오산시,5,2026-08-01 02:44:01
기술력 우수,기술혁신형 중소기업(이노비즈),월드타워건설(주),건설업,종합 건설업,중소기업,26.0,경기 파주시,4,2026-08-01 02:44:01
기술력 우수,기술혁신형 중소기업(이노비즈),(주)에스오넷,건설업,종합 건설업,중소기업,20.0,강원 횡성군,4,2026-08-01 02:44:01
기술력 우수,기술혁신형 중소기업(이노비즈),(주)다원,건설업,종합 건설업,중견기업,195.0,경기 과천시,3,2026-08-01 02:44:01
기술력 우수,기술혁신형 중소기업(이노비즈),중앙건설산업주식회사,건설업,종합 건설업,중소기업,53.0,,3,2026-08-01 02:44:01
기술력 우수,기술혁신형 중소기업(이노비즈),(주)리튼브릿지,건설업,종합 건설업,중소기업,23.0,경기 성남시 분당구,3,2026-08-01 02:44:01
기술력 우수,기술혁신형 중소기업(이노비즈),현대비씨엔지니어링(주),건설업,종합 건설업,중소기업,12.0,경기 고양시 일산동구,2,2026-08-01 02:44:01
기술력 우수,기술혁신형 중소기업(이노비즈),(주)큐에스엔지니어링,건설업,종합 건설업,중소기업,45.0,서울 강남구,2,2026-08-01 02:44:01
기술력 우수,기술혁신형 중소기업(이노비즈),한세이엔씨(주),건설업,종합 건설업,중소기업,26.0,경기 성남시 중원구,1,2026-08-01 02:44:01
기술력 우수,기술혁신형 중소기업(이노비즈),주식회사제이에이치,건설업,종합 건설업,,,강원 춘천시,0,2026-08-01 02:44:01
기술력 우수,기술혁신형 중소기업(이노비즈),(주)제이스코리아,건설업,종합 건설업,중소기업,107.0,부산 기장군,0,2026-08-01 02:44:01
기술력 우수,기술혁신형 중소기업(이노비즈),다길이엔씨주식회사,건설업,종합 건설업,중소기업,7.0,경기 안성시,0,2026-08-01 02:44:01
기술력 우수,기술혁신형 중소기업(이노비즈),(주)기련이엔씨,건설업,종합 건설업,중소기업,10.0,서울 금천구,0,2026-08-01 02:44:01
기술력 우수,기술혁신형 중소기업(이노비즈),(주)아르디온,건설업,종합 건설업,,,서울 송파구,0,2026-08-01 02:44:01
기술력 우수,기술혁신형 중소기업(이노비즈),선일이씨티(주),건설업,종합 건설업,중소기업,45.0,경기 하남시,0,2026-08-01 02:44:01
기술력 우수,기술혁신형 중소기업(이노비즈),(주)가경코스모,건설업,종합 건설업,중소기업,75.0,서울 송파구,0,2026-08-01 02:44:01
기술력 우수,기술혁신형 중소기업(이노비즈),(주)금강이엠씨,건설업,전문직별 공사업,중소기업,135.0,경기 평택시,82,2026-08-01 02:44:01
기술력 우수,기술혁신형 중소기업(이노비즈),주식회사 대산이엔씨,건설업,전문직별 공사업,중소기업,39.0,,76,2026-08-01 02:44:01
기술력 우수,기술혁신형 중소기업(이노비즈),주식회사 오션엔지니어링,건설업,전문직별 공사업,중소기업,65.0,충북 청주시 흥덕구,72,2026-08-01 02:44:01
기술력 우수,기술혁신형 중소기업(이노비즈),주식회사건국방재엔지니어링,건설업,전문직별 공사업,중소기업,57.0,서울 송파구,67,2026-08-01 02:44:01
기술력 우수,기술혁신형 중소기업(이노비즈),(주)남양에스티엔,건설업,전문직별 공사업,중소기업,299.0,,46,2026-08-01 02:44:01
기술력 우수,기술혁신형 중소기업(이노비즈),(유)삼신기업,건설업,전문직별 공사업,중소기업,43.0,전북 전주시 완산구,40,2026-08-01 02:44:01
기술력 우수,기술혁신형 중소기업(이노비즈),노불방재(주),건설업,전문직별 공사업,중소기업,90.0,서울 금천구,38,2026-08-01 02:44:01
기술력 우수,기술혁신형 중소기업(이노비즈),(주)코리아에너텍,건설업,전문직별 공사업,중소기업,25.0,경기 화성시,37,2026-08-01 02:44:01
기술력 우수,기술혁신형 중소기업(이노비즈),(주)송림,건설업,전문직별 공사업,중소기업,181.0,,36,2026-08-01 02:44:01
기술력 우수,기술혁신형 중소기업(이노비즈),태웅이엔에스(주),건설업,전문직별 공사업,중소기업,32.0,충북 청주시 흥덕구,35,2026-08-01 02:44:01
기술력 우수,기술혁신형 중소기업(이노비즈),반도산전(주),건설업,전문직별 공사업,중소기업,51.0,부산 해운대구,35,2026-08-01 02:44:01
기술력 우수,기술혁신형 중소기업(이노비즈),(주)신라엔텍,건설업,전문직별 공사업,중소기업,52.0,경북 구미시,34,2026-08-01 02:44:01
기술력 우수,기술혁신형 중소기업(이노비즈),(주)지형건설,건설업,전문직별 공사업,중소기업,31.0,,32,2026-08-01 02:44:01
기술력 우수,기술혁신형 중소기업(이노비즈),(주)세일,건설업,전문직별 공사업,중소기업,32.0,부산 강서구,31,2026-08-01 02:44:01
기술력 우수,기술혁신형 중소기업(이노비즈),대동안전(주),건설업,전문직별 공사업,중소기업,49.0,경기 광명시,31,2026-08-01 02:44:01
기술력 우수,기술혁신형 중소기업(이노비즈),(주)건국이엔아이,건설업,전문직별 공사업,중소기업,205.0,서울 성동구,31,2026-08-01 02:44:01
기술력 우수,기술혁신형 중소기업(이노비즈),청해이엔브이 주식회사,건설업,전문직별 공사업,중소기업,72.0,경기 파주시,30,2026-08-01 02:44:01
기술력 우수,기술혁신형 중소기업(이노비즈),주식회사 유일이엔지,건설업,전문직별 공사업,중소기업,100.0,서울 강남구,30,2026-08-01 02:44:01
기술력 우수,기술혁신형 중소기업(이노비즈),주식회사 경서,건설업,전문직별 공사업,중소기업,20.0,,30,2026-08-01 02:44:01
기술력 우수,기술혁신형 중소기업(이노비즈),(주)한국교량,건설업,전문직별 공사업,중소기업,261.0,,29,2026-08-01 02:44:01
기술력 우수,기술혁신형 중소기업(이노비즈),주식회사 대로,건설업,전문직별 공사업,중소기업,35.0,충남 당진시,29,2026-08-01 02:44:01
기술력 우수,기술혁신형 중소기업(이노비즈),주식회사디오이엔씨,건설업,전문직별 공사업,중소기업,75.0,경기 화성시,28,2026-08-01 02:44:01
기술력 우수,기술혁신형 중소기업(이노비즈),(주)한양기술공업,건설업,전문직별 공사업,중소기업,847.0,경기 평택시,28,2026-08-01 02:44:01
기술력 우수,기술혁신형 중소기업(이노비즈),유원에스피(주),건설업,전문직별 공사업,중소기업,13.0,경기 부천시,27,2026-08-01 02:44:01
기술력 우수,기술혁신형 중소기업(이노비즈),태신중공업(주),건설업,전문직별 공사업,중소기업,6.0,,27,2026-08-01 02:44:01
기술력 우수,기술혁신형 중소기업(이노비즈),(주)삼성건업,건설업,전문직별 공사업,중소기업,28.0,경기 안성시,26,2026-08-01 02:44:01
기술력 우수,기술혁신형 중소기업(이노비즈),(주)동인엔지니어링,건설업,전문직별 공사업,중소기업,38.0,경북 경주시,25,2026-08-01 02:44:01
기술력 우수,기술혁신형 중소기업(이노비즈),엘케이테크넷(주),건설업,전문직별 공사업,중소기업,315.0,서울 구로구,25,2026-08-01 02:44:01
기술력 우수,기술혁신형 중소기업(이노비즈),주식회사 더조은에너지,건설업,전문직별 공사업,중소기업,17.0,,25,2026-08-01 02:44:01
기술력 우수,기술혁신형 중소기업(이노비즈),한라케미칼(주),건설업,전문직별 공사업,중소기업,10.0,강원 원주시,25,2026-08-01 02:44:01
기술력 우수,기술혁신형 중소기업(이노비즈),(주)한신산업,건설업,전문직별 공사업,중소기업,96.0,경북 경산시,24,2026-08-01 02:44:01
기술력 우수,기술혁신형 중소기업(이노비즈),(주)서우건설산업,건설업,전문직별 공사업,중소기업,94.0,충남 공주시,24,2026-08-01 02:44:01
기술력 우수,기술혁신형 중소기업(이노비즈),(주)델타시스템,건설업,전문직별 공사업,중소기업,62.0,대전 유성구,23,2026-08-01 02:44:01
기술력 우수,기술혁신형 중소기업(이노비즈),(주)용진,건설업,전문직별 공사업,중소기업,20.0,경남 진주시,23,2026-08-01 02:44:01
기술력 우수,기술혁신형 중소기업(이노비즈),엔에이치네트웍스(주),건설업,전문직별 공사업,중소기업,62.0,전북 군산시,21,2026-08-01 02:44:01
기술력 우수,기술혁신형 중소기업(이노비즈),(주)정우엔지니어링,건설업,전문직별 공사업,중소기업,24.0,,21,2026-08-01 02:44:01
기술력 우수,기술혁신형 중소기업(이노비즈),우일정보기술(주),건설업,전문직별 공사업,중소기업,270.0,서울 동대문구,21,2026-08-01 02:44:01
기술력 우수,기술혁신형 중소기업(이노비즈),(주)백향우드,건설업,전문직별 공사업,중소기업,25.0,강원 춘천시,19,2026-08-01 02:44:01
기술력 우수,기술혁신형 중소기업(이노비즈),미성휀스건설(주),건설업,전문직별 공사업,중소기업,34.0,경기 평택시,19,2026-08-01 02:44:01
기술력 우수,기술혁신형 중소기업(이노비즈),주식회사덕산,건설업,전문직별 공사업,중소기업,100.0,인천 부평구,19,2026-08-01 02:44:01
기술력 우수,기술혁신형 중소기업(이노비즈),주식회사 국민산업,건설업,전문직별 공사업,중소기업,31.0,,18,2026-08-01 02:44:01
기술력 우수,기술혁신형 중소기업(이노비즈),뉴코리아전자통신(주),건설업,전문직별 공사업,중소기업,25.0,서울 양천구,18,2026-08-01 02:44:01
기술력 우수,기술혁신형 중소기업(이노비즈),주식회사신라이앤씨,건설업,전문직별 공사업,중소기업,23.0,대구 북구,18,2026-08-01 02:44:01
기술력 우수,기술혁신형 중소기업(이노비즈),(주)한양엔티,건설업,전문직별 공사업,중소기업,31.0,서울 송파구,18,2026-08-01 02:44:01
기술력 우수,기술혁신형 중소기업(이노비즈),와이비엔지니어링(주),건설업,전문직별 공사업,중소기업,6.0,부산 강서구,17,2026-08-01 02:44:01
기술력 우수,기술혁신형 중소기업(이노비즈),(주)단성,건설업,전문직별 공사업,중소기업,36.0,경기 수원시 권선구,17,2026-08-01 02:44:01
기술력 우수,기술혁신형 중소기업(이노비즈),티앤제이건설 주식회사,건설업,전문직별 공사업,중소기업,29.0,전북 완주군,17,2026-08-01 02:44:01
기술력 우수,기술혁신형 중소기업(이노비즈),(주)윈스,건설업,전문직별 공사업,중소기업,19.0,서울 금천구,17,2026-08-01 02:44:01
기술력 우수,기술혁신형 중소기업(이노비즈),엔텍월드(주),건설업,전문직별 공사업,중소기업,120.0,서울 금천구,17,2026-08-01 02:44:01
기술력 우수,기술혁신형 중소기업(이노비즈),(주)파이런텍,건설업,전문직별 공사업,중소기업,90.0,서울 송파구,17,2026-08-01 02:44:01
기술력 우수,기술혁신형 중소기업(이노비즈),(주)오션,건설업,전문직별 공사업,중소기업,,경북 포항시 남구,16,2026-08-01 02:44:01
기술력 우수,기술혁신형 중소기업(이노비즈),(주)지승씨앤아이,건설업,전문직별 공사업,중소기업,27.0,서울 강남구,16,2026-08-01 02:44:01
기술력 우수,기술혁신형 중소기업(이노비즈),공항시설관리 주식회사,건설업,전문직별 공사업,중소기업,26.0,서울 강서구,16,2026-08-01 02:44:01
기술력 우수,기술혁신형 중소기업(이노비즈),주식회사 지에프에스,건설업,전문직별 공사업,중소기업,294.0,경기 의정부시,15,2026-08-01 02:44:01
기술력 우수,기술혁신형 중소기업(이노비즈),(주)지지케이,건설업,전문직별 공사업,중소기업,26.0,경기 평택시,14,2026-08-01 02:44:01
기술력 우수,기술혁신형 중소기업(이노비즈),(주)한얼누리,건설업,전문직별 공사업,중소기업,41.0,충북 단양군,14,2026-08-01 02:44:01
기술력 우수,기술혁신형 중소기업(이노비즈),대원전기(주),건설업,전문직별 공사업,중소기업,120.0,충북 청주시 청원구,13,2026-08-01 02:44:01
기술력 우수,기술혁신형 중소기업(이노비즈),(주)건주,건설업,전문직별 공사업,중소기업,41.0,충북 제천시,13,2026-08-01 02:44:01
기술력 우수,기술혁신형 중소기업(이노비즈),주식회사아이앤이,건설업,전문직별 공사업,중소기업,26.0,충북 청주시 흥덕구,13,2026-08-01 02:44:01
기술력 우수,기술혁신형 중소기업(이노비즈),(주)윈티앤에스,건설업,전문직별 공사업,중소기업,3.0,경북 포항시 남구,13,2026-08-01 02:44:01
기술력 우수,기술혁신형 중소기업(이노비즈),(주)현대표지,건설업,전문직별 공사업,중소기업,28.0,경기 포천시,11,2026-08-01 02:44:01
기술력 우수,기술혁신형 중소기업(이노비즈),주식회사중앙에너지,건설업,전문직별 공사업,중소기업,32.0,경기 김포시,11,2026-08-01 02:44:01
기술력 우수,기술혁신형 중소기업(이노비즈),(주)에스티엠,건설업,전문직별 공사업,중소기업,75.0,경기 안성시,10,2026-08-01 02:44:01
기술력 우수,기술혁신형 중소기업(이노비즈),동남전기통신(주),건설업,전문직별 공사업,중소기업,32.0,강원 삼척시,10,2026-08-01 02:44:01
기술력 우수,기술혁신형 중소기업(이노비즈),(주)대현엔지니어링,건설업,전문직별 공사업,중소기업,68.0,서울 송파구,10,2026-08-01 02:44:01
기술력 우수,기술혁신형 중소기업(이노비즈),준아트 유한회사,건설업,전문직별 공사업,중소기업,17.0,,10,2026-08-01 02:44:01
기술력 우수,기술혁신형 중소기업(이노비즈),주식회사 그랜드썬기술단,건설업,전문직별 공사업,중소기업,32.0,부산 강서구,9,2026-08-01 02:44:01
기술력 우수,기술혁신형 중소기업(이노비즈),한산 시피에스(주),건설업,전문직별 공사업,중소기업,43.0,경기 광명시,9,2026-08-01 02:44:01
기술력 우수,기술혁신형 중소기업(이노비즈),(주)티앤제이,건설업,전문직별 공사업,중소기업,14.0,경북 청도군,9,2026-08-01 02:44:01
기술력 우수,기술혁신형 중소기업(이노비즈),산들마루(주),건설업,전문직별 공사업,중소기업,5.0,,9,2026-08-01 02:44:01
기술력 우수,기술혁신형 중소기업(이노비즈),(주)영신에프앤씨,건설업,전문직별 공사업,중소기업,30.0,경기 화성시,9,2026-08-01 02:44:01
기술력 우수,기술혁신형 중소기업(이노비즈),(주)성일시스템,건설업,전문직별 공사업,중소기업,31.0,인천 계양구,9,2026-08-01 02:44:01
기술력 우수,기술혁신형 중소기업(이노비즈),케이엠티시스템 주식회사,건설업,전문직별 공사업,중소기업,14.0,서울 영등포구,9,2026-08-01 02:44:01
기술력 우수,기술혁신형 중소기업(이노비즈),(주)미디어테크,건설업,전문직별 공사업,중소기업,14.0,대구 북구,9,2026-08-01 02:44:01
기술력 우수,기술혁신형 중소기업(이노비즈),해동에너지(주),건설업,전문직별 공사업,중소기업,15.0,,9,2026-08-01 02:44:01
기술력 우수,기술혁신형 중소기업(이노비즈),서울텔엔지니어링(주),건설업,전문직별 공사업,중소기업,29.0,서울 강남구,9,2026-08-01 02:44:01
기술력 우수,기술혁신형 중소기업(이노비즈),주식회사케이아이에스,건설업,전문직별 공사업,중소기업,11.0,경남 진주시,8,2026-08-01 02:44:01
기술력 우수,기술혁신형 중소기업(이노비즈),(주)하나비젼씨스템즈,건설업,전문직별 공사업,중소기업,50.0,인천 연수구,8,2026-08-01 02:44:01
기술력 우수,기술혁신형 중소기업(이노비즈),(주)청화테크,건설업,전문직별 공사업,중소기업,31.0,인천 남동구,8,2026-08-01 02:44:01
기술력 우수,기술혁신형 중소기업(이노비즈),(주)성건기업,건설업,전문직별 공사업,중소기업,80.0,충남 아산시,8,2026-08-01 02:44:01
기술력 우수,기술혁신형 중소기업(이노비즈),(주)골든포우,건설업,전문직별 공사업,중소기업,61.0,충남 천안시 서북구,8,2026-08-01 02:44:01
기술력 우수,기술혁신형 중소기업(이노비즈),주식회사아세아방재,건설업,전문직별 공사업,중소기업,26.0,서울 송파구,8,2026-08-01 02:44:01
기술력 우수,기술혁신형 중소기업(이노비즈),(주)세인환경디자인,건설업,전문직별 공사업,중소기업,62.0,경기 용인시 기흥구,8,2026-08-01 02:44:01
기술력 우수,기술혁신형 중소기업(이노비즈),주식회사서울창호,건설업,전문직별 공사업,중소기업,45.0,인천 계양구,8,2026-08-01 02:44:01
기술력 우수,기술혁신형 중소기업(이노비즈),지엘기술 주식회사,건설업,전문직별 공사업,중소기업,44.0,,7,2026-08-01 02:44:01
기술력 우수,기술혁신형 중소기업(이노비즈),제너텍(주),건설업,전문직별 공사업,중소기업,42.0,부산 금정구,7,2026-08-01 02:44:01
기술력 우수,기술혁신형 중소기업(이노비즈),두원산업(주),건설업,전문직별 공사업,중소기업,13.0,경기 의정부시,7,2026-08-01 02:44:01
기술력 우수,기술혁신형 중소기업(이노비즈),(주)새론테크,건설업,전문직별 공사업,중소기업,23.0,경남 양산시,7,2026-08-01 02:44:01
기술력 우수,기술혁신형 중소기업(이노비즈),(주)엠파워,건설업,전문직별 공사업,중소기업,30.0,경기 군포시,7,2026-08-01 02:44:01
기술력 우수,기술혁신형 중소기업(이노비즈),주식회사 한국소방엔지니어링,건설업,전문직별 공사업,중소기업,50.0,,7,2026-08-01 02:44:01
기술력 우수,기술혁신형 중소기업(이노비즈),(주)옥당산업,건설업,전문직별 공사업,중소기업,33.0,서울 영등포구,7,2026-08-01 02:44:01
기술력 우수,기술혁신형 중소기업(이노비즈),주식회사 케스코,건설업,전문직별 공사업,중소기업,49.0,대전 유성구,7,2026-08-01 02:44:01
기술력 우수,기술혁신형 중소기업(이노비즈),주식회사 한국픽셀,건설업,전문직별 공사업,중소기업,30.0,경기 광명시,6,2026-08-01 02:44:01
기술력 우수,기술혁신형 중소기업(이노비즈),(주)윈미디텍,건설업,전문직별 공사업,중소기업,61.0,서울 영등포구,6,2026-08-01 02:44:01
기술력 우수,기술혁신형 중소기업(이노비즈),(주)오에스엘이엔지,건설업,전문직별 공사업,중소기업,60.0,서울 송파구,6,2026-08-01 02:44:01
기술력 우수,기술혁신형 중소기업(이노비즈),주식회사용진창호,건설업,전문직별 공사업,중소기업,21.0,경기 광주시,6,2026-08-01 02:44:01
기술력 우수,기술혁신형 중소기업(이노비즈),세한에너지(주),건설업,전문직별 공사업,중소기업,28.0,경북 경산시,6,2026-08-01 02:44:01
기술력 우수,기술혁신형 중소기업(이노비즈),뉴마린엔지니어링(주),건설업,전문직별 공사업,중소기업,39.0,부산 해운대구,6,2026-08-01 02:44:01
기술력 우수,기술혁신형 중소기업(이노비즈),금오이엔씨(주),건설업,전문직별 공사업,중소기업,48.0,경기 성남시 수정구,6,2026-08-01 02:44:01
기술력 우수,기술혁신형 중소기업(이노비즈),(주)아론,건설업,전문직별 공사업,중소기업,41.0,경기 화성시,6,2026-08-01 02:44:01
기술력 우수,기술혁신형 중소기업(이노비즈),(주)비움,건설업,전문직별 공사업,중소기업,34.0,경기 안양시 동안구,6,2026-08-01 02:44:01
기술력 우수,기술혁신형 중소기업(이노비즈),주식회사 금영이엔지,건설업,전문직별 공사업,중소기업,256.0,대전 유성구,6,2026-08-01 02:44:01
기술력 우수,기술혁신형 중소기업(이노비즈),주식회사창조산업개발,건설업,전문직별 공사업,중소기업,,경남 양산시,6,2026-08-01 02:44:01
기술력 우수,기술혁신형 중소기업(이노비즈),(유)나라기초건설,건설업,전문직별 공사업,중소기업,49.0,,5,2026-08-01 02:44:01
기술력 우수,기술혁신형 중소기업(이노비즈),주식회사 알엠케이,건설업,전문직별 공사업,중소기업,14.0,경기 화성시,5,2026-08-01 02:44:01
기술력 우수,기술혁신형 중소기업(이노비즈),주식회사 정진강건,건설업,전문직별 공사업,중소기업,24.0,,5,2026-08-01 02:44:01
기술력 우수,기술혁신형 중소기업(이노비즈),(주)대양정보통신,건설업,전문직별 공사업,중소기업,42.0,,5,2026-08-01 02:44:01
기술력 우수,기술혁신형 중소기업(이노비즈),(주)엘에스파워텍,건설업,전문직별 공사업,중소기업,27.0,인천 연수구,5,2026-08-01 02:44:01
기술력 우수,기술혁신형 중소기업(이노비즈),주식회사엘이비엔터프라이즈,건설업,전문직별 공사업,중소기업,11.0,경기 화성시,5,2026-08-01 02:44:01
기술력 우수,기술혁신형 중소기업(이노비즈),이디에스 주식회사,건설업,전문직별 공사업,중소기업,9.0,경북 김천시,5,2026-08-01 02:44:01
기술력 우수,기술혁신형 중소기업(이노비즈),주식회사 서강엘리베이터,건설업,전문직별 공사업,중소기업,43.0,경기 고양시 덕양구,5,2026-08-01 02:44:01
기술력 우수,기술혁신형 중소기업(이노비즈),(주)이노테크,건설업,전문직별 공사업,중소기업,8.0,,5,2026-08-01 02:44:01
기술력 우수,기술혁신형 중소기업(이노비즈),(주)영전,건설업,전문직별 공사업,중소기업,34.0,경기 부천시 원미구,5,2026-08-01 02:44:01
기술력 우수,기술혁신형 중소기업(이노비즈),주식회사 중부보안,건설업,전문직별 공사업,중소기업,17.0,대전 중구,5,2026-08-01 02:44:01
기술력 우수,기술혁신형 중소기업(이노비즈),중앙통신(주),건설업,전문직별 공사업,중소기업,29.0,대전 유성구,4,2026-08-01 02:44:01
기술력 우수,기술혁신형 중소기업(이노비즈),(주)메트로컴넷,건설업,전문직별 공사업,중소기업,76.0,서울 서대문구,4,2026-08-01 02:44:01
기술력 우수,기술혁신형 중소기업(이노비즈),(주)진화이앤씨,건설업,전문직별 공사업,중소기업,46.0,서울 서초구,4,2026-08-01 02:44:01
기술력 우수,기술혁신형 중소기업(이노비즈),삼풍전기(주),건설업,전문직별 공사업,중소기업,17.0,인천 남동구,4,2026-08-01 02:44:01
기술력 우수,기술혁신형 중소기업(이노비즈),(주)와이지엔지니어링,건설업,전문직별 공사업,중소기업,,경기 화성시,4,2026-08-01 02:44:01
기술력 우수,기술혁신형 중소기업(이노비즈),우정에이치앤씨주식회사,건설업,전문직별 공사업,중소기업,61.0,충남 천안시 서북구,4,2026-08-01 02:44:01
기술력 우수,기술혁신형 중소기업(이노비즈),주식회사일신엔지니어링,건설업,전문직별 공사업,중소기업,32.0,경기 시흥시,4,2026-08-01 02:44:01
기술력 우수,기술혁신형 중소기업(이노비즈),(주)신영티아이,건설업,전문직별 공사업,중소기업,41.0,경남 김해시,4,2026-08-01 02:44:01
기술력 우수,기술혁신형 중소기업(이노비즈),(주)선우오토텍,건설업,전문직별 공사업,중소기업,32.0,울산 남구,4,2026-08-01 02:44:01
기술력 우수,기술혁신형 중소기업(이노비즈),아세아전기(주),건설업,전문직별 공사업,중소기업,17.0,부산 강서구,3,2026-08-01 02:44:01
기술력 우수,기술혁신형 중소기업(이노비즈),우양기공(주),건설업,전문직별 공사업,중소기업,14.0,,3,2026-08-01 02:44:01
기술력 우수,기술혁신형 중소기업(이노비즈),(주)코젠,건설업,전문직별 공사업,중소기업,18.0,서울 서초구,3,2026-08-01 02:44:01
기술력 우수,기술혁신형 중소기업(이노비즈),(주)한가람방재,건설업,전문직별 공사업,중소기업,13.0,경기 의정부시,3,2026-08-01 02:44:01
기술력 우수,기술혁신형 중소기업(이노비즈),(주)삼보기전,건설업,전문직별 공사업,중소기업,11.0,,3,2026-08-01 02:44:01
기술력 우수,기술혁신형 중소기업(이노비즈),(주)에스티씨,건설업,전문직별 공사업,중소기업,19.0,대전 대덕구,3,2026-08-01 02:44:01
기술력 우수,기술혁신형 중소기업(이노비즈),(주)엠지브이보안시스템,건설업,전문직별 공사업,중소기업,27.0,서울 송파구,3,2026-08-01 02:44:01
기술력 우수,기술혁신형 중소기업(이노비즈),주식회사 디투에스,건설업,전문직별 공사업,중소기업,21.0,경기 성남시 수정구,3,2026-08-01 02:44:01
기술력 우수,기술혁신형 중소기업(이노비즈),동화산업(주),건설업,전문직별 공사업,중소기업,40.0,충북 제천시,3,2026-08-01 02:44:01
기술력 우수,기술혁신형 중소기업(이노비즈),주식회사한성이엔지,건설업,전문직별 공사업,중소기업,35.0,대구 북구,3,2026-08-01 02:44:01
기술력 우수,기술혁신형 중소기업(이노비즈),주식회사삼주전자,건설업,전문직별 공사업,중소기업,23.0,대구 북구,3,2026-08-01 02:44:01
기술력 우수,기술혁신형 중소기업(이노비즈),(주)유영정보통신,건설업,전문직별 공사업,중소기업,12.0,서울 구로구,3,2026-08-01 02:44:01
기술력 우수,기술혁신형 중소기업(이노비즈),제일정보통신(주),건설업,전문직별 공사업,중소기업,8.0,경북 구미시,3,2026-08-01 02:44:01
기술력 우수,기술혁신형 중소기업(이노비즈),주식회사 에이스에너지,건설업,전문직별 공사업,중소기업,24.0,,3,2026-08-01 02:44:01
기술력 우수,기술혁신형 중소기업(이노비즈),(주)충전공영개발,건설업,전문직별 공사업,중소기업,50.0,서울 영등포구,3,2026-08-01 02:44:01
기술력 우수,기술혁신형 중소기업(이노비즈),(주)디자인본오,건설업,전문직별 공사업,중소기업,41.0,서울 영등포구,3,2026-08-01 02:44:01
기술력 우수,기능한국인,주식회사 그린이엔에스,건설업,전문직별 공사업,중소기업,39.0,,3,2026-08-01 02:44:01
기술력 우수,기술혁신형 중소기업(이노비즈),대우건철(주),건설업,전문직별 공사업,중소기업,25.0,경기 파주시,3,2026-08-01 02:44:01
기술력 우수,기술혁신형 중소기업(이노비즈),(주)컴스정보기술,건설업,전문직별 공사업,중소기업,16.0,서울 송파구,3,2026-08-01 02:44:01
기술력 우수,기술혁신형 중소기업(이노비즈),금전기업(주),건설업,전문직별 공사업,중소기업,46.0,전북 김제시,2,2026-08-01 02:44:01
기술력 우수,기술혁신형 중소기업(이노비즈),(주)세은테크,건설업,전문직별 공사업,중소기업,17.0,경기 부천시,2,2026-08-01 02:44:01
기술력 우수,기술혁신형 중소기업(이노비즈),주식회사지구,건설업,전문직별 공사업,중소기업,39.0,경기 구리시,2,2026-08-01 02:44:01
기술력 우수,기술혁신형 중소기업(이노비즈),주식회사 지앤에스기술,건설업,전문직별 공사업,중소기업,135.0,서울 광진구,2,2026-08-01 02:44:01
기술력 우수,기술혁신형 중소기업(이노비즈),(주)조은에너지,건설업,전문직별 공사업,중소기업,16.0,서울 영등포구,2,2026-08-01 02:44:01
기술력 우수,기술혁신형 중소기업(이노비즈),(주) 다현정보통신,건설업,전문직별 공사업,중소기업,6.0,경기 평택시,2,2026-08-01 02:44:01
기술력 우수,기술혁신형 중소기업(이노비즈),(주)에이치엔엠,건설업,전문직별 공사업,중소기업,13.0,서울 강서구,2,2026-08-01 02:44:01
기술력 우수,기술혁신형 중소기업(이노비즈),비케이시스템즈(주),건설업,전문직별 공사업,중소기업,35.0,경남 김해시,2,2026-08-01 02:44:01
기술력 우수,기술혁신형 중소기업(이노비즈),한국콘크리트산업(주),건설업,전문직별 공사업,중소기업,211.0,경기 안양시 동안구,2,2026-08-01 02:44:01
기술력 우수,기술혁신형 중소기업(이노비즈),주식회사 성익에너지산업,건설업,전문직별 공사업,중소기업,23.0,충북 제천시,2,2026-08-01 02:44:01
기술력 우수,기술혁신형 중소기업(이노비즈),(주)신안정보통신,건설업,전문직별 공사업,중소기업,46.0,경기 군포시,2,2026-08-01 02:44:01
기술력 우수,기술혁신형 중소기업(이노비즈),(주)티씨아이네트,건설업,전문직별 공사업,중소기업,16.0,경기 의왕시,1,2026-08-01 02:44:01
기술력 우수,기술혁신형 중소기업(이노비즈),(주)세렉스,건설업,전문직별 공사업,중소기업,28.0,경기 안양시 동안구,1,2026-08-01 02:44:01
기술력 우수,기술혁신형 중소기업(이노비즈),(주)선진콘트롤엔엑세스,건설업,전문직별 공사업,중소기업,56.0,서울 송파구,1,2026-08-01 02:44:01
기술력 우수,기술혁신형 중소기업(이노비즈),다일산업 주식회사,건설업,전문직별 공사업,중소기업,13.0,충남 아산시,1,2026-08-01 02:44:01
기술력 우수,기술혁신형 중소기업(이노비즈),샘정보산업주식회사,건설업,전문직별 공사업,중소기업,23.0,경기 부천시,1,2026-08-01 02:44:01
기술력 우수,기술혁신형 중소기업(이노비즈),(주)지엘어소시에이츠,건설업,전문직별 공사업,중소기업,45.0,서울 강남구,1,2026-08-01 02:44:01
기술력 우수,기술혁신형 중소기업(이노비즈),제이원이즈 주식회사,건설업,전문직별 공사업,중소기업,13.0,서울 강남구,1,2026-08-01 02:44:01
기술력 우수,기술혁신형 중소기업(이노비즈),앤디피에스 주식회사,건설업,전문직별 공사업,중소기업,12.0,충남 공주시,1,2026-08-01 02:44:01
기술력 우수,기술혁신형 중소기업(이노비즈),주식회사 럭키콘트롤,건설업,전문직별 공사업,중소기업,24.0,인천 남동구,1,2026-08-01 02:44:01
기술력 우수,기술혁신형 중소기업(이노비즈),(주)강화이엔씨,건설업,전문직별 공사업,중소기업,33.0,,1,2026-08-01 02:44:01
기술력 우수,기술혁신형 중소기업(이노비즈),경인엔지니어링(주),건설업,전문직별 공사업,중소기업,24.0,경기 군포시,1,2026-08-01 02:44:01
기술력 우수,기술혁신형 중소기업(이노비즈),(주)홀리랜드테크놀러지,건설업,전문직별 공사업,중소기업,8.0,인천 부평구,1,2026-08-01 02:44:01
기술력 우수,기술혁신형 중소기업(이노비즈),(주)아이시에스,건설업,전문직별 공사업,중소기업,16.0,서울 성동구,1,2026-08-01 02:44:01
기술력 우수,기술혁신형 중소기업(이노비즈),대신네트웍스(주),건설업,전문직별 공사업,중소기업,28.0,서울 중구,1,2026-08-01 02:44:01
기술력 우수,기술혁신형 중소기업(이노비즈),아이에스(주),건설업,전문직별 공사업,중소기업,10.0,인천 연수구,1,2026-08-01 02:44:01
기술력 우수,기술혁신형 중소기업(이노비즈),(주)창희씨앤에스,건설업,전문직별 공사업,중소기업,24.0,경기 안양시 동안구,1,2026-08-01 02:44:01
기술력 우수,기술혁신형 중소기업(이노비즈),(주)이맥스시스템,건설업,전문직별 공사업,중소기업,47.0,서울 서초구,0,2026-08-01 02:44:01
기술력 우수,기술혁신형 중소기업(이노비즈),(주)아이스기술,건설업,전문직별 공사업,중소기업,23.0,경기 성남시 중원구,0,2026-08-01 02:44:01
기술력 우수,기술혁신형 중소기업(이노비즈),주식회사 카이네트웍스,건설업,전문직별 공사업,,,서울 금천구,0,2026-08-01 02:44:01
기술력 우수,기술혁신형 중소기업(이노비즈),주식회사 세이소프트,건설업,전문직별 공사업,,,충남 예산군,0,2026-08-01 02:44:01
기술력 우수,기술혁신형 중소기업(이노비즈),(주)유로파이앤씨,건설업,전문직별 공사업,중소기업,30.0,세종,0,2026-08-01 02:44:01
기술력 우수,기술혁신형 중소기업(이노비즈),주식회사 에이투,건설업,전문직별 공사업,중소기업,12.0,,0,2026-08-01 02:44:01
기술력 우수,기술혁신형 중소기업(이노비즈),(주)건국,건설업,전문직별 공사업,중소기업,25.0,,0,2026-08-01 02:44:01
기술력 우수,기술혁신형 중소기업(이노비즈),주식회사 디에스엔지니어스,건설업,전문직별 공사업,중소기업,17.0,경기 화성시,0,2026-08-01 02:44:01
기술력 우수,기술혁신형 중소기업(이노비즈),주식회사 하이드로코리아,건설업,전문직별 공사업,,,경기 수원시 영통구,0,2026-08-01 02:44:01
기술력 우수,기술혁신형 중소기업(이노비즈),인슐레이션코리아주식회사,건설업,전문직별 공사업,,,서울 서초구,0,2026-08-01 02:44:01
기술력 우수,기술혁신형 중소기업(이노비즈),케이블테크(주),건설업,전문직별 공사업,중소기업,24.0,경기 성남시 분당구,0,2026-08-01 02:44:01
기술력 우수,기술혁신형 중소기업(이노비즈),(주)청라,건설업,전문직별 공사업,,,경북 구미시,0,2026-08-01 02:44:01
기술력 우수,기술혁신형 중소기업(이노비즈),(주)동아이앤씨,건설업,전문직별 공사업,,,,0,2026-08-01 02:44:01
기술력 우수,기술혁신형 중소기업(이노비즈),지오텍엔지니어링(주),건설업,전문직별 공사업,,,경기 안양시 동안구,0,2026-08-01 02:44:01
기술력 우수,기술혁신형 중소기업(이노비즈),베스띠아(주),건설업,전문직별 공사업,중소기업,35.0,서울 영등포구,0,2026-08-01 02:44:01
기술력 우수,기술혁신형 중소기업(이노비즈),(주)민텍,건설업,전문직별 공사업,,,부산 해운대구,0,2026-08-01 02:44:01
기술력 우수,기술혁신형 중소기업(이노비즈),주식회사 세진,건설업,전문직별 공사업,중소기업,10.0,대전 유성구,0,2026-08-01 02:44:01
기술력 우수,기술혁신형 중소기업(이노비즈),(주)이츠,건설업,전문직별 공사업,중소기업,43.0,경기 김포시,0,2026-08-01 02:44:01
기술력 우수,기술혁신형 중소기업(이노비즈),현빈개발(주),건설업,전문직별 공사업,중소기업,16.0,서울 서초구,0,2026-08-01 02:44:01
기술력 우수,기술혁신형 중소기업(이노비즈),(주)스피드테크,건설업,전문직별 공사업,중소기업,10.0,서울 금천구,0,2026-08-01 02:44:01
기술력 우수,기술혁신형 중소기업(이노비즈),(주)성진정보통신,건설업,전문직별 공사업,,,서울 금천구,0,2026-08-01 02:44:01
기술력 우수,기술혁신형 중소기업(이노비즈),주식회사이지차저,건설업,전문직별 공사업,,,서울 금천구,0,2026-08-01 02:44:01
기술력 우수,기술혁신형 중소기업(이노비즈),주식회사 민커뮤니케이션,건설업,전문직별 공사업,중소기업,14.0,경기 고양시 일산동구,0,2026-08-01 02:44:01
기술력 우수,기술혁신형 중소기업(이노비즈),하나정보기술주식회사,건설업,전문직별 공사업,중소기업,47.0,인천 부평구,0,2026-08-01 02:44:01
기술력 우수,기술혁신형 중소기업(이노비즈),한국에너지종합기술 주식회사,건설업,전문직별 공사업,,,제주 제주시,0,2026-08-01 02:44:01
기술력 우수,기술혁신형 중소기업(이노비즈),주식회사 브리츠테크놀로지,건설업,전문직별 공사업,,,대전 대덕구,0,2026-08-01 02:44:01
기술력 우수,기술혁신형 중소기업(이노비즈),주식회사 다현이엔지,건설업,전문직별 공사업,중소기업,24.0,인천 연수구,0,2026-08-01 02:44:01
기술력 우수,기술혁신형 중소기업(이노비즈),주식회사지스코,건설업,전문직별 공사업,중소기업,7.0,서울 금천구,0,2026-08-01 02:44:01
기술력 우수,기술혁신형 중소기업(이노비즈),(주)프릭사,도매 및 소매업,자동차 및 부품 판매업,중소기업,46.0,,87,2026-08-01 02:44:01
기술력 우수,기술혁신형 중소기업(이노비즈),아트원 주식회사,도매 및 소매업,자동차 및 부품 판매업,중소기업,19.0,대전 유성구,16,2026-08-01 02:44:01
기술력 우수,기술혁신형 중소기업(이노비즈),(주)코멧센서,도매 및 소매업,자동차 및 부품 판매업,중소기업,49.0,경기 안산시 단원구,15,2026-08-01 02:44:01
기술력 우수,기술혁신형 중소기업(이노비즈),주식회사루타스,도매 및 소매업,자동차 및 부품 판매업,중소기업,,대구 달성군,5,2026-08-01 02:44:01
기술력 우수,기술혁신형 중소기업(이노비즈),이티알(주),도매 및 소매업,자동차 및 부품 판매업,중소기업,67.0,경기 화성시,4,2026-08-01 02:44:01
기술력 우수,기술혁신형 중소기업(이노비즈),한국디투티(주),도매 및 소매업,자동차 및 부품 판매업,중소기업,8.0,경기 안양시 동안구,3,2026-08-01 02:44:01
기술력 우수,기술혁신형 중소기업(이노비즈),(주)한지,도매 및 소매업,자동차 및 부품 판매업,,,부산 사상구,0,2026-08-01 02:44:01
기술력 우수,기술혁신형 중소기업(이노비즈),주식회사 판촉사랑,도매 및 소매업,도매 및 상품 중개업,중소기업,107.0,인천 남동구,147,2026-08-01 02:44:01
기술력 우수,기술혁신형 중소기업(이노비즈),두레시닝(주),도매 및 소매업,도매 및 상품 중개업,중소기업,657.0,서울 서초구,123,2026-08-01 02:44:01
기술력 우수,기술혁신형 중소기업(이노비즈),신화철강주식회사,도매 및 소매업,도매 및 상품 중개업,중소기업,42.0,경남 창원시 의창구,103,2026-08-01 02:44:01
기술력 우수,월드클래스300,카스(주),도매 및 소매업,도매 및 상품 중개업,중견기업,334.0,경기 양주시,99,2026-08-01 02:44:01
기술력 우수,기술혁신형 중소기업(이노비즈),(주)토탈베이커리시스템,도매 및 소매업,도매 및 상품 중개업,중소기업,17.0,서울 동작구,97,2026-08-01 02:44:01
기술력 우수,기술혁신형 중소기업(이노비즈),(주)에이씨아이케미칼아시아,도매 및 소매업,도매 및 상품 중개업,중소기업,18.0,서울 성동구,78,2026-08-01 02:44:01
기술력 우수,기술혁신형 중소기업(이노비즈),주식회사굿링크,도매 및 소매업,도매 및 상품 중개업,중소기업,36.0,경남 진주시,78,2026-08-01 02:44:01
기술력 우수,기술혁신형 중소기업(이노비즈),(주)톨리코리아,도매 및 소매업,도매 및 상품 중개업,중소기업,141.0,경기 부천시 원미구,63,2026-08-01 02:44:01
기술력 우수,기술혁신형 중소기업(이노비즈),청베니프,도매 및 소매업,도매 및 상품 중개업,중소기업,10.0,대구 수성구,62,2026-08-01 02:44:01
기술력 우수,기술혁신형 중소기업(이노비즈),주식회사제일아쿠아,도매 및 소매업,도매 및 상품 중개업,중소기업,39.0,서울 성북구,62,2026-08-01 02:44:01
기술력 우수,기술혁신형 중소기업(이노비즈),(주)라텍,도매 및 소매업,도매 및 상품 중개업,중소기업,26.0,부산 사상구,59,2026-08-01 02:44:01
기술력 우수,기술혁신형 중소기업(이노비즈),(주)에코피플,도매 및 소매업,도매 및 상품 중개업,중소기업,30.0,서울 광진구,51,2026-08-01 02:44:01
기술력 우수,기술혁신형 중소기업(이노비즈),주식회사백두에프앤에스,도매 및 소매업,도매 및 상품 중개업,중소기업,41.0,대구 동구,43,2026-08-01 02:44:01
기술력 우수,기술혁신형 중소기업(이노비즈),동연스틸(주),도매 및 소매업,도매 및 상품 중개업,중소기업,153.0,부산 강서구,41,2026-08-01 02:44:01
기술력 우수,기술혁신형 중소기업(이노비즈),(주)삼현케미칼,도매 및 소매업,도매 및 상품 중개업,중소기업,34.0,경기 광주시,39,2026-08-01 02:44:01
기술력 우수,기술혁신형 중소기업(이노비즈),주식회사 에스디이앤티,도매 및 소매업,도매 및 상품 중개업,중소기업,96.0,경남 창원시 마산회원구,38,2026-08-01 02:44:01
기술력 우수,기술혁신형 중소기업(이노비즈),(주)에스엘메디케어,도매 및 소매업,도매 및 상품 중개업,중소기업,33.0,서울 서초구,38,2026-08-01 02:44:01
기술력 우수,기술혁신형 중소기업(이노비즈),주식회사 탐나는초콜릿,도매 및 소매업,도매 및 상품 중개업,중소기업,,제주 제주시,35,2026-08-01 02:44:01
기술력 우수,기술혁신형 중소기업(이노비즈),주식회사올가코리아,도매 및 소매업,도매 및 상품 중개업,중소기업,,대구 서구,34,2026-08-01 02:44:01
기술력 우수,기술혁신형 중소기업(이노비즈),(주)서한케어,도매 및 소매업,도매 및 상품 중개업,중소기업,15.0,경기 용인시 처인구,34,2026-08-01 02:44:01
기술력 우수,기술혁신형 중소기업(이노비즈),(주)대창무역,도매 및 소매업,도매 및 상품 중개업,중소기업,26.0,대구 서구,32,2026-08-01 02:44:01
기술력 우수,기술혁신형 중소기업(이노비즈),주식회사 PN풍년,도매 및 소매업,도매 및 상품 중개업,중소기업,142.0,경기 안산시 단원구,29,2026-08-01 02:44:01
기술력 우수,기술혁신형 중소기업(이노비즈),복정제형(주),도매 및 소매업,도매 및 상품 중개업,중소기업,137.0,서울 마포구,28,2026-08-01 02:44:01
기술력 우수,기술혁신형 중소기업(이노비즈),세인플렉스(주),도매 및 소매업,도매 및 상품 중개업,중소기업,23.0,경기 안양시 동안구,28,2026-08-01 02:44:01
기술력 우수,기술혁신형 중소기업(이노비즈),대호에스텍(주),도매 및 소매업,도매 및 상품 중개업,중소기업,44.0,경기 시흥시,28,2026-08-01 02:44:01
기술력 우수,기술혁신형 중소기업(이노비즈),(주)골드팡,도매 및 소매업,도매 및 상품 중개업,중소기업,123.0,서울 종로구,28,2026-08-01 02:44:01
기술력 우수,기술혁신형 중소기업(이노비즈),농업회사법인주식회사백제,도매 및 소매업,도매 및 상품 중개업,중소기업,128.0,충남 홍성군,28,2026-08-01 02:44:01
기술력 우수,기술혁신형 중소기업(이노비즈),(주)기창인포텍,도매 및 소매업,도매 및 상품 중개업,중소기업,26.0,서울 금천구,28,2026-08-01 02:44:01
기술력 우수,기술혁신형 중소기업(이노비즈),(주)현전사,도매 및 소매업,도매 및 상품 중개업,중소기업,78.0,부산 부산진구,27,2026-08-01 02:44:01
기술력 우수,기술혁신형 중소기업(이노비즈),더블에프엔비(주),도매 및 소매업,도매 및 상품 중개업,중소기업,11.0,경기 파주시,27,2026-08-01 02:44:01
기술력 우수,기술혁신형 중소기업(이노비즈),(주)한국하이티엔,도매 및 소매업,도매 및 상품 중개업,중소기업,35.0,인천 계양구,27,2026-08-01 02:44:01
기술력 우수,기술혁신형 중소기업(이노비즈),케이와이식품주식회사,도매 및 소매업,도매 및 상품 중개업,중소기업,33.0,,26,2026-08-01 02:44:01
기술력 우수,기술혁신형 중소기업(이노비즈),(주)한국푸드시스템,도매 및 소매업,도매 및 상품 중개업,중소기업,57.0,강원 춘천시,26,2026-08-01 02:44:01
기술력 우수,기술혁신형 중소기업(이노비즈),(주)벤트윈,도매 및 소매업,도매 및 상품 중개업,중소기업,27.0,경기 양주시,25,2026-08-01 02:44:01
기술력 우수,기술혁신형 중소기업(이노비즈),금호마린테크(주),도매 및 소매업,도매 및 상품 중개업,중소기업,25.0,부산 남구,25,2026-08-01 02:44:01
기술력 우수,기술혁신형 중소기업(이노비즈),(주)와토코리아,도매 및 소매업,도매 및 상품 중개업,중소기업,17.0,경기 고양시 일산동구,25,2026-08-01 02:44:01
기술력 우수,기술혁신형 중소기업(이노비즈),브이엠이텍주식회사,도매 및 소매업,도매 및 상품 중개업,중소기업,30.0,경기 광명시,24,2026-08-01 02:44:01
기술력 우수,기술혁신형 중소기업(이노비즈),(주)컴테크케미칼,도매 및 소매업,도매 및 상품 중개업,중소기업,42.0,경남 김해시,24,2026-08-01 02:44:01
기술력 우수,기술혁신형 중소기업(이노비즈),주식회사 마팔하이테코,도매 및 소매업,도매 및 상품 중개업,중소기업,262.0,경기 시흥시,24,2026-08-01 02:44:01
기술력 우수,기술혁신형 중소기업(이노비즈),(주)원플러스원,도매 및 소매업,도매 및 상품 중개업,중소기업,31.0,충북 음성군,23,2026-08-01 02:44:01
기술력 우수,기술혁신형 중소기업(이노비즈),(주)초이스엔텍,도매 및 소매업,도매 및 상품 중개업,중소기업,18.0,경기 안양시 동안구,23,2026-08-01 02:44:01
기술력 우수,기술혁신형 중소기업(이노비즈),한국도키멕주식회사,도매 및 소매업,도매 및 상품 중개업,중소기업,101.0,서울 영등포구,23,2026-08-01 02:44:01
기술력 우수,기술혁신형 중소기업(이노비즈),한국해양개발(주),도매 및 소매업,도매 및 상품 중개업,중소기업,55.0,부산 동구,23,2026-08-01 02:44:01
기술력 우수,기술혁신형 중소기업(이노비즈),에이스공조(주),도매 및 소매업,도매 및 상품 중개업,중소기업,20.0,경기 안양시 동안구,23,2026-08-01 02:44:01
기술력 우수,기술혁신형 중소기업(이노비즈),(주)서원양행,도매 및 소매업,도매 및 상품 중개업,중소기업,114.0,경기 부천시 원미구,22,2026-08-01 02:44:01
기술력 우수,기술혁신형 중소기업(이노비즈),주식회사세기시스템,도매 및 소매업,도매 및 상품 중개업,중소기업,33.0,부산 해운대구,22,2026-08-01 02:44:01
기술력 우수,기술혁신형 중소기업(이노비즈),(주)건백,도매 및 소매업,도매 및 상품 중개업,중소기업,56.0,경북 경산시,22,2026-08-01 02:44:01
기술력 우수,기술혁신형 중소기업(이노비즈),(주)펜타코리아,도매 및 소매업,도매 및 상품 중개업,중소기업,19.0,경남 진주시,22,2026-08-01 02:44:01
기술력 우수,기술혁신형 중소기업(이노비즈),엘에스통신(주),도매 및 소매업,도매 및 상품 중개업,중소기업,32.0,경기 안양시 만안구,22,2026-08-01 02:44:01
기술력 우수,기술혁신형 중소기업(이노비즈),(주)에어피엔씨,도매 및 소매업,도매 및 상품 중개업,중소기업,11.0,경기 김포시,22,2026-08-01 02:44:01
기술력 우수,기술혁신형 중소기업(이노비즈),주식회사 지웰,도매 및 소매업,도매 및 상품 중개업,중소기업,13.0,충북 보은군,21,2026-08-01 02:44:01
기술력 우수,기술혁신형 중소기업(이노비즈),농업회사법인홍성풀무주식회사,도매 및 소매업,도매 및 상품 중개업,중소기업,14.0,충남 홍성군,21,2026-08-01 02:44:01
기술력 우수,기술혁신형 중소기업(이노비즈),주식회사삼합금속,도매 및 소매업,도매 및 상품 중개업,중소기업,6.0,경기 화성시,21,2026-08-01 02:44:01
기술력 우수,기술혁신형 중소기업(이노비즈),(주)서린바이오사이언스,도매 및 소매업,도매 및 상품 중개업,중소기업,118.0,경기 성남시 분당구,21,2026-08-01 02:44:01
기술력 우수,기술혁신형 중소기업(이노비즈),(주)해동엔지니어링,도매 및 소매업,도매 및 상품 중개업,중소기업,28.0,경북 포항시 남구,20,2026-08-01 02:44:01
기술력 우수,기술혁신형 중소기업(이노비즈),주)한국크레딕라이프,도매 및 소매업,도매 및 상품 중개업,중견기업,141.0,서울 영등포구,20,2026-08-01 02:44:01
기술력 우수,기술혁신형 중소기업(이노비즈),농업회사법인(주)네니아,도매 및 소매업,도매 및 상품 중개업,중소기업,22.0,경기 양평군,19,2026-08-01 02:44:01
기술력 우수,기술혁신형 중소기업(이노비즈),인성인터내쇼날(주),도매 및 소매업,도매 및 상품 중개업,중소기업,10.0,서울 금천구,19,2026-08-01 02:44:01
기술력 우수,기술혁신형 중소기업(이노비즈),(주)영일,도매 및 소매업,도매 및 상품 중개업,중소기업,25.0,경남 양산시,19,2026-08-01 02:44:01
기술력 우수,기술혁신형 중소기업(이노비즈),주식회사진영,도매 및 소매업,도매 및 상품 중개업,중소기업,60.0,경북 고령군,18,2026-08-01 02:44:01
기술력 우수,기술혁신형 중소기업(이노비즈),(주)고려전기,도매 및 소매업,도매 및 상품 중개업,중소기업,22.0,서울 종로구,18,2026-08-01 02:44:01
기술력 우수,기술혁신형 중소기업(이노비즈),(주)미트코리아,도매 및 소매업,도매 및 상품 중개업,중소기업,,경북 영천시,18,2026-08-01 02:44:01
기술력 우수,기술혁신형 중소기업(이노비즈),(주)반찬단지,도매 및 소매업,도매 및 상품 중개업,중견기업,158.0,,18,2026-08-01 02:44:01
기술력 우수,기술혁신형 중소기업(이노비즈),주식회사 진인프라,도매 및 소매업,도매 및 상품 중개업,중견기업,424.0,경기 성남시 분당구,17,2026-08-01 02:44:01
기술력 우수,기술혁신형 중소기업(이노비즈),(주)렌즈맘,도매 및 소매업,도매 및 상품 중개업,중소기업,27.0,경기 성남시 중원구,17,2026-08-01 02:44:01
기술력 우수,기술혁신형 중소기업(이노비즈),제이엠아이(주),도매 및 소매업,도매 및 상품 중개업,중소기업,26.0,강원 원주시,17,2026-08-01 02:44:01
기술력 우수,기술혁신형 중소기업(이노비즈),(주)윈가람,도매 및 소매업,도매 및 상품 중개업,중소기업,16.0,,17,2026-08-01 02:44:01
기술력 우수,기술혁신형 중소기업(이노비즈),(주)젠한국 (ZEN),도매 및 소매업,도매 및 상품 중개업,중소기업,44.0,충북 청주시 청원구,16,2026-08-01 02:44:01
기술력 우수,기술혁신형 중소기업(이노비즈),(주)토마스케이블,도매 및 소매업,도매 및 상품 중개업,중소기업,69.0,충북 청주시 청원구,16,2026-08-01 02:44:01
기술력 우수,기술혁신형 중소기업(이노비즈),(주)상촌인터내쇼날,도매 및 소매업,도매 및 상품 중개업,중소기업,5.0,경기 부천시,16,2026-08-01 02:44:01
기술력 우수,기술혁신형 중소기업(이노비즈),(주)세일글로발,도매 및 소매업,도매 및 상품 중개업,중소기업,59.0,부산 금정구,16,2026-08-01 02:44:01
기술력 우수,기술혁신형 중소기업(이노비즈),철은인터내셔날(주),도매 및 소매업,도매 및 상품 중개업,중소기업,73.0,,15,2026-08-01 02:44:01
기술력 우수,기술혁신형 중소기업(이노비즈),디투유이앤씨주식회사,도매 및 소매업,도매 및 상품 중개업,중소기업,12.0,경기 용인시 수지구,15,2026-08-01 02:44:01
기술력 우수,기술혁신형 중소기업(이노비즈),해뜨락영농조합법인,도매 및 소매업,도매 및 상품 중개업,중소기업,,경북 영천시,14,2026-08-01 02:44:01
기술력 우수,기술혁신형 중소기업(이노비즈),엠스틸(유),도매 및 소매업,도매 및 상품 중개업,중소기업,27.0,경기 평택시,14,2026-08-01 02:44:01
기술력 우수,기술혁신형 중소기업(이노비즈),주식회사월드텍,도매 및 소매업,도매 및 상품 중개업,중소기업,14.0,강원 원주시,14,2026-08-01 02:44:01
기술력 우수,기술혁신형 중소기업(이노비즈),"(주)디티에스엠지 (DTS MG Co., Ltd)",도매 및 소매업,도매 및 상품 중개업,중소기업,21.0,서울 성동구,14,2026-08-01 02:44:01
기술력 우수,기술혁신형 중소기업(이노비즈),주식회사 윈텍,도매 및 소매업,도매 및 상품 중개업,중소기업,15.0,경기 남양주시,13,2026-08-01 02:44:01
기술력 우수,기술혁신형 중소기업(이노비즈),(주)바이온셀,도매 및 소매업,도매 및 상품 중개업,중소기업,8.0,충북 진천군,12,2026-08-01 02:44:01
기술력 우수,기술혁신형 중소기업(이노비즈),(주)테크노밸리,도매 및 소매업,도매 및 상품 중개업,중소기업,36.0,서울 서초구,12,2026-08-01 02:44:01
기술력 우수,기술혁신형 중소기업(이노비즈),(주)스타로닉,도매 및 소매업,도매 및 상품 중개업,중소기업,23.0,서울 영등포구,12,2026-08-01 02:44:01
기술력 우수,기술혁신형 중소기업(이노비즈),(주)일웅플라텍,도매 및 소매업,도매 및 상품 중개업,중소기업,30.0,서울 구로구,12,2026-08-01 02:44:01
기술력 우수,기술혁신형 중소기업(이노비즈),(주)다움코퍼레이션,도매 및 소매업,도매 및 상품 중개업,중소기업,24.0,서울 중랑구,12,2026-08-01 02:44:01
기술력 우수,기술혁신형 중소기업(이노비즈),한성피.엔.씨,도매 및 소매업,도매 및 상품 중개업,중소기업,17.0,경남 김해시,12,2026-08-01 02:44:01
기술력 우수,기술혁신형 중소기업(이노비즈),(주)마닉스,도매 및 소매업,도매 및 상품 중개업,중소기업,30.0,경기 안성시,11,2026-08-01 02:44:01
기술력 우수,기술혁신형 중소기업(이노비즈),주식회사카이스,도매 및 소매업,도매 및 상품 중개업,중소기업,42.0,경기 성남시 분당구,11,2026-08-01 02:44:01
기술력 우수,기술혁신형 중소기업(이노비즈),(주)조은데코,도매 및 소매업,도매 및 상품 중개업,중소기업,31.0,,11,2026-08-01 02:44:01
기술력 우수,기술혁신형 중소기업(이노비즈),지상뉴매틱(주),도매 및 소매업,도매 및 상품 중개업,중소기업,27.0,경북 구미시,11,2026-08-01 02:44:01
기술력 우수,기술혁신형 중소기업(이노비즈),(주)온쿡 농업회사법인,도매 및 소매업,도매 및 상품 중개업,중소기업,31.0,전북 고창군,11,2026-08-01 02:44:01
기술력 우수,기술혁신형 중소기업(이노비즈),화남식품산업,도매 및 소매업,도매 및 상품 중개업,중소기업,14.0,경기 김포시,11,2026-08-01 02:44:01
기술력 우수,기술혁신형 중소기업(이노비즈),(주)이노트,도매 및 소매업,도매 및 상품 중개업,중소기업,31.0,경기 안양시 만안구,10,2026-08-01 02:44:01
기술력 우수,기술혁신형 중소기업(이노비즈),주식회사 성진기술,도매 및 소매업,도매 및 상품 중개업,중소기업,35.0,경기 화성시,10,2026-08-01 02:44:01
기술력 우수,기술혁신형 중소기업(이노비즈),(주)에이치투씨디자인,도매 및 소매업,도매 및 상품 중개업,중소기업,13.0,대구 북구,10,2026-08-01 02:44:01
기술력 우수,기술혁신형 중소기업(이노비즈),(주)삼인,도매 및 소매업,도매 및 상품 중개업,중소기업,64.0,경기 시흥시,10,2026-08-01 02:44:01
기술력 우수,기술혁신형 중소기업(이노비즈),주식회사아이웍스,도매 및 소매업,도매 및 상품 중개업,중소기업,75.0,경남 창원시 성산구,9,2026-08-01 02:44:01
기술력 우수,기술혁신형 중소기업(이노비즈),(주)전진티티에스,도매 및 소매업,도매 및 상품 중개업,중소기업,27.0,,9,2026-08-01 02:44:01
기술력 우수,기술혁신형 중소기업(이노비즈),(주)조양메디칼인더스트리,도매 및 소매업,도매 및 상품 중개업,중소기업,23.0,경기 성남시 중원구,9,2026-08-01 02:44:01
기술력 우수,기술혁신형 중소기업(이노비즈),(주)신화테크,도매 및 소매업,도매 및 상품 중개업,중소기업,20.0,경기 군포시,9,2026-08-01 02:44:01
기술력 우수,기술혁신형 중소기업(이노비즈),주식회사 조양테크,도매 및 소매업,도매 및 상품 중개업,중소기업,25.0,서울 금천구,9,2026-08-01 02:44:01
기술력 우수,기술혁신형 중소기업(이노비즈),주식회사두래,도매 및 소매업,도매 및 상품 중개업,중소기업,35.0,경기 안양시 동안구,9,2026-08-01 02:44:01
기술력 우수,기술혁신형 중소기업(이노비즈),(주)학산,도매 및 소매업,도매 및 상품 중개업,중소기업,81.0,부산 강서구,9,2026-08-01 02:44:01
기술력 우수,기술혁신형 중소기업(이노비즈),시그마엘이디 주식회사,도매 및 소매업,도매 및 상품 중개업,중소기업,29.0,충남 아산시,9,2026-08-01 02:44:01
기술력 우수,기술혁신형 중소기업(이노비즈),(주)유니정보,도매 및 소매업,도매 및 상품 중개업,중소기업,61.0,서울 금천구,9,2026-08-01 02:44:01
기술력 우수,기술혁신형 중소기업(이노비즈),아이씨뱅큐(주),도매 및 소매업,도매 및 상품 중개업,중소기업,98.0,서울 금천구,8,2026-08-01 02:44:01
기술력 우수,기술혁신형 중소기업(이노비즈),(주)가보유공압테크,도매 및 소매업,도매 및 상품 중개업,중소기업,15.0,,8,2026-08-01 02:44:01
기술력 우수,기술혁신형 중소기업(이노비즈),(주)두손씨에스티,도매 및 소매업,도매 및 상품 중개업,중소기업,71.0,서울 금천구,8,2026-08-01 02:44:01
기술력 우수,기술혁신형 중소기업(이노비즈),주식회사 겐츠베이커리,도매 및 소매업,도매 및 상품 중개업,중소기업,153.0,부산 남구,8,2026-08-01 02:44:01
기술력 우수,기술혁신형 중소기업(이노비즈),울파기술 주식회사,도매 및 소매업,도매 및 상품 중개업,중소기업,23.0,서울 금천구,7,2026-08-01 02:44:01
기술력 우수,기술혁신형 중소기업(이노비즈),주식회사 비티알수성,도매 및 소매업,도매 및 상품 중개업,중소기업,20.0,,7,2026-08-01 02:44:01
기술력 우수,기술혁신형 중소기업(이노비즈),(주)명성인스트루먼트,도매 및 소매업,도매 및 상품 중개업,중소기업,14.0,서울 금천구,7,2026-08-01 02:44:01
기술력 우수,기술혁신형 중소기업(이노비즈),(주)신흥계기,도매 및 소매업,도매 및 상품 중개업,중소기업,15.0,서울 금천구,7,2026-08-01 02:44:01
기술력 우수,기술혁신형 중소기업(이노비즈),에스비비 주식회사,도매 및 소매업,도매 및 상품 중개업,중소기업,4.0,경남 김해시,7,2026-08-01 02:44:01
기술력 우수,기술혁신형 중소기업(이노비즈),케이투레이저시스템(주),도매 및 소매업,도매 및 상품 중개업,중소기업,53.0,경기 안양시 만안구,7,2026-08-01 02:44:01
기술력 우수,기술혁신형 중소기업(이노비즈),(주)아이티윈,도매 및 소매업,도매 및 상품 중개업,중소기업,28.0,부산 서구,6,2026-08-01 02:44:01
기술력 우수,기술혁신형 중소기업(이노비즈),(주)아쿠아픽,도매 및 소매업,도매 및 상품 중개업,중소기업,36.0,서울 금천구,6,2026-08-01 02:44:01
기술력 우수,기술혁신형 중소기업(이노비즈),세진페이퍼,도매 및 소매업,도매 및 상품 중개업,중소기업,52.0,경기 용인시 처인구,6,2026-08-01 02:44:01
기술력 우수,기술혁신형 중소기업(이노비즈),(주)진바이오텍,도매 및 소매업,도매 및 상품 중개업,중소기업,40.0,충남 공주시,6,2026-08-01 02:44:01
기술력 우수,기술혁신형 중소기업(이노비즈),오피전력기술(주),도매 및 소매업,도매 및 상품 중개업,중소기업,40.0,경기 성남시 수정구,6,2026-08-01 02:44:01
기술력 우수,기술혁신형 중소기업(이노비즈),(주)보명아이엔씨,도매 및 소매업,도매 및 상품 중개업,중소기업,39.0,경기 수원시 영통구,6,2026-08-01 02:44:01
기술력 우수,기술혁신형 중소기업(이노비즈),현대모터산업(주),도매 및 소매업,도매 및 상품 중개업,중소기업,21.0,경기 시흥시,6,2026-08-01 02:44:01
기술력 우수,기술혁신형 중소기업(이노비즈),(주)휴브글로벌,도매 및 소매업,도매 및 상품 중개업,중소기업,36.0,서울 영등포구,6,2026-08-01 02:44:01
기술력 우수,기술혁신형 중소기업(이노비즈),코리아테크노(주),도매 및 소매업,도매 및 상품 중개업,중소기업,95.0,경기 광주시,6,2026-08-01 02:44:01
기술력 우수,기술혁신형 중소기업(이노비즈),주식회사 태흥에프엔지,도매 및 소매업,도매 및 상품 중개업,중소기업,17.0,경기 부천시,5,2026-08-01 02:44:01
기술력 우수,기술혁신형 중소기업(이노비즈),하이텍앤솔(주),도매 및 소매업,도매 및 상품 중개업,중소기업,92.0,서울 송파구,5,2026-08-01 02:44:01
기술력 우수,기술혁신형 중소기업(이노비즈),주식회사알씨,도매 및 소매업,도매 및 상품 중개업,중소기업,38.0,경기 남양주시,5,2026-08-01 02:44:01
기술력 우수,기술혁신형 중소기업(이노비즈),퍼스트실리콘 주식회사,도매 및 소매업,도매 및 상품 중개업,중소기업,34.0,서울 금천구,5,2026-08-01 02:44:01
기술력 우수,기술혁신형 중소기업(이노비즈),(주)이브자리,도매 및 소매업,도매 및 상품 중개업,중소기업,25.0,서울 강남구,5,2026-08-01 02:44:01
기술력 우수,기술혁신형 중소기업(이노비즈),(주)선경,도매 및 소매업,도매 및 상품 중개업,중소기업,11.0,,5,2026-08-01 02:44:01
기술력 우수,기술혁신형 중소기업(이노비즈),(주)천우티이엠,도매 및 소매업,도매 및 상품 중개업,중소기업,27.0,경기 김포시,5,2026-08-01 02:44:01
기술력 우수,기술혁신형 중소기업(이노비즈),대형웍스(주),도매 및 소매업,도매 및 상품 중개업,중소기업,56.0,경남 창원시 의창구,5,2026-08-01 02:44:01
기술력 우수,기술혁신형 중소기업(이노비즈),(주)엔라인,도매 및 소매업,도매 및 상품 중개업,중소기업,124.0,서울 종로구,5,2026-08-01 02:44:01
기술력 우수,기술혁신형 중소기업(이노비즈),씨케이브릿지주식회사,도매 및 소매업,도매 및 상품 중개업,중소기업,26.0,부산 남구,5,2026-08-01 02:44:01
기술력 우수,기술혁신형 중소기업(이노비즈),주식회사 목화,도매 및 소매업,도매 및 상품 중개업,중소기업,20.0,충북 청주시 흥덕구,5,2026-08-01 02:44:01
기술력 우수,기술혁신형 중소기업(이노비즈),(주)비제이라이팅,도매 및 소매업,도매 및 상품 중개업,중소기업,,경기 김포시,5,2026-08-01 02:44:01
기술력 우수,기술혁신형 중소기업(이노비즈),주식회사 엔에스지,도매 및 소매업,도매 및 상품 중개업,중소기업,108.0,경기 수원시 영통구,5,2026-08-01 02:44:01
기술력 우수,기술혁신형 중소기업(이노비즈),송림기업(주),도매 및 소매업,도매 및 상품 중개업,중소기업,10.0,경기 포천시,5,2026-08-01 02:44:01
기술력 우수,기술혁신형 중소기업(이노비즈),(주)제이월드,도매 및 소매업,도매 및 상품 중개업,중소기업,55.0,경기 군포시,5,2026-08-01 02:44:01
기술력 우수,기술혁신형 중소기업(이노비즈),(주)플로우테크,도매 및 소매업,도매 및 상품 중개업,중소기업,21.0,경기 성남시 중원구,4,2026-08-01 02:44:01
기술력 우수,기술혁신형 중소기업(이노비즈),(주)테스글로벌,도매 및 소매업,도매 및 상품 중개업,중소기업,14.0,울산 남구,4,2026-08-01 02:44:01
기술력 우수,기술혁신형 중소기업(이노비즈),대신네트웍스주식회사,도매 및 소매업,도매 및 상품 중개업,중소기업,57.0,경남 창원시 성산구,4,2026-08-01 02:44:01
기술력 우수,기술혁신형 중소기업(이노비즈),주식회사 이엑스케어,도매 및 소매업,도매 및 상품 중개업,중소기업,,경기 고양시 일산동구,4,2026-08-01 02:44:01
기술력 우수,기술혁신형 중소기업(이노비즈),(주)삼일씨앤에프,도매 및 소매업,도매 및 상품 중개업,중소기업,73.0,경기 용인시 처인구,4,2026-08-01 02:44:01
기술력 우수,기술혁신형 중소기업(이노비즈),(주)뮤제오,도매 및 소매업,도매 및 상품 중개업,중소기업,30.0,서울 성동구,4,2026-08-01 02:44:01
기술력 우수,기술혁신형 중소기업(이노비즈),(주)이글벳,도매 및 소매업,도매 및 상품 중개업,중소기업,108.0,충남 예산군,4,2026-08-01 02:44:01
기술력 우수,기술혁신형 중소기업(이노비즈),(주)호경에프씨,도매 및 소매업,도매 및 상품 중개업,중소기업,30.0,경기 김포시,4,2026-08-01 02:44:01
기술력 우수,기술혁신형 중소기업(이노비즈),(주)신코,도매 및 소매업,도매 및 상품 중개업,중소기업,74.0,서울 강남구,4,2026-08-01 02:44:01
기술력 우수,기술혁신형 중소기업(이노비즈),(주)스타네트웍스,도매 및 소매업,도매 및 상품 중개업,중소기업,23.0,경기 성남시 분당구,4,2026-08-01 02:44:01
기술력 우수,기술혁신형 중소기업(이노비즈),(주)벡트(VECT),도매 및 소매업,도매 및 상품 중개업,중소기업,51.0,서울 강남구,3,2026-08-01 02:44:01
기술력 우수,기술혁신형 중소기업(이노비즈),(주)글로벌엔지니어링,도매 및 소매업,도매 및 상품 중개업,중소기업,9.0,경기 용인시 처인구,3,2026-08-01 02:44:01
기술력 우수,기술혁신형 중소기업(이노비즈),유텔레콤(주),도매 및 소매업,도매 및 상품 중개업,중소기업,12.0,서울 강서구,3,2026-08-01 02:44:01
기술력 우수,기술혁신형 중소기업(이노비즈),(주)청솔에프앤비,도매 및 소매업,도매 및 상품 중개업,중소기업,19.0,경기 남양주시,3,2026-08-01 02:44:01
기술력 우수,기술혁신형 중소기업(이노비즈),(주)일광폴리머,도매 및 소매업,도매 및 상품 중개업,중소기업,68.0,경기 화성시,3,2026-08-01 02:44:01
기술력 우수,기술혁신형 중소기업(이노비즈),(주) 바이오스트림,도매 및 소매업,도매 및 상품 중개업,중소기업,79.0,경기 용인시 기흥구,3,2026-08-01 02:44:01
기술력 우수,기술혁신형 중소기업(이노비즈),"주식회사 큐이디 (QED, INC.)",도매 및 소매업,도매 및 상품 중개업,중소기업,75.0,서울 서초구,3,2026-08-01 02:44:01
기술력 우수,기술혁신형 중소기업(이노비즈),(주)그룬(Groon),도매 및 소매업,도매 및 상품 중개업,중소기업,13.0,전북 전주시 덕진구,3,2026-08-01 02:44:01
기술력 우수,기술혁신형 중소기업(이노비즈),대호씨엔씨 주식회사,도매 및 소매업,도매 및 상품 중개업,중소기업,13.0,,3,2026-08-01 02:44:01
기술력 우수,기술혁신형 중소기업(이노비즈),앤드모어,도매 및 소매업,도매 및 상품 중개업,중소기업,55.0,경기 구리시,3,2026-08-01 02:44:01
기술력 우수,기술혁신형 중소기업(이노비즈),선우이엔지 주식회사,도매 및 소매업,도매 및 상품 중개업,중소기업,25.0,경기 광주시,3,2026-08-01 02:44:01
기술력 우수,기술혁신형 중소기업(이노비즈),경기종합철강(주),도매 및 소매업,도매 및 상품 중개업,중소기업,13.0,경기 시흥시,3,2026-08-01 02:44:01
기술력 우수,기술혁신형 중소기업(이노비즈),(주)시스템앤솔루션,도매 및 소매업,도매 및 상품 중개업,중소기업,22.0,경기 수원시 영통구,3,2026-08-01 02:44:01
기술력 우수,기술혁신형 중소기업(이노비즈),(주)비전바이오켐,도매 및 소매업,도매 및 상품 중개업,중소기업,42.0,경기 성남시 중원구,3,2026-08-01 02:44:01
기술력 우수,기술혁신형 중소기업(이노비즈),(주)오래온라이프사이언스,도매 및 소매업,도매 및 상품 중개업,중소기업,20.0,경기 성남시 중원구,3,2026-08-01 02:44:01
기술력 우수,기술혁신형 중소기업(이노비즈),모본주식회사,도매 및 소매업,도매 및 상품 중개업,중소기업,42.0,서울 강남구,3,2026-08-01 02:44:01
기술력 우수,기술혁신형 중소기업(이노비즈),(주)코스메랩,도매 및 소매업,도매 및 상품 중개업,중소기업,25.0,서울 강남구,3,2026-08-01 02:44:01
기술력 우수,기술혁신형 중소기업(이노비즈),(주)이스트림,도매 및 소매업,도매 및 상품 중개업,중소기업,24.0,서울 금천구,3,2026-08-01 02:44:01
기술력 우수,기술혁신형 중소기업(이노비즈),(주)명인코리아,도매 및 소매업,도매 및 상품 중개업,중소기업,47.0,경기 화성시,3,2026-08-01 02:44:01
기술력 우수,기술혁신형 중소기업(이노비즈),에스지에스한국주식회사,도매 및 소매업,도매 및 상품 중개업,중소기업,22.0,경기 화성시,3,2026-08-01 02:44:01
기술력 우수,기술혁신형 중소기업(이노비즈),(주)아이커머,도매 및 소매업,도매 및 상품 중개업,중소기업,53.0,서울 영등포구,3,2026-08-01 02:44:01
기술력 우수,기술혁신형 중소기업(이노비즈),주식회사 엠엠티,도매 및 소매업,도매 및 상품 중개업,중소기업,46.0,경기 용인시 처인구,2,2026-08-01 02:44:01
기술력 우수,기술혁신형 중소기업(이노비즈),(주)엔에스유통,도매 및 소매업,도매 및 상품 중개업,중소기업,54.0,경기 이천시,2,2026-08-01 02:44:01
기술력 우수,기술혁신형 중소기업(이노비즈),(주)마티아솔루션,도매 및 소매업,도매 및 상품 중개업,중소기업,67.0,서울 영등포구,2,2026-08-01 02:44:01
기술력 우수,기술혁신형 중소기업(이노비즈),(주)투데이게이트,도매 및 소매업,도매 및 상품 중개업,중소기업,52.0,서울 금천구,2,2026-08-01 02:44:01
기술력 우수,기술혁신형 중소기업(이노비즈),거산무역상사,도매 및 소매업,도매 및 상품 중개업,중소기업,16.0,서울 성동구,2,2026-08-01 02:44:01
기술력 우수,기술혁신형 중소기업(이노비즈),(주)라이온플러스,도매 및 소매업,도매 및 상품 중개업,중소기업,58.0,부산 동래구,2,2026-08-01 02:44:01
기술력 우수,기술혁신형 중소기업(이노비즈),(주)위존,도매 및 소매업,도매 및 상품 중개업,중소기업,193.0,서울 송파구,2,2026-08-01 02:44:01
기술력 우수,기술혁신형 중소기업(이노비즈),(주)마미엘,도매 및 소매업,도매 및 상품 중개업,중소기업,24.0,서울 구로구,2,2026-08-01 02:44:01
기술력 우수,기술혁신형 중소기업(이노비즈),(주)인투바이오,도매 및 소매업,도매 및 상품 중개업,중소기업,36.0,경기 화성시,2,2026-08-01 02:44:01
기술력 우수,기술혁신형 중소기업(이노비즈),주식회사 티지에스,도매 및 소매업,도매 및 상품 중개업,중소기업,271.0,경기 안산시 단원구,2,2026-08-01 02:44:01
기술력 우수,기술혁신형 중소기업(이노비즈),주식회사네스코,도매 및 소매업,도매 및 상품 중개업,중소기업,6.0,경남 밀양시,2,2026-08-01 02:44:01
기술력 우수,기술혁신형 중소기업(이노비즈),(주)수프로,도매 및 소매업,도매 및 상품 중개업,중소기업,26.0,서울 서초구,2,2026-08-01 02:44:01
기술력 우수,기술혁신형 중소기업(이노비즈),(주)하이테크이엔지,도매 및 소매업,도매 및 상품 중개업,중소기업,39.0,경기 하남시,2,2026-08-01 02:44:01
기술력 우수,기술혁신형 중소기업(이노비즈),주식회사 유니벨,도매 및 소매업,도매 및 상품 중개업,중소기업,12.0,경기 화성시,2,2026-08-01 02:44:01
기술력 우수,기술혁신형 중소기업(이노비즈),주식회사와이즈메디텍,도매 및 소매업,도매 및 상품 중개업,중소기업,16.0,경기 안양시 동안구,2,2026-08-01 02:44:01
기술력 우수,기술혁신형 중소기업(이노비즈),주식회사 케이알시스,도매 및 소매업,도매 및 상품 중개업,중소기업,35.0,경기 광명시,2,2026-08-01 02:44:01
기술력 우수,기술혁신형 중소기업(이노비즈),디케이엠텍(주),도매 및 소매업,도매 및 상품 중개업,중소기업,49.0,서울 강남구,2,2026-08-01 02:44:01
기술력 우수,기술혁신형 중소기업(이노비즈),주식회사 유엠씨사이언스,도매 및 소매업,도매 및 상품 중개업,중소기업,14.0,경기 고양시 일산동구,2,2026-08-01 02:44:01
기술력 우수,기술혁신형 중소기업(이노비즈),(주)고성엔지니어링,도매 및 소매업,도매 및 상품 중개업,중소기업,56.0,경기 용인시 기흥구,2,2026-08-01 02:44:01
기술력 우수,기술혁신형 중소기업(이노비즈),주식회사여우미,도매 및 소매업,도매 및 상품 중개업,중소기업,31.0,경기 부천시,2,2026-08-01 02:44:01
기술력 우수,기술혁신형 중소기업(이노비즈),주식회사 팀벨,도매 및 소매업,도매 및 상품 중개업,중소기업,90.0,서울 강남구,2,2026-08-01 02:44:01
기술력 우수,기술혁신형 중소기업(이노비즈),(주)그루젠,도매 및 소매업,도매 및 상품 중개업,중소기업,32.0,서울 서초구,2,2026-08-01 02:44:01
기술력 우수,기술혁신형 중소기업(이노비즈),주식회사 더탁(TheTak),도매 및 소매업,도매 및 상품 중개업,중소기업,12.0,인천 미추홀구,2,2026-08-01 02:44:01
기술력 우수,기술혁신형 중소기업(이노비즈),화성시스템(주),도매 및 소매업,도매 및 상품 중개업,중소기업,10.0,경기 안양시 동안구,2,2026-08-01 02:44:01
기술력 우수,기술혁신형 중소기업(이노비즈),(주)코텍세미컴,도매 및 소매업,도매 및 상품 중개업,중소기업,16.0,경기 성남시 분당구,1,2026-08-01 02:44:01
기술력 우수,기술혁신형 중소기업(이노비즈),(주)세이크엠이씨,도매 및 소매업,도매 및 상품 중개업,중소기업,13.0,서울 성동구,1,2026-08-01 02:44:01
기술력 우수,기술혁신형 중소기업(이노비즈),(주)대성정보기술,도매 및 소매업,도매 및 상품 중개업,중소기업,58.0,제주 제주시,1,2026-08-01 02:44:01
기술력 우수,기술혁신형 중소기업(이노비즈),(주)스카이브,도매 및 소매업,도매 및 상품 중개업,중소기업,55.0,서울 금천구,1,2026-08-01 02:44:01
기술력 우수,기술혁신형 중소기업(이노비즈),(주)엠에프테크,도매 및 소매업,도매 및 상품 중개업,중소기업,29.0,경기 안산시 단원구,1,2026-08-01 02:44:01
기술력 우수,기술혁신형 중소기업(이노비즈),케이티엠엔지니링(주),도매 및 소매업,도매 및 상품 중개업,중소기업,11.0,경기 성남시 중원구,1,2026-08-01 02:44:01
기술력 우수,기술혁신형 중소기업(이노비즈),(주)에이피텍,도매 및 소매업,도매 및 상품 중개업,중소기업,27.0,경기 고양시 일산동구,1,2026-08-01 02:44:01
기술력 우수,기술혁신형 중소기업(이노비즈),(주)두손,도매 및 소매업,도매 및 상품 중개업,중소기업,42.0,경기 안성시,1,2026-08-01 02:44:01
기술력 우수,기술혁신형 중소기업(이노비즈),(주)스마트라인,도매 및 소매업,도매 및 상품 중개업,중소기업,40.0,경기 광명시,1,2026-08-01 02:44:01
기술력 우수,기술혁신형 중소기업(이노비즈),(주)메덱스,도매 및 소매업,도매 및 상품 중개업,중소기업,24.0,경기 성남시 분당구,1,2026-08-01 02:44:01
기술력 우수,기술혁신형 중소기업(이노비즈),(주)비알디코리아,도매 및 소매업,도매 및 상품 중개업,중소기업,18.0,경기 화성시,1,2026-08-01 02:44:01
기술력 우수,기술혁신형 중소기업(이노비즈),주식회사넥스트제네레이션,도매 및 소매업,도매 및 상품 중개업,중소기업,18.0,대구 수성구,1,2026-08-01 02:44:01
기술력 우수,기술혁신형 중소기업(이노비즈),(주)시큐어월,도매 및 소매업,도매 및 상품 중개업,중소기업,20.0,부산 해운대구,1,2026-08-01 02:44:01
기술력 우수,기술혁신형 중소기업(이노비즈),영인코리아(주),도매 및 소매업,도매 및 상품 중개업,중소기업,42.0,부산 강서구,1,2026-08-01 02:44:01
기술력 우수,기술혁신형 중소기업(이노비즈),주식회사 넥스포,도매 및 소매업,도매 및 상품 중개업,중소기업,20.0,경기 성남시 중원구,1,2026-08-01 02:44:01
기술력 우수,기술혁신형 중소기업(이노비즈),(주)바이오앤텍,도매 및 소매업,도매 및 상품 중개업,중소기업,16.0,경기 성남시 중원구,1,2026-08-01 02:44:01
기술력 우수,기술혁신형 중소기업(이노비즈),(주)이노비스시스템,도매 및 소매업,도매 및 상품 중개업,중소기업,20.0,서울 송파구,1,2026-08-01 02:44:01
기술력 우수,기술혁신형 중소기업(이노비즈),주식회사 프레스토솔루션,도매 및 소매업,도매 및 상품 중개업,중소기업,50.0,경기 수원시 영통구,1,2026-08-01 02:44:01
기술력 우수,기술혁신형 중소기업(이노비즈),주식회사 피케이아이,도매 및 소매업,도매 및 상품 중개업,중소기업,20.0,경기 화성시,1,2026-08-01 02:44:01
기술력 우수,기술혁신형 중소기업(이노비즈),삼우에레코(주),도매 및 소매업,도매 및 상품 중개업,중소기업,65.0,서울 금천구,1,2026-08-01 02:44:01
기술력 우수,기술혁신형 중소기업(이노비즈),(주)케이포스,도매 및 소매업,도매 및 상품 중개업,중소기업,24.0,경기 수원시 영통구,1,2026-08-01 02:44:01
기술력 우수,기술혁신형 중소기업(이노비즈),보임테크놀러지(주),도매 및 소매업,도매 및 상품 중개업,중소기업,27.0,서울 구로구,1,2026-08-01 02:44:01
기술력 우수,기술혁신형 중소기업(이노비즈),주식회사등대씨엔씨,도매 및 소매업,도매 및 상품 중개업,중소기업,14.0,서울 금천구,1,2026-08-01 02:44:01
기술력 우수,기술혁신형 중소기업(이노비즈),(주)커넥트코리아,도매 및 소매업,도매 및 상품 중개업,중소기업,35.0,서울 은평구,1,2026-08-01 02:44:01
기술력 우수,기술혁신형 중소기업(이노비즈),주식회사 오넥트,도매 및 소매업,도매 및 상품 중개업,중소기업,32.0,경기 시흥시,1,2026-08-01 02:44:01
기술력 우수,기술혁신형 중소기업(이노비즈),성우에이치에스 주식회사,도매 및 소매업,도매 및 상품 중개업,중소기업,35.0,서울 강서구,1,2026-08-01 02:44:01
기술력 우수,기술혁신형 중소기업(이노비즈),(주)비욘드테크,도매 및 소매업,도매 및 상품 중개업,중소기업,40.0,서울 금천구,1,2026-08-01 02:44:01
기술력 우수,기술혁신형 중소기업(이노비즈),(주)케이엠티엘,도매 및 소매업,도매 및 상품 중개업,중소기업,12.0,서울 구로구,1,2026-08-01 02:44:01
기술력 우수,기술혁신형 중소기업(이노비즈),주식회사 빅스타아이엔지,도매 및 소매업,도매 및 상품 중개업,중소기업,8.0,서울 성동구,1,2026-08-01 02:44:01
기술력 우수,기술혁신형 중소기업(이노비즈),(주)미유테크,도매 및 소매업,도매 및 상품 중개업,중소기업,24.0,경기 안산시 단원구,1,2026-08-01 02:44:01
기술력 우수,기술혁신형 중소기업(이노비즈),주식회사 웰스팜텍,도매 및 소매업,도매 및 상품 중개업,중소기업,38.0,서울 금천구,1,2026-08-01 02:44:01
기술력 우수,기술혁신형 중소기업(이노비즈),(주)브라보텍,도매 및 소매업,도매 및 상품 중개업,중소기업,17.0,서울 용산구,0,2026-08-01 02:44:01
기술력 우수,기술혁신형 중소기업(이노비즈),"(주)하이플(Highfly Co., Ltd.)",도매 및 소매업,도매 및 상품 중개업,중소기업,40.0,경기 성남시 분당구,0,2026-08-01 02:44:01
기술력 우수,기술혁신형 중소기업(이노비즈),(주)코아테크코리아,도매 및 소매업,도매 및 상품 중개업,중소기업,55.0,경기 안양시 만안구,0,2026-08-01 02:44:01
기술력 우수,기술혁신형 중소기업(이노비즈),(주)화인스텍,도매 및 소매업,도매 및 상품 중개업,중소기업,44.0,서울 서초구,0,2026-08-01 02:44:01
기술력 우수,기술혁신형 중소기업(이노비즈),(주)아스카넷,도매 및 소매업,도매 및 상품 중개업,,,대전 유성구,0,2026-08-01 02:44:01
기술력 우수,기술혁신형 중소기업(이노비즈),주식회사 멜레아,도매 및 소매업,도매 및 상품 중개업,중소기업,48.0,서울 영등포구,0,2026-08-01 02:44:01
기술력 우수,기술혁신형 중소기업(이노비즈),로지시스템(주),도매 및 소매업,도매 및 상품 중개업,,,경기 용인시 기흥구,0,2026-08-01 02:44:01
기술력 우수,기술혁신형 중소기업(이노비즈),(주)코팬글로벌,도매 및 소매업,도매 및 상품 중개업,중소기업,167.0,경기 남양주시,0,2026-08-01 02:44:01
기술력 우수,기술혁신형 중소기업(이노비즈),주식회사학메디칼,도매 및 소매업,도매 및 상품 중개업,중소기업,17.0,경기 오산시,0,2026-08-01 02:44:01
기술력 우수,기술혁신형 중소기업(이노비즈),(주)인정에프앤비,도매 및 소매업,도매 및 상품 중개업,중소기업,40.0,강원 춘천시,0,2026-08-01 02:44:01
기술력 우수,기술혁신형 중소기업(이노비즈),에이제이아이씨티 주식회사,도매 및 소매업,도매 및 상품 중개업,중견기업,54.0,서울 송파구,0,2026-08-01 02:44:01
기술력 우수,기술혁신형 중소기업(이노비즈),(주)명인이노,도매 및 소매업,도매 및 상품 중개업,중소기업,26.0,서울 금천구,0,2026-08-01 02:44:01
기술력 우수,기술혁신형 중소기업(이노비즈),(주)인셈,도매 및 소매업,도매 및 상품 중개업,,,서울 금천구,0,2026-08-01 02:44:01
기술력 우수,기술혁신형 중소기업(이노비즈),(주)엔앤비랩,도매 및 소매업,도매 및 상품 중개업,중소기업,48.0,서울 서초구,0,2026-08-01 02:44:01
기술력 우수,기술혁신형 중소기업(이노비즈),(주)영재컴퓨터,도매 및 소매업,도매 및 상품 중개업,중소기업,5.0,서울 강서구,0,2026-08-01 02:44:01
기술력 우수,기술혁신형 중소기업(이노비즈),(주)유유코리아,도매 및 소매업,도매 및 상품 중개업,중소기업,10.0,서울 성동구,0,2026-08-01 02:44:01
기술력 우수,기술혁신형 중소기업(이노비즈),주식회사한솔루션,도매 및 소매업,도매 및 상품 중개업,중소기업,15.0,인천 미추홀구,0,2026-08-01 02:44:01
기술력 우수,기술혁신형 중소기업(이노비즈),(주)레오컴,도매 및 소매업,도매 및 상품 중개업,중소기업,18.0,서울 송파구,0,2026-08-01 02:44:01
기술력 우수,기술혁신형 중소기업(이노비즈),성심세미콘(주),도매 및 소매업,도매 및 상품 중개업,중소기업,19.0,서울 금천구,0,2026-08-01 02:44:01
기술력 우수,기술혁신형 중소기업(이노비즈),우주피엔씨(주),도매 및 소매업,도매 및 상품 중개업,중소기업,14.0,경기 안양시 만안구,0,2026-08-01 02:44:01
기술력 우수,기술혁신형 중소기업(이노비즈),(주)위버시스템즈,도매 및 소매업,도매 및 상품 중개업,중소기업,86.0,서울 서초구,0,2026-08-01 02:44:01
기술력 우수,기술혁신형 중소기업(이노비즈),(주)나인에스티,도매 및 소매업,도매 및 상품 중개업,중소기업,30.0,서울 구로구,0,2026-08-01 02:44:01
기술력 우수,기술혁신형 중소기업(이노비즈),농업회사법인 현대종묘 주식회사,도매 및 소매업,도매 및 상품 중개업,중소기업,13.0,경기 이천시,0,2026-08-01 02:44:01
기술력 우수,기술혁신형 중소기업(이노비즈),(주)넥스컨트롤,도매 및 소매업,도매 및 상품 중개업,중소기업,8.0,경기 부천시 오정구,0,2026-08-01 02:44:01
기술력 우수,기술혁신형 중소기업(이노비즈),주식회사 토종마을,도매 및 소매업,도매 및 상품 중개업,,,서울 동대문구,0,2026-08-01 02:44:01
기술력 우수,기술혁신형 중소기업(이노비즈),센트럴메디컬서비스(주),도매 및 소매업,도매 및 상품 중개업,,,서울 광진구,0,2026-08-01 02:44:01
기술력 우수,기술혁신형 중소기업(이노비즈),주식회사 케이닷컴,도매 및 소매업,도매 및 상품 중개업,,,대전 서구,0,2026-08-01 02:44:01
기술력 우수,기술혁신형 중소기업(이노비즈),벨리모서울(주),도매 및 소매업,도매 및 상품 중개업,중소기업,,서울 송파구,0,2026-08-01 02:44:01
기술력 우수,기술혁신형 중소기업(이노비즈),주식회사 미네랄하우스,도매 및 소매업,도매 및 상품 중개업,,,경기 성남시 수정구,0,2026-08-01 02:44:01
기술력 우수,기술혁신형 중소기업(이노비즈),주식회사 아이티레이,도매 및 소매업,도매 및 상품 중개업,중소기업,17.0,서울 금천구,0,2026-08-01 02:44:01
기술력 우수,기술혁신형 중소기업(이노비즈),(주)에스투비코퍼레이션,도매 및 소매업,도매 및 상품 중개업,중소기업,36.0,서울 영등포구,0,2026-08-01 02:44:01
기술력 우수,기술혁신형 중소기업(이노비즈),(주)아이엔지시스템,도매 및 소매업,도매 및 상품 중개업,,,서울 금천구,0,2026-08-01 02:44:01
기술력 우수,기술혁신형 중소기업(이노비즈),주식회사원삼메디,도매 및 소매업,도매 및 상품 중개업,,,인천 부평구,0,2026-08-01 02:44:01
기술력 우수,기술혁신형 중소기업(이노비즈),이진씨엔에스,도매 및 소매업,도매 및 상품 중개업,,,부산 남구,0,2026-08-01 02:44:01
기술력 우수,기술혁신형 중소기업(이노비즈),주식회사 위즈니스,도매 및 소매업,도매 및 상품 중개업,중소기업,13.0,대전 서구,0,2026-08-01 02:44:01
기술력 우수,기술혁신형 중소기업(이노비즈),(주)앳플리(Atflee Inc.),도매 및 소매업,도매 및 상품 중개업,,,서울 강남구,0,2026-08-01 02:44:01
기술력 우수,기술혁신형 중소기업(이노비즈),(주)론다코리아,도매 및 소매업,도매 및 상품 중개업,중소기업,26.0,경기 화성시,0,2026-08-01 02:44:01
기술력 우수,기술혁신형 중소기업(이노비즈),(주)이레소방엔지니어링,도매 및 소매업,도매 및 상품 중개업,,,경기 파주시,0,2026-08-01 02:44:01
기술력 우수,기술혁신형 중소기업(이노비즈),(주)디지아톰,도매 및 소매업,도매 및 상품 중개업,중소기업,6.0,서울 금천구,0,2026-08-01 02:44:01
기술력 우수,기술혁신형 중소기업(이노비즈),빅썬시스템즈(주),도매 및 소매업,도매 및 상품 중개업,,,서울 강남구,0,2026-08-01 02:44:01
기술력 우수,기술혁신형 중소기업(이노비즈),(주)도너랜드,도매 및 소매업,도매 및 상품 중개업,중소기업,28.0,경기 안양시 동안구,0,2026-08-01 02:44:01
기술력 우수,기술혁신형 중소기업(이노비즈),주식회사 비엠에이,도매 및 소매업,도매 및 상품 중개업,,,충북 청주시 흥덕구,0,2026-08-01 02:44:01
기술력 우수,기술혁신형 중소기업(이노비즈),씨티아이코리아 주식회사,도매 및 소매업,도매 및 상품 중개업,중소기업,13.0,충남 천안시 서북구,0,2026-08-01 02:44:01
기술력 우수,기술혁신형 중소기업(이노비즈),(주)진성케미텍,도매 및 소매업,도매 및 상품 중개업,,50.0,충남 아산시,0,2026-08-01 02:44:01
기술력 우수,기술혁신형 중소기업(이노비즈),동서메디케어(주),도매 및 소매업,도매 및 상품 중개업,중소기업,30.0,경기 성남시 중원구,0,2026-08-01 02:44:01
기술력 우수,기술혁신형 중소기업(이노비즈),(주)무한시스템,도매 및 소매업,도매 및 상품 중개업,,,서울 금천구,0,2026-08-01 02:44:01
기술력 우수,기술혁신형 중소기업(이노비즈),(주)이화교역,도매 및 소매업,도매 및 상품 중개업,중소기업,36.0,서울 중구,0,2026-08-01 02:44:01
기술력 우수,기술혁신형 중소기업(이노비즈),주식회사에이에스티글로벌,도매 및 소매업,도매 및 상품 중개업,,,서울 서초구,0,2026-08-01 02:44:01
기술력 우수,기술혁신형 중소기업(이노비즈),(주)에스앤비코퍼레이션,도매 및 소매업,도매 및 상품 중개업,중소기업,16.0,경기 시흥시,0,2026-08-01 02:44:01
기술력 우수,기술혁신형 중소기업(이노비즈),(주) 미림 씨스콘,도매 및 소매업,도매 및 상품 중개업,,,경기 성남시 중원구,0,2026-08-01 02:44:01
기술력 우수,기술혁신형 중소기업(이노비즈),주식회사 지씨씨,도매 및 소매업,도매 및 상품 중개업,,,경기 화성시,0,2026-08-01 02:44:01
기술력 우수,기술혁신형 중소기업(이노비즈),(주)신화방재,도매 및 소매업,도매 및 상품 중개업,중소기업,4.0,서울 금천구,0,2026-08-01 02:44:01
기술력 우수,기술혁신형 중소기업(이노비즈),우리올제시스템(주),도매 및 소매업,도매 및 상품 중개업,중소기업,27.0,서울 강서구,0,2026-08-01 02:44:01
기술력 우수,기술혁신형 중소기업(이노비즈),(주)아이디오티,도매 및 소매업,도매 및 상품 중개업,,,서울 영등포구,0,2026-08-01 02:44:01
기술력 우수,기술혁신형 중소기업(이노비즈),(주)아이티로그인,도매 및 소매업,도매 및 상품 중개업,,,서울 용산구,0,2026-08-01 02:44:01
기술력 우수,기술혁신형 중소기업(이노비즈),농업회사법인주식회사푸드팩토리,도매 및 소매업,도매 및 상품 중개업,,,경북 김천시,0,2026-08-01 02:44:01
기술력 우수,기술혁신형 중소기업(이노비즈),(주)인콘,도매 및 소매업,도매 및 상품 중개업,중소기업,74.0,경기 안양시 동안구,0,2026-08-01 02:44:01
기술력 우수,기술혁신형 중소기업(이노비즈),(주)한도금속,도매 및 소매업,도매 및 상품 중개업,,,경기 시흥시,0,2026-08-01 02:44:01
기술력 우수,기술혁신형 중소기업(이노비즈),씨앤에치아이앤씨(주),도매 및 소매업,도매 및 상품 중개업,,,서울 강남구,0,2026-08-01 02:44:01
기술력 우수,기술혁신형 중소기업(이노비즈),(주)디에스나이키,도매 및 소매업,도매 및 상품 중개업,,,서울 구로구,0,2026-08-01 02:44:01
기술력 우수,기술혁신형 중소기업(이노비즈),아우시스템(주),도매 및 소매업,도매 및 상품 중개업,,,서울 금천구,0,2026-08-01 02:44:01
기술력 우수,기술혁신형 중소기업(이노비즈),(주)서린시스템,도매 및 소매업,도매 및 상품 중개업,중소기업,31.0,서울 강남구,0,2026-08-01 02:44:01
기술력 우수,기술혁신형 중소기업(이노비즈),(주)시그너스정보기술,도매 및 소매업,도매 및 상품 중개업,중소기업,11.0,서울 구로구,0,2026-08-01 02:44:01
기술력 우수,기술혁신형 중소기업(이노비즈),주식회사대산푸드농업회사법인,도매 및 소매업,도매 및 상품 중개업,중소기업,48.0,서울 성동구,0,2026-08-01 02:44:01
기술력 우수,기술혁신형 중소기업(이노비즈),주식회사케이엔엑스정보통신,도매 및 소매업,도매 및 상품 중개업,중소기업,12.0,서울 금천구,0,2026-08-01 02:44:01
기술력 우수,기술혁신형 중소기업(이노비즈),(주)지오라이트루미안,도매 및 소매업,도매 및 상품 중개업,중소기업,21.0,서울 구로구,0,2026-08-01 02:44:01
기술력 우수,기술혁신형 중소기업(이노비즈),모바일엔트로피주식회사,도매 및 소매업,도매 및 상품 중개업,,,서울 마포구,0,2026-08-01 02:44:01
기술력 우수,기술혁신형 중소기업(이노비즈),주식회사 정평이앤씨,도매 및 소매업,소매업; 자동차 제외,중소기업,26.0,인천 계양구,69,2026-08-01 02:44:01
기술력 우수,기술혁신형 중소기업(이노비즈),주식회사한의,도매 및 소매업,소매업; 자동차 제외,중소기업,25.0,대구 동구,44,2026-08-01 02:44:01
기술력 우수,기술혁신형 중소기업(이노비즈),주식회사 참든건강과학 농업회사법인,도매 및 소매업,소매업; 자동차 제외,중소기업,41.0,,22,2026-08-01 02:44:01
기술력 우수,기술혁신형 중소기업(이노비즈),주식회사상상바이오,도매 및 소매업,소매업; 자동차 제외,중소기업,108.0,서울 강남구,6,2026-08-01 02:44:01
기술력 우수,기술혁신형 중소기업(이노비즈),영산홍어(주),도매 및 소매업,소매업; 자동차 제외,중소기업,30.0,,5,2026-08-01 02:44:01
기술력 우수,기술혁신형 중소기업(이노비즈),(주)레오퍼니쳐,도매 및 소매업,소매업; 자동차 제외,중소기업,11.0,경기 포천시,3,2026-08-01 02:44:01
기술력 우수,기술혁신형 중소기업(이노비즈),(주)제이앤와이스타일,도매 및 소매업,소매업; 자동차 제외,중소기업,29.0,경기 용인시 기흥구,2,2026-08-01 02:44:01
기술력 우수,기술혁신형 중소기업(이노비즈),디에스글로벌 주식회사,도매 및 소매업,소매업; 자동차 제외,중소기업,41.0,,2,2026-08-01 02:44:01
기술력 우수,기술혁신형 중소기업(이노비즈),(주)이노티브아이엔씨,도매 및 소매업,소매업; 자동차 제외,중소기업,16.0,서울 금천구,1,2026-08-01 02:44:01
기술력 우수,기술혁신형 중소기업(이노비즈),(주)비즈마켓,도매 및 소매업,소매업; 자동차 제외,중소기업,154.0,서울 용산구,1,2026-08-01 02:44:01
기술력 우수,기술혁신형 중소기업(이노비즈),주식회사 코니아랩,도매 및 소매업,소매업; 자동차 제외,중소기업,17.0,서울 광진구,1,2026-08-01 02:44:01
기술력 우수,기술혁신형 중소기업(이노비즈),(유)제일물산,도매 및 소매업,소매업; 자동차 제외,중소기업,10.0,,1,2026-08-01 02:44:01
기술력 우수,기술혁신형 중소기업(이노비즈),(주)아리바이오에이치앤비,도매 및 소매업,소매업; 자동차 제외,,,충북 제천시,0,2026-08-01 02:44:01
기술력 우수,기술혁신형 중소기업(이노비즈),주식회사바우로컴퍼니,도매 및 소매업,소매업; 자동차 제외,,,서울 마포구,0,2026-08-01 02:44:01
기술력 우수,기술혁신형 중소기업(이노비즈),(주)토스크,도매 및 소매업,소매업; 자동차 제외,,,경기 파주시,0,2026-08-01 02:44:01
기술력 우수,기술혁신형 중소기업(이노비즈),이카드밴(주),도매 및 소매업,소매업; 자동차 제외,중소기업,35.0,서울 성동구,0,2026-08-01 02:44:01
기술력 우수,기술혁신형 중소기업(이노비즈),(주)오씨엘,운수 및 창고업,육상운송 및 파이프라인 운송업,중소기업,20.0,서울 서초구,10,2026-08-01 02:44:01
기술력 우수,기술혁신형 중소기업(이노비즈),(주)선진물류,운수 및 창고업,육상운송 및 파이프라인 운송업,중소기업,15.0,경기 김포시,2,2026-08-01 02:44:01
기술력 우수,기술혁신형 중소기업(이노비즈),(주)통인익스프레스,운수 및 창고업,육상운송 및 파이프라인 운송업,,,서울 서초구,0,2026-08-01 02:44:01
기술력 우수,기술혁신형 중소기업(이노비즈),(주)케이티마린,운수 및 창고업,수상 운송업,중소기업,29.0,부산 영도구,13,2026-08-01 02:44:01
기술력 우수,기술혁신형 중소기업(이노비즈),아르고 마린토탈 (주),운수 및 창고업,창고 및 운송관련 서비스업,중소기업,40.0,,54,2026-08-01 02:44:01
기술력 우수,기술혁신형 중소기업(이노비즈),유로라인글로벌주식회사,운수 및 창고업,창고 및 운송관련 서비스업,중소기업,42.0,서울 마포구,3,2026-08-01 02:44:01
기술력 우수,기술혁신형 중소기업(이노비즈),주식회사이투마스,운수 및 창고업,창고 및 운송관련 서비스업,중소기업,62.0,서울 강서구,2,2026-08-01 02:44:01
기술력 우수,기술혁신형 중소기업(이노비즈),위너스로지스틱(주),운수 및 창고업,창고 및 운송관련 서비스업,,,경기 파주시,0,2026-08-01 02:44:01
기술력 우수,기술혁신형 중소기업(이노비즈),주식회사핀로직스,운수 및 창고업,창고 및 운송관련 서비스업,중소기업,12.0,경기 과천시,0,2026-08-01 02:44:01
기술력 우수,기술혁신형 중소기업(이노비즈),(주)강동오케익,숙박 및 음식점업,음식점 및 주점업,중소기업,39.0,전북 전주시 덕진구,27,2026-08-01 02:44:01
기술력 우수,기술혁신형 중소기업(이노비즈),테크빌교육(주),정보통신업,출판업,중소기업,123.0,서울 강남구,281,2026-08-01 02:44:01
기술력 우수,기술혁신형 중소기업(이노비즈),(주)마이다스아이티,정보통신업,출판업,중소기업,253.0,경기 성남시 분당구,110,2026-08-01 02:44:01
기술력 우수,기술혁신형 중소기업(이노비즈),(주)쇼우테크,정보통신업,출판업,중소기업,32.0,경남 김해시,79,2026-08-01 02:44:01
기술력 우수,기술혁신형 중소기업(이노비즈),아이티사이언스(주),정보통신업,출판업,중소기업,186.0,경기 안양시 동안구,72,2026-08-01 02:44:01
기술력 우수,기술혁신형 중소기업(이노비즈),엔셀 주식회사,정보통신업,출판업,중소기업,271.0,경기 성남시 분당구,53,2026-08-01 02:44:01
기술력 우수,기술혁신형 중소기업(이노비즈),(주)티젠소프트,정보통신업,출판업,중소기업,30.0,서울 금천구,48,2026-08-01 02:44:01
기술력 우수,기술혁신형 중소기업(이노비즈),(주)유플러스아이티,정보통신업,출판업,중소기업,409.0,서울 영등포구,48,2026-08-01 02:44:01
기술력 우수,기술혁신형 중소기업(이노비즈),(주)우진티앤에스,정보통신업,출판업,중소기업,9.0,서울 송파구,46,2026-08-01 02:44:01
기술력 우수,기술혁신형 중소기업(이노비즈),(주)서울정보시스템,정보통신업,출판업,중소기업,20.0,서울 강남구,46,2026-08-01 02:44:01
기술력 우수,기술혁신형 중소기업(이노비즈),(주)엔터인,정보통신업,출판업,중소기업,18.0,대구 수성구,41,2026-08-01 02:44:01
기술력 우수,기술혁신형 중소기업(이노비즈),유징테크주식회사,정보통신업,출판업,중소기업,19.0,경북 포항시 남구,39,2026-08-01 02:44:01
기술력 우수,기술혁신형 중소기업(이노비즈),하이퍼테크,정보통신업,출판업,중소기업,31.0,서울 마포구,38,2026-08-01 02:44:01
기술력 우수,기술혁신형 중소기업(이노비즈),주식회사 이스트소프트,정보통신업,출판업,중소기업,220.0,서울 서초구,38,2026-08-01 02:44:01
기술력 우수,기술혁신형 중소기업(이노비즈),주식회사 케어비즈,정보통신업,출판업,중소기업,50.0,서울 성동구,34,2026-08-01 02:44:01
기술력 우수,기술혁신형 중소기업(이노비즈),(주)소만사,정보통신업,출판업,중소기업,380.0,서울 영등포구,32,2026-08-01 02:44:01
기술력 우수,기술혁신형 중소기업(이노비즈),(주)컴씨스,정보통신업,출판업,중소기업,38.0,부산 강서구,28,2026-08-01 02:44:01
기술력 우수,기술혁신형 중소기업(이노비즈),데브시스터즈(주),정보통신업,출판업,중견기업,429.0,서울 강남구,27,2026-08-01 02:44:01
기술력 우수,기술혁신형 중소기업(이노비즈),슈어엠주식회사,정보통신업,출판업,중소기업,50.0,서울 광진구,26,2026-08-01 02:44:01
기술력 우수,기술혁신형 중소기업(이노비즈),(주)태일정보,정보통신업,출판업,중소기업,18.0,대전 서구,25,2026-08-01 02:44:01
기술력 우수,기술혁신형 중소기업(이노비즈),엠씨테크놀로지(주),정보통신업,출판업,중소기업,23.0,인천 부평구,25,2026-08-01 02:44:01
기술력 우수,기술혁신형 중소기업(이노비즈),(주)솔리데오시스템즈,정보통신업,출판업,중소기업,281.0,서울 영등포구,24,2026-08-01 02:44:01
기술력 우수,기술혁신형 중소기업(이노비즈),주식회사 에프에스,정보통신업,출판업,중소기업,8.0,대전 유성구,24,2026-08-01 02:44:01
기술력 우수,기술혁신형 중소기업(이노비즈),(주)코이션,정보통신업,출판업,중소기업,8.0,대전 유성구,24,2026-08-01 02:44:01
기술력 우수,기술혁신형 중소기업(이노비즈),(주)한국인프라,정보통신업,출판업,중소기업,76.0,서울 강남구,24,2026-08-01 02:44:01
기술력 우수,기술혁신형 중소기업(이노비즈),(주)더크림유니언,정보통신업,출판업,중소기업,90.0,서울 강남구,23,2026-08-01 02:44:01
기술력 우수,기술혁신형 중소기업(이노비즈),(주)이튜,정보통신업,출판업,중소기업,65.0,대구 수성구,23,2026-08-01 02:44:01
기술력 우수,기술혁신형 중소기업(이노비즈),주식회사 메가웍스,정보통신업,출판업,중소기업,11.0,,22,2026-08-01 02:44:01
기술력 우수,기술혁신형 중소기업(이노비즈),(주)넷스루,정보통신업,출판업,중소기업,94.0,서울 성동구,22,2026-08-01 02:44:01
기술력 우수,기술혁신형 중소기업(이노비즈),(주)엔소프테크놀러지,정보통신업,출판업,중소기업,25.0,서울 금천구,22,2026-08-01 02:44:01
기술력 우수,기술혁신형 중소기업(이노비즈),디비비전(주),정보통신업,출판업,중소기업,27.0,서울 금천구,21,2026-08-01 02:44:01
기술력 우수,기술혁신형 중소기업(이노비즈),주식회사 시야인사이트,정보통신업,출판업,중소기업,22.0,강원 원주시,20,2026-08-01 02:44:01
기술력 우수,기술혁신형 중소기업(이노비즈),주식회사 엔유비즈,정보통신업,출판업,중소기업,7.0,,20,2026-08-01 02:44:01
기술력 우수,기술혁신형 중소기업(이노비즈),(주)휴비즈아이씨티,정보통신업,출판업,중소기업,46.0,경북 포항시 남구,20,2026-08-01 02:44:01
기술력 우수,기술혁신형 중소기업(이노비즈),주식회사유토비즈,정보통신업,출판업,중소기업,21.0,대전 유성구,19,2026-08-01 02:44:01
기술력 우수,기술혁신형 중소기업(이노비즈),주식회사뮤직엔닷컴,정보통신업,출판업,중소기업,17.0,서울 서초구,19,2026-08-01 02:44:01
기술력 우수,기술혁신형 중소기업(이노비즈),(주)넥스트이지,정보통신업,출판업,중소기업,19.0,제주 제주시,19,2026-08-01 02:44:01
기술력 우수,기술혁신형 중소기업(이노비즈),주식회사 코그,정보통신업,출판업,중소기업,247.0,대구 중구,18,2026-08-01 02:44:01
기술력 우수,기술혁신형 중소기업(이노비즈),(주)구상,정보통신업,출판업,중소기업,,서울 서초구,18,2026-08-01 02:44:01
기술력 우수,기술혁신형 중소기업(이노비즈),(주)다하미커뮤니케이션즈,정보통신업,출판업,중소기업,54.0,서울 중구,18,2026-08-01 02:44:01
기술력 우수,기술혁신형 중소기업(이노비즈),(주)타임기술,정보통신업,출판업,중소기업,69.0,경남 창원시 성산구,18,2026-08-01 02:44:01
기술력 우수,기술혁신형 중소기업(이노비즈),(주)이즈파크,정보통신업,출판업,중소기업,214.0,경남 창원시 의창구,18,2026-08-01 02:44:01
기술력 우수,기술혁신형 중소기업(이노비즈),와이즈와이어즈 주식회사,정보통신업,출판업,중소기업,465.0,서울 성동구,18,2026-08-01 02:44:01
기술력 우수,기술혁신형 중소기업(이노비즈),(주)비젼아이티,정보통신업,출판업,중소기업,12.0,충남 공주시,18,2026-08-01 02:44:01
기술력 우수,기술혁신형 중소기업(이노비즈),(주)넥서스커뮤니티,정보통신업,출판업,중견기업,80.0,서울 영등포구,17,2026-08-01 02:44:01
기술력 우수,기술혁신형 중소기업(이노비즈),(주)올포랜드,정보통신업,출판업,중소기업,465.0,전북 전주시 덕진구,17,2026-08-01 02:44:01
기술력 우수,기술혁신형 중소기업(이노비즈),어니컴 주식회사,정보통신업,출판업,중소기업,394.0,서울 용산구,17,2026-08-01 02:44:01
기술력 우수,기술혁신형 중소기업(이노비즈),(주)코어소프트,정보통신업,출판업,중소기업,28.0,서울 금천구,17,2026-08-01 02:44:01
기술력 우수,기술혁신형 중소기업(이노비즈),(주)조세통람,정보통신업,출판업,중소기업,27.0,서울 중구,16,2026-08-01 02:44:01
기술력 우수,기술혁신형 중소기업(이노비즈),(주)컴퓨터메이트,정보통신업,출판업,중소기업,83.0,대구 수성구,15,2026-08-01 02:44:01
기술력 우수,기술혁신형 중소기업(이노비즈),주식회사 휴먼아이티솔루션,정보통신업,출판업,중소기업,46.0,,15,2026-08-01 02:44:01
기술력 우수,기술혁신형 중소기업(이노비즈),굿모닝아이텍(주),정보통신업,출판업,중견기업,253.0,서울 마포구,14,2026-08-01 02:44:01
기술력 우수,기술혁신형 중소기업(이노비즈),주식회사 스윙크,정보통신업,출판업,중소기업,24.0,서울 마포구,13,2026-08-01 02:44:01
기술력 우수,기술혁신형 중소기업(이노비즈),(주)주인정보시스템,정보통신업,출판업,중소기업,69.0,서울 강남구,12,2026-08-01 02:44:01
기술력 우수,기술혁신형 중소기업(이노비즈),(주)세정아이앤씨,정보통신업,출판업,중소기업,52.0,부산 금정구,12,2026-08-01 02:44:01
기술력 우수,기술혁신형 중소기업(이노비즈),주식회사 지디엘시스템,정보통신업,출판업,중소기업,77.0,대전 유성구,12,2026-08-01 02:44:01
기술력 우수,기술혁신형 중소기업(이노비즈),(주)코비젼,정보통신업,출판업,중소기업,233.0,서울 강서구,12,2026-08-01 02:44:01
기술력 우수,기술혁신형 중소기업(이노비즈),(주)크레아코퍼레이션,정보통신업,출판업,중소기업,13.0,경남 김해시,12,2026-08-01 02:44:01
기술력 우수,기술혁신형 중소기업(이노비즈),(주)에이엔제이솔루션,정보통신업,출판업,중소기업,19.0,서울 송파구,12,2026-08-01 02:44:01
기술력 우수,기술혁신형 중소기업(이노비즈),(주)유디아이디,정보통신업,출판업,중소기업,77.0,서울 구로구,12,2026-08-01 02:44:01
기술력 우수,기술혁신형 중소기업(이노비즈),이에스이(주),정보통신업,출판업,중소기업,80.0,경기 성남시 분당구,12,2026-08-01 02:44:01
기술력 우수,월드클래스300,트리노드㈜,정보통신업,출판업,중소기업,203.0,부산 해운대구,11,2026-08-01 02:44:01
기술력 우수,기술혁신형 중소기업(이노비즈),(주)넷앤드,정보통신업,출판업,중소기업,201.0,서울 영등포구,11,2026-08-01 02:44:01
기술력 우수,기술혁신형 중소기업(이노비즈),(주)큐센텍,정보통신업,출판업,중소기업,9.0,강원 강릉시,11,2026-08-01 02:44:01
기술력 우수,기술혁신형 중소기업(이노비즈),네이버시스템(주),정보통신업,출판업,중소기업,356.0,서울 송파구,11,2026-08-01 02:44:01
기술력 우수,기술혁신형 중소기업(이노비즈),주식회사이안,정보통신업,출판업,중소기업,250.0,서울 강남구,11,2026-08-01 02:44:01
기술력 우수,기술혁신형 중소기업(이노비즈),(주)투이컨설팅,정보통신업,출판업,중소기업,97.0,서울 영등포구,11,2026-08-01 02:44:01
기술력 우수,기술혁신형 중소기업(이노비즈),(주)아이에스앤로드테크,정보통신업,출판업,중소기업,13.0,경기 고양시 덕양구,11,2026-08-01 02:44:01
기술력 우수,기술혁신형 중소기업(이노비즈),(주)엑스큐어넷,정보통신업,출판업,중소기업,55.0,서울 은평구,11,2026-08-01 02:44:01
기술력 우수,기술혁신형 중소기업(이노비즈),한국인식산업(주),정보통신업,출판업,중소기업,22.0,서울 구로구,11,2026-08-01 02:44:01
기술력 우수,기술혁신형 중소기업(이노비즈),메가넥스트 주식회사,정보통신업,출판업,중소기업,72.0,서울 강남구,11,2026-08-01 02:44:01
기술력 우수,기술혁신형 중소기업(이노비즈),주식회사 누비랩,정보통신업,출판업,중소기업,16.0,,10,2026-08-01 02:44:01
기술력 우수,기술혁신형 중소기업(이노비즈),(주)티라유텍,정보통신업,출판업,중소기업,240.0,서울 강남구,10,2026-08-01 02:44:01
기술력 우수,기술혁신형 중소기업(이노비즈),(주)케이엘티시스템즈,정보통신업,출판업,중소기업,81.0,경남 창원시 성산구,10,2026-08-01 02:44:01
기술력 우수,기술혁신형 중소기업(이노비즈),주식회사 레디메이드,정보통신업,출판업,중소기업,,울산 동구,10,2026-08-01 02:44:01
기술력 우수,기술혁신형 중소기업(이노비즈),(주)산하정보기술,정보통신업,출판업,중견기업,148.0,서울 금천구,10,2026-08-01 02:44:01
기술력 우수,기술혁신형 중소기업(이노비즈),(주)한국에프디엑스네트웍스,정보통신업,출판업,중소기업,83.0,서울 관악구,10,2026-08-01 02:44:01
기술력 우수,기술혁신형 중소기업(이노비즈),(주)제이이노텍,정보통신업,출판업,중소기업,26.0,충남 천안시 서북구,10,2026-08-01 02:44:01
기술력 우수,기술혁신형 중소기업(이노비즈),(주)퓨전소프트,정보통신업,출판업,중소기업,160.0,대구 동구,10,2026-08-01 02:44:01
기술력 우수,기술혁신형 중소기업(이노비즈),(주)코머신,정보통신업,출판업,중소기업,,경기 용인시 기흥구,10,2026-08-01 02:44:01
기술력 우수,기술혁신형 중소기업(이노비즈),주식회사에어뉴,정보통신업,출판업,중소기업,15.0,세종,9,2026-08-01 02:44:01
기술력 우수,기술혁신형 중소기업(이노비즈),비앤에프테크놀로지 주식회사,정보통신업,출판업,중소기업,77.0,대전 유성구,9,2026-08-01 02:44:01
기술력 우수,기술혁신형 중소기업(이노비즈),주식회사 플렉싱크,정보통신업,출판업,중소기업,20.0,제주 제주시,9,2026-08-01 02:44:01
기술력 우수,기술혁신형 중소기업(이노비즈),주식회사 유알피,정보통신업,출판업,중소기업,206.0,서울 강서구,9,2026-08-01 02:44:01
기술력 우수,기술혁신형 중소기업(이노비즈),한국딥러닝주식회사,정보통신업,출판업,중소기업,,경기 성남시 분당구,9,2026-08-01 02:44:01
기술력 우수,기술혁신형 중소기업(이노비즈),(주)그레이트북스,정보통신업,출판업,중소기업,86.0,서울 구로구,9,2026-08-01 02:44:01
기술력 우수,기술혁신형 중소기업(이노비즈),주식회사에프아이솔루션,정보통신업,출판업,중소기업,19.0,서울 금천구,9,2026-08-01 02:44:01
기술력 우수,기술혁신형 중소기업(이노비즈),(주)디지캡,정보통신업,출판업,중소기업,156.0,서울 강서구,9,2026-08-01 02:44:01
기술력 우수,기술혁신형 중소기업(이노비즈),주식회사 유솔,정보통신업,출판업,중소기업,64.0,대구 달성군,9,2026-08-01 02:44:01
기술력 우수,기술혁신형 중소기업(이노비즈),(주)소프트아이텍,정보통신업,출판업,중소기업,244.0,대전 유성구,9,2026-08-01 02:44:01
기술력 우수,기술혁신형 중소기업(이노비즈),(주)오토브레인,정보통신업,출판업,중소기업,82.0,서울 구로구,9,2026-08-01 02:44:01
기술력 우수,기술혁신형 중소기업(이노비즈),주식회사 가치소프트,정보통신업,출판업,중소기업,51.0,세종,9,2026-08-01 02:44:01
기술력 우수,기술혁신형 중소기업(이노비즈),(주)비트컴퓨터,정보통신업,출판업,중소기업,131.0,서울 서초구,9,2026-08-01 02:44:01
기술력 우수,기술혁신형 중소기업(이노비즈),아이원소프트뱅크주식회사,정보통신업,출판업,중소기업,27.0,서울 구로구,8,2026-08-01 02:44:01
기술력 우수,기술혁신형 중소기업(이노비즈),(주)아이지아이에스,정보통신업,출판업,중소기업,16.0,대구 수성구,8,2026-08-01 02:44:01
기술력 우수,기술혁신형 중소기업(이노비즈),주식회사 아키브소프트,정보통신업,출판업,중소기업,25.0,경기 고양시 덕양구,8,2026-08-01 02:44:01
기술력 우수,기술혁신형 중소기업(이노비즈),주식회사 네오드림스,정보통신업,출판업,중소기업,28.0,,8,2026-08-01 02:44:01
기술력 우수,기술혁신형 중소기업(이노비즈),주식회사 제이케이데이터시스템즈,정보통신업,출판업,중소기업,34.0,전북 완주군,8,2026-08-01 02:44:01
기술력 우수,기술혁신형 중소기업(이노비즈),(주) 토탈소프트뱅크,정보통신업,출판업,중소기업,119.0,부산 해운대구,8,2026-08-01 02:44:01
기술력 우수,기술혁신형 중소기업(이노비즈),(주)디큐,정보통신업,출판업,중소기업,21.0,강원 춘천시,8,2026-08-01 02:44:01
기술력 우수,기술혁신형 중소기업(이노비즈),주식회사 타임소프트,정보통신업,출판업,중소기업,76.0,서울 금천구,8,2026-08-01 02:44:01
기술력 우수,기술혁신형 중소기업(이노비즈),주식회사 유비온,정보통신업,출판업,중소기업,190.0,서울 구로구,8,2026-08-01 02:44:01
기술력 우수,기술혁신형 중소기업(이노비즈),주식회사서남아이에스,정보통신업,출판업,중소기업,20.0,서울 금천구,7,2026-08-01 02:44:01
기술력 우수,기술혁신형 중소기업(이노비즈),에스2정보(주),정보통신업,출판업,중소기업,10.0,서울 서초구,7,2026-08-01 02:44:01
기술력 우수,기술혁신형 중소기업(이노비즈),엔컴(주),정보통신업,출판업,중소기업,90.0,부산 사상구,7,2026-08-01 02:44:01
기술력 우수,기술혁신형 중소기업(이노비즈),주식회사법틀,정보통신업,출판업,중소기업,18.0,서울 성동구,7,2026-08-01 02:44:01
기술력 우수,기술혁신형 중소기업(이노비즈),(주)케이브레인컴퍼니,정보통신업,출판업,중소기업,105.0,서울 마포구,7,2026-08-01 02:44:01
기술력 우수,기술혁신형 중소기업(이노비즈),(주)티아이티이엔지,정보통신업,출판업,중소기업,93.0,서울 송파구,7,2026-08-01 02:44:01
기술력 우수,기술혁신형 중소기업(이노비즈),(주)두손소프트,정보통신업,출판업,중소기업,27.0,서울 강남구,7,2026-08-01 02:44:01
기술력 우수,기술혁신형 중소기업(이노비즈),(주)오상테크놀로지,정보통신업,출판업,중소기업,25.0,서울 구로구,7,2026-08-01 02:44:01
기술력 우수,기술혁신형 중소기업(이노비즈),(주)엠로,정보통신업,출판업,중소기업,411.0,서울 영등포구,7,2026-08-01 02:44:01
기술력 우수,기술혁신형 중소기업(이노비즈),(주)피디시스템,정보통신업,출판업,중소기업,20.0,서울 금천구,7,2026-08-01 02:44:01
기술력 우수,기술혁신형 중소기업(이노비즈),(주)포인트파크,정보통신업,출판업,중소기업,19.0,서울 중구,7,2026-08-01 02:44:01
기술력 우수,기술혁신형 중소기업(이노비즈),(주)이비즈네트웍스,정보통신업,출판업,중소기업,33.0,서울 강남구,7,2026-08-01 02:44:01
기술력 우수,기술혁신형 중소기업(이노비즈),(주)소미미디어,정보통신업,출판업,중소기업,20.0,서울 마포구,7,2026-08-01 02:44:01
기술력 우수,기술혁신형 중소기업(이노비즈),(주)엘시스,정보통신업,출판업,중소기업,59.0,,7,2026-08-01 02:44:01
기술력 우수,기술혁신형 중소기업(이노비즈),오상자이엘(주),정보통신업,출판업,중견기업,199.0,인천 부평구,6,2026-08-01 02:44:01
기술력 우수,기술혁신형 중소기업(이노비즈),넛지헬스케어(주),정보통신업,출판업,중소기업,230.0,서울 강남구,6,2026-08-01 02:44:01
기술력 우수,기술혁신형 중소기업(이노비즈),주식회사 유알정보기술,정보통신업,출판업,중소기업,26.0,대구 동구,6,2026-08-01 02:44:01
기술력 우수,기술혁신형 중소기업(이노비즈),(주)인스웨이브시스템즈,정보통신업,출판업,중소기업,181.0,서울 강서구,6,2026-08-01 02:44:01
기술력 우수,기술혁신형 중소기업(이노비즈),(주)멀틱스,정보통신업,출판업,중소기업,18.0,대전 유성구,6,2026-08-01 02:44:01
기술력 우수,기술혁신형 중소기업(이노비즈),(주)셀바스에이아이,정보통신업,출판업,중소기업,171.0,서울 금천구,6,2026-08-01 02:44:01
기술력 우수,기술혁신형 중소기업(이노비즈),(주)브이엠에스솔루션스,정보통신업,출판업,중소기업,160.0,경기 용인시 수지구,6,2026-08-01 02:44:01
기술력 우수,기술혁신형 중소기업(이노비즈),주식회사 인포트롤테크놀러지,정보통신업,출판업,중소기업,30.0,서울 양천구,6,2026-08-01 02:44:01
기술력 우수,기술혁신형 중소기업(이노비즈),주식회사엠씨에스텍,정보통신업,출판업,중소기업,194.0,서울 영등포구,6,2026-08-01 02:44:01
기술력 우수,기술혁신형 중소기업(이노비즈),(주)퍼브,정보통신업,출판업,중소기업,36.0,경기 과천시,6,2026-08-01 02:44:01
기술력 우수,기술혁신형 중소기업(이노비즈),(주)씨아이솔루션,정보통신업,출판업,중소기업,97.0,경기 과천시,6,2026-08-01 02:44:01
기술력 우수,기술혁신형 중소기업(이노비즈),(주)픽소니어,정보통신업,출판업,중소기업,112.0,대전 유성구,6,2026-08-01 02:44:01
기술력 우수,기술혁신형 중소기업(이노비즈),주식회사 엑셈,정보통신업,출판업,중소기업,333.0,서울 강서구,6,2026-08-01 02:44:01
기술력 우수,기술혁신형 중소기업(이노비즈),세리정보기술(주),정보통신업,출판업,중소기업,152.0,서울 영등포구,6,2026-08-01 02:44:01
기술력 우수,기술혁신형 중소기업(이노비즈),(주)아이엔소프트,정보통신업,출판업,중소기업,140.0,서울 영등포구,6,2026-08-01 02:44:01
기술력 우수,기술혁신형 중소기업(이노비즈),(주)디엘정보기술,정보통신업,출판업,중소기업,70.0,충북 청주시 흥덕구,6,2026-08-01 02:44:01
기술력 우수,기술혁신형 중소기업(이노비즈),가온플랫폼 주식회사,정보통신업,출판업,중소기업,51.0,대전 유성구,6,2026-08-01 02:44:01
기술력 우수,기술혁신형 중소기업(이노비즈),(주)와이즈스톤,정보통신업,출판업,중소기업,49.0,경기 과천시,6,2026-08-01 02:44:01
기술력 우수,기술혁신형 중소기업(이노비즈),(주)재영소프트,정보통신업,출판업,중소기업,16.0,서울 영등포구,6,2026-08-01 02:44:01
기술력 우수,기술혁신형 중소기업(이노비즈),(주)가이스트코리아,정보통신업,출판업,중소기업,27.0,서울 금천구,6,2026-08-01 02:44:01
기술력 우수,기술혁신형 중소기업(이노비즈),한국전자인증주식회사,정보통신업,출판업,중소기업,69.0,서울 서초구,6,2026-08-01 02:44:01
기술력 우수,기술혁신형 중소기업(이노비즈),주식회사미래비즈코리아,정보통신업,출판업,중소기업,23.0,서울 영등포구,6,2026-08-01 02:44:01
기술력 우수,기술혁신형 중소기업(이노비즈),주식회사어센트코리아,정보통신업,출판업,중소기업,45.0,서울 강남구,6,2026-08-01 02:44:01
기술력 우수,기술혁신형 중소기업(이노비즈),공간정보기술(주),정보통신업,출판업,중소기업,84.0,경기 성남시 분당구,5,2026-08-01 02:44:01
기술력 우수,기술혁신형 중소기업(이노비즈),(주)아이티앤,정보통신업,출판업,중소기업,,경기 남양주시,5,2026-08-01 02:44:01
기술력 우수,기술혁신형 중소기업(이노비즈),(주)바른컴퍼니,정보통신업,출판업,중소기업,75.0,경기 파주시,5,2026-08-01 02:44:01
기술력 우수,기술혁신형 중소기업(이노비즈),주식회사레드테이블,정보통신업,출판업,중소기업,32.0,서울 중구,5,2026-08-01 02:44:01
기술력 우수,기술혁신형 중소기업(이노비즈),에스에스앤씨주식회사,정보통신업,출판업,중소기업,62.0,경기 광명시,5,2026-08-01 02:44:01
기술력 우수,기술혁신형 중소기업(이노비즈),에이존테크(주),정보통신업,출판업,중소기업,19.0,대구 북구,5,2026-08-01 02:44:01
기술력 우수,기술혁신형 중소기업(이노비즈),(주)알앤비소프트,정보통신업,출판업,중소기업,204.0,경기 성남시 분당구,5,2026-08-01 02:44:01
기술력 우수,기술혁신형 중소기업(이노비즈),(주)포원시스템,정보통신업,출판업,중소기업,32.0,경북 경산시,5,2026-08-01 02:44:01
기술력 우수,기술혁신형 중소기업(이노비즈),(주)이즈소프트,정보통신업,출판업,중소기업,49.0,경기 군포시,5,2026-08-01 02:44:01
기술력 우수,기술혁신형 중소기업(이노비즈),(주)에이알테크놀로지,정보통신업,출판업,중소기업,25.0,대전 서구,5,2026-08-01 02:44:01
기술력 우수,기술혁신형 중소기업(이노비즈),(주)두올테크,정보통신업,출판업,중소기업,43.0,서울 영등포구,5,2026-08-01 02:44:01
기술력 우수,월드클래스300,㈜누리플렉스,정보통신업,출판업,중소기업,98.0,서울 서초구,5,2026-08-01 02:44:01
기술력 우수,기술혁신형 중소기업(이노비즈),주식회사 에이투지시스템,정보통신업,출판업,중소기업,17.0,충북 청주시 흥덕구,5,2026-08-01 02:44:01
기술력 우수,기술혁신형 중소기업(이노비즈),토피도 주식회사,정보통신업,출판업,중소기업,18.0,서울 송파구,5,2026-08-01 02:44:01
기술력 우수,기술혁신형 중소기업(이노비즈),주식회사이지아이앤씨,정보통신업,출판업,중소기업,43.0,부산 해운대구,5,2026-08-01 02:44:01
기술력 우수,기술혁신형 중소기업(이노비즈),주식회사아이옵스,정보통신업,출판업,중소기업,197.0,대전 유성구,5,2026-08-01 02:44:01
기술력 우수,기술혁신형 중소기업(이노비즈),(주)디스트릭트코리아,정보통신업,출판업,중소기업,163.0,서울 강남구,5,2026-08-01 02:44:01
기술력 우수,기술혁신형 중소기업(이노비즈),(주)씨드젠,정보통신업,출판업,중소기업,49.0,서울 영등포구,5,2026-08-01 02:44:01
기술력 우수,기술혁신형 중소기업(이노비즈),(주)듀코젠,정보통신업,출판업,중소기업,20.0,경기 수원시 영통구,5,2026-08-01 02:44:01
기술력 우수,기술혁신형 중소기업(이노비즈),(주)사이버텔브릿지,정보통신업,출판업,중소기업,132.0,서울 구로구,5,2026-08-01 02:44:01
기술력 우수,기술혁신형 중소기업(이노비즈),(주)인버스,정보통신업,출판업,중소기업,80.0,서울 구로구,5,2026-08-01 02:44:01
기술력 우수,기술혁신형 중소기업(이노비즈),한국정보기술(주),정보통신업,출판업,중소기업,315.0,경기 안양시 동안구,5,2026-08-01 02:44:01
기술력 우수,기술혁신형 중소기업(이노비즈),주식회사나래데이터,정보통신업,출판업,중소기업,7.0,서울 금천구,5,2026-08-01 02:44:01
기술력 우수,기술혁신형 중소기업(이노비즈),(주)에스티이지,정보통신업,출판업,중소기업,127.0,서울 금천구,5,2026-08-01 02:44:01
기술력 우수,기술혁신형 중소기업(이노비즈),(주)모두솔루션,정보통신업,출판업,중소기업,20.0,서울 금천구,5,2026-08-01 02:44:01
기술력 우수,기술혁신형 중소기업(이노비즈),(주)한국해양기상기술(KOAST),정보통신업,출판업,중소기업,23.0,서울 구로구,4,2026-08-01 02:44:01
기술력 우수,기술혁신형 중소기업(이노비즈),(주)투비콤,정보통신업,출판업,중소기업,35.0,서울 금천구,4,2026-08-01 02:44:01
기술력 우수,기술혁신형 중소기업(이노비즈),"주식회사 비투엔 (B2En Co., Ltd.)",정보통신업,출판업,중소기업,74.0,서울 영등포구,4,2026-08-01 02:44:01
기술력 우수,기술혁신형 중소기업(이노비즈),주식회사 한컴위드,정보통신업,출판업,중소기업,54.0,경기 성남시 분당구,4,2026-08-01 02:44:01
기술력 우수,기술혁신형 중소기업(이노비즈),(주)알티넷,정보통신업,출판업,중소기업,41.0,서울 강남구,4,2026-08-01 02:44:01
기술력 우수,기술혁신형 중소기업(이노비즈),(주)모아데이타,정보통신업,출판업,중소기업,54.0,경기 성남시 수정구,4,2026-08-01 02:44:01
기술력 우수,기술혁신형 중소기업(이노비즈),티지소프트 주식회사,정보통신업,출판업,중소기업,52.0,,4,2026-08-01 02:44:01
기술력 우수,기술혁신형 중소기업(이노비즈),주식회사 케이엑스넥스지,정보통신업,출판업,중소기업,86.0,서울 강동구,4,2026-08-01 02:44:01
기술력 우수,기술혁신형 중소기업(이노비즈),(주)포뎁스,정보통신업,출판업,중소기업,40.0,서울 강남구,4,2026-08-01 02:44:01
기술력 우수,기술혁신형 중소기업(이노비즈),주식회사캔랩,정보통신업,출판업,중소기업,31.0,경기 안산시 단원구,4,2026-08-01 02:44:01
기술력 우수,기술혁신형 중소기업(이노비즈),주식회사 메이크스타,정보통신업,출판업,중소기업,128.0,서울 강남구,4,2026-08-01 02:44:01
기술력 우수,기술혁신형 중소기업(이노비즈),가피아,정보통신업,출판업,중소기업,23.0,경기 수원시 권선구,4,2026-08-01 02:44:01
기술력 우수,기술혁신형 중소기업(이노비즈),두루이디에스 주식회사,정보통신업,출판업,중소기업,86.0,경기 안양시 동안구,4,2026-08-01 02:44:01
기술력 우수,기술혁신형 중소기업(이노비즈),(주)에스비티글로벌,정보통신업,출판업,중소기업,149.0,경기 성남시 분당구,4,2026-08-01 02:44:01
기술력 우수,기술혁신형 중소기업(이노비즈),주식회사엘렉시,정보통신업,출판업,중소기업,23.0,서울 송파구,4,2026-08-01 02:44:01
기술력 우수,기술혁신형 중소기업(이노비즈),주식회사푸름엘엔티,정보통신업,출판업,중소기업,17.0,서울 강서구,4,2026-08-01 02:44:01
기술력 우수,기술혁신형 중소기업(이노비즈),(주)인젠트,정보통신업,출판업,중소기업,300.0,서울 영등포구,4,2026-08-01 02:44:01
기술력 우수,기술혁신형 중소기업(이노비즈),(주)팜존에스엔씨,정보통신업,출판업,중소기업,32.0,경기 안양시 동안구,4,2026-08-01 02:44:01
기술력 우수,기술혁신형 중소기업(이노비즈),주식회사오피지지(OP.GG),정보통신업,출판업,중소기업,61.0,서울 강남구,4,2026-08-01 02:44:01
기술력 우수,기술혁신형 중소기업(이노비즈),(주)타이호인스트,정보통신업,출판업,중소기업,145.0,서울 구로구,4,2026-08-01 02:44:01
기술력 우수,기술혁신형 중소기업(이노비즈),주식회사미소테크,정보통신업,출판업,중소기업,77.0,서울 구로구,4,2026-08-01 02:44:01
기술력 우수,기술혁신형 중소기업(이노비즈),(주)테라정보보호,정보통신업,출판업,중소기업,20.0,서울 영등포구,4,2026-08-01 02:44:01
기술력 우수,기술혁신형 중소기업(이노비즈),주식회사 온채널,정보통신업,출판업,중소기업,36.0,서울 강남구,4,2026-08-01 02:44:01
기술력 우수,기술혁신형 중소기업(이노비즈),(주)수산아이앤티,정보통신업,출판업,중소기업,152.0,서울 강남구,4,2026-08-01 02:44:01
기술력 우수,기술혁신형 중소기업(이노비즈),리얼타임비쥬얼(주),정보통신업,출판업,중소기업,27.0,서울 마포구,4,2026-08-01 02:44:01
기술력 우수,기술혁신형 중소기업(이노비즈),주식회사 코드프레소,정보통신업,출판업,중소기업,27.0,서울 강남구,4,2026-08-01 02:44:01
기술력 우수,기술혁신형 중소기업(이노비즈),한경정보기술주식회사,정보통신업,출판업,중소기업,52.0,서울 구로구,4,2026-08-01 02:44:01
기술력 우수,기술혁신형 중소기업(이노비즈),(주)비아이매트릭스,정보통신업,출판업,중소기업,227.0,서울 강남구,4,2026-08-01 02:44:01
기술력 우수,기술혁신형 중소기업(이노비즈),주식회사슈빅,정보통신업,출판업,중소기업,58.0,서울 성동구,4,2026-08-01 02:44:01
기술력 우수,기술혁신형 중소기업(이노비즈),"위즈코어(주)(WIZCORE.Co.,Ltd.)",정보통신업,출판업,중소기업,48.0,서울 성동구,4,2026-08-01 02:44:01
기술력 우수,기술혁신형 중소기업(이노비즈),주식회사혁신정보기술,정보통신업,출판업,중소기업,22.0,서울 금천구,4,2026-08-01 02:44:01
기술력 우수,기술혁신형 중소기업(이노비즈),(주)웨일소프트,정보통신업,출판업,중소기업,12.0,경북 포항시 남구,4,2026-08-01 02:44:01
기술력 우수,기술혁신형 중소기업(이노비즈),(주)아이티메세지,정보통신업,출판업,중소기업,44.0,서울 송파구,4,2026-08-01 02:44:01
기술력 우수,기술혁신형 중소기업(이노비즈),주식회사네모난오렌지,정보통신업,출판업,중소기업,42.0,서울 강남구,4,2026-08-01 02:44:01
기술력 우수,기술혁신형 중소기업(이노비즈),(주)투씨에스지,정보통신업,출판업,중소기업,96.0,서울 구로구,4,2026-08-01 02:44:01
기술력 우수,기술혁신형 중소기업(이노비즈),(주)텔레컨스,정보통신업,출판업,중소기업,60.0,서울 금천구,4,2026-08-01 02:44:01
기술력 우수,기술혁신형 중소기업(이노비즈),포웨이브소프트주식회사,정보통신업,출판업,중소기업,15.0,서울 금천구,4,2026-08-01 02:44:01
기술력 우수,기술혁신형 중소기업(이노비즈),주식회사아이비에스티,정보통신업,출판업,중소기업,9.0,경남 창원시 마산회원구,4,2026-08-01 02:44:01
기술력 우수,기술혁신형 중소기업(이노비즈),주식회사채움씨앤아이,정보통신업,출판업,중소기업,43.0,서울 금천구,3,2026-08-01 02:44:01
기술력 우수,기술혁신형 중소기업(이노비즈),아이티컨버젼스주식회사,정보통신업,출판업,중소기업,,서울 송파구,3,2026-08-01 02:44:01
기술력 우수,기술혁신형 중소기업(이노비즈),주식회사엔에스엠,정보통신업,출판업,중소기업,22.0,대전 유성구,3,2026-08-01 02:44:01
기술력 우수,기술혁신형 중소기업(이노비즈),(주)진코퍼레이션,정보통신업,출판업,중소기업,142.0,서울 금천구,3,2026-08-01 02:44:01
기술력 우수,기술혁신형 중소기업(이노비즈),(주)라온엔터테인먼트,정보통신업,출판업,중소기업,115.0,대구 남구,3,2026-08-01 02:44:01
기술력 우수,기술혁신형 중소기업(이노비즈),한국통신인터넷기술(주),정보통신업,출판업,중소기업,146.0,서울 서초구,3,2026-08-01 02:44:01
기술력 우수,기술혁신형 중소기업(이노비즈),(주)월드소프트,정보통신업,출판업,중소기업,19.0,서울 서초구,3,2026-08-01 02:44:01
기술력 우수,기술혁신형 중소기업(이노비즈),(주)이씨오,정보통신업,출판업,중소기업,192.0,서울 성동구,3,2026-08-01 02:44:01
기술력 우수,기술혁신형 중소기업(이노비즈),케이엘정보통신(주),정보통신업,출판업,중소기업,318.0,서울 강남구,3,2026-08-01 02:44:01
기술력 우수,기술혁신형 중소기업(이노비즈),(주)유비텍,정보통신업,출판업,중소기업,20.0,부산 해운대구,3,2026-08-01 02:44:01
기술력 우수,기술혁신형 중소기업(이노비즈),주식회사 넷커스터마이즈,정보통신업,출판업,중소기업,95.0,대전 유성구,3,2026-08-01 02:44:01
기술력 우수,기술혁신형 중소기업(이노비즈),(주)씨씨미디어서비스,정보통신업,출판업,중소기업,132.0,서울 구로구,3,2026-08-01 02:44:01
기술력 우수,기술혁신형 중소기업(이노비즈),(주)이파피루스,정보통신업,출판업,중소기업,59.0,경기 성남시 분당구,3,2026-08-01 02:44:01
기술력 우수,기술혁신형 중소기업(이노비즈),주식회사위드네트웍스,정보통신업,출판업,중소기업,111.0,서울 강서구,3,2026-08-01 02:44:01
기술력 우수,기술혁신형 중소기업(이노비즈),(주)제이디아이앤에스,정보통신업,출판업,중소기업,10.0,서울 송파구,3,2026-08-01 02:44:01
기술력 우수,기술혁신형 중소기업(이노비즈),(주)코어트러스트,정보통신업,출판업,중소기업,35.0,서울 구로구,3,2026-08-01 02:44:01
기술력 우수,기술혁신형 중소기업(이노비즈),라온위즈 주식회사,정보통신업,출판업,중소기업,19.0,서울 서초구,3,2026-08-01 02:44:01
기술력 우수,기술혁신형 중소기업(이노비즈),(주)코난테크놀로지,정보통신업,출판업,중소기업,174.0,서울 서초구,3,2026-08-01 02:44:01
기술력 우수,기술혁신형 중소기업(이노비즈),주식회사아로정보기술,정보통신업,출판업,중소기업,37.0,서울 영등포구,3,2026-08-01 02:44:01
기술력 우수,기술혁신형 중소기업(이노비즈),테크하임(주),정보통신업,출판업,중소기업,43.0,서울 서초구,3,2026-08-01 02:44:01
기술력 우수,기술혁신형 중소기업(이노비즈),주식회사아이비스,정보통신업,출판업,중소기업,77.0,경기 수원시 영통구,3,2026-08-01 02:44:01
기술력 우수,기술혁신형 중소기업(이노비즈),(주)네오티스,정보통신업,출판업,중소기업,38.0,경기 하남시,3,2026-08-01 02:44:01
기술력 우수,기술혁신형 중소기업(이노비즈),(주)지란지교소프트,정보통신업,출판업,중소기업,116.0,대전 유성구,3,2026-08-01 02:44:01
기술력 우수,기술혁신형 중소기업(이노비즈),주식회사 비타소프트,정보통신업,출판업,중소기업,37.0,서울 구로구,3,2026-08-01 02:44:01
기술력 우수,기술혁신형 중소기업(이노비즈),주식회사상상하는사람들,정보통신업,출판업,중소기업,8.0,경기 부천시,3,2026-08-01 02:44:01
기술력 우수,기술혁신형 중소기업(이노비즈),비즈톡주식회사,정보통신업,출판업,중소기업,24.0,서울 강남구,3,2026-08-01 02:44:01
기술력 우수,기술혁신형 중소기업(이노비즈),(주)이썸테크,정보통신업,출판업,중소기업,1.0,서울 강남구,3,2026-08-01 02:44:01
기술력 우수,기술혁신형 중소기업(이노비즈),(주)아이비리더스,정보통신업,출판업,중소기업,75.0,서울 구로구,3,2026-08-01 02:44:01
기술력 우수,기술혁신형 중소기업(이노비즈),주식회사뉴인,정보통신업,출판업,중소기업,29.0,서울 마포구,3,2026-08-01 02:44:01
기술력 우수,기술혁신형 중소기업(이노비즈),(주)에니아소프트,정보통신업,출판업,중소기업,138.0,충북 청주시 상당구,3,2026-08-01 02:44:01
기술력 우수,기술혁신형 중소기업(이노비즈),(주)이에스테크놀로지,정보통신업,출판업,중소기업,3.0,대구 동구,3,2026-08-01 02:44:01
기술력 우수,기술혁신형 중소기업(이노비즈),(주)링크제니시스,정보통신업,출판업,중소기업,114.0,경기 안양시 동안구,3,2026-08-01 02:44:01
기술력 우수,기술혁신형 중소기업(이노비즈),케이아이티밸리(주),정보통신업,출판업,중소기업,67.0,서울 금천구,3,2026-08-01 02:44:01
기술력 우수,기술혁신형 중소기업(이노비즈),(주)이지스,정보통신업,출판업,중소기업,184.0,대구 수성구,3,2026-08-01 02:44:01
기술력 우수,기술혁신형 중소기업(이노비즈),(주)유시스,정보통신업,출판업,중소기업,32.0,부산 해운대구,3,2026-08-01 02:44:01
기술력 우수,기술혁신형 중소기업(이노비즈),(주)에스엠소프트,정보통신업,출판업,중소기업,28.0,,3,2026-08-01 02:44:01
기술력 우수,기술혁신형 중소기업(이노비즈),주식회사 코리아이앤피,정보통신업,출판업,중소기업,31.0,서울 성북구,3,2026-08-01 02:44:01
기술력 우수,기술혁신형 중소기업(이노비즈),주식회사 위버스마인드,정보통신업,출판업,중소기업,95.0,서울 구로구,3,2026-08-01 02:44:01
기술력 우수,기술혁신형 중소기업(이노비즈),주식회사노벨테크놀로지,정보통신업,출판업,중소기업,,경기 군포시,3,2026-08-01 02:44:01
기술력 우수,기술혁신형 중소기업(이노비즈),(주)지슨,정보통신업,출판업,중소기업,87.0,서울 구로구,3,2026-08-01 02:44:01
기술력 우수,기술혁신형 중소기업(이노비즈),(주)진앤현시큐리티,정보통신업,출판업,중소기업,90.0,서울 송파구,3,2026-08-01 02:44:01
기술력 우수,기술혁신형 중소기업(이노비즈),(주)네이블커뮤니케이션즈,정보통신업,출판업,중견기업,114.0,서울 강남구,3,2026-08-01 02:44:01
기술력 우수,기술혁신형 중소기업(이노비즈),(주)케이쓰리아이,정보통신업,출판업,중소기업,83.0,대전 유성구,3,2026-08-01 02:44:01
기술력 우수,기술혁신형 중소기업(이노비즈),(주)아스템즈,정보통신업,출판업,중소기업,135.0,서울 광진구,3,2026-08-01 02:44:01
기술력 우수,기술혁신형 중소기업(이노비즈),(주)글로브포인트,정보통신업,출판업,중소기업,43.0,경기 고양시 덕양구,3,2026-08-01 02:44:01
기술력 우수,기술혁신형 중소기업(이노비즈),(주)윤디자인그룹,정보통신업,출판업,중소기업,21.0,서울 마포구,3,2026-08-01 02:44:01
기술력 우수,기술혁신형 중소기업(이노비즈),주식회사 사이버메드,정보통신업,출판업,중소기업,32.0,대전 유성구,3,2026-08-01 02:44:01
기술력 우수,기술혁신형 중소기업(이노비즈),주식회사에스크라운,정보통신업,출판업,중소기업,22.0,서울 금천구,3,2026-08-01 02:44:01
기술력 우수,기술혁신형 중소기업(이노비즈),망고슬래브주식회사,정보통신업,출판업,중소기업,18.0,경기 성남시 수정구,3,2026-08-01 02:44:01
기술력 우수,기술혁신형 중소기업(이노비즈),신텍정보시스템(주),정보통신업,출판업,중소기업,42.0,서울 구로구,3,2026-08-01 02:44:01
기술력 우수,기술혁신형 중소기업(이노비즈),나무기술 주식회사,정보통신업,출판업,중소기업,118.0,서울 강서구,3,2026-08-01 02:44:01
기술력 우수,기술혁신형 중소기업(이노비즈),(주)메인아이티,정보통신업,출판업,중소기업,13.0,서울 구로구,3,2026-08-01 02:44:01
기술력 우수,기술혁신형 중소기업(이노비즈),(주)와이즈스톤티,정보통신업,출판업,중소기업,247.0,서울 서초구,3,2026-08-01 02:44:01
기술력 우수,기술혁신형 중소기업(이노비즈),케이투웹테크(주),정보통신업,출판업,중소기업,115.0,서울 금천구,3,2026-08-01 02:44:01
기술력 우수,기술혁신형 중소기업(이노비즈),주식회사더픽트,정보통신업,출판업,중소기업,35.0,강원 춘천시,3,2026-08-01 02:44:01
기술력 우수,기술혁신형 중소기업(이노비즈),(주)아소비교육,정보통신업,출판업,중소기업,55.0,서울 은평구,3,2026-08-01 02:44:01
기술력 우수,기술혁신형 중소기업(이노비즈),(주)케이넷,정보통신업,출판업,중소기업,20.0,,3,2026-08-01 02:44:01
기술력 우수,기술혁신형 중소기업(이노비즈),주식회사소프트보울,정보통신업,출판업,중소기업,24.0,경기 과천시,3,2026-08-01 02:44:01
기술력 우수,기술혁신형 중소기업(이노비즈),미디어젠(주),정보통신업,출판업,중소기업,172.0,경기 성남시 분당구,3,2026-08-01 02:44:01
기술력 우수,기술혁신형 중소기업(이노비즈),지식시스템(주),정보통신업,출판업,중소기업,49.0,경기 성남시 분당구,3,2026-08-01 02:44:01
기술력 우수,기술혁신형 중소기업(이노비즈),주식회사 네오텍,정보통신업,출판업,중소기업,16.0,부산 동구,2,2026-08-01 02:44:01
기술력 우수,기술혁신형 중소기업(이노비즈),(주)제이니스,정보통신업,출판업,중소기업,47.0,서울 성동구,2,2026-08-01 02:44:01
기술력 우수,기술혁신형 중소기업(이노비즈),(주)이모션글로벌,정보통신업,출판업,중소기업,133.0,서울 강남구,2,2026-08-01 02:44:01
기술력 우수,기술혁신형 중소기업(이노비즈),(주)퓨쳐누리,정보통신업,출판업,중소기업,112.0,서울 영등포구,2,2026-08-01 02:44:01
기술력 우수,기술혁신형 중소기업(이노비즈),(주)솔탑,정보통신업,출판업,중소기업,110.0,대전 유성구,2,2026-08-01 02:44:01
기술력 우수,기술혁신형 중소기업(이노비즈),(주)스페이스솔루션,정보통신업,출판업,중소기업,56.0,서울 금천구,2,2026-08-01 02:44:01
기술력 우수,기술혁신형 중소기업(이노비즈),코드마인드 주식회사,정보통신업,출판업,중소기업,66.0,대구 수성구,2,2026-08-01 02:44:01
기술력 우수,기술혁신형 중소기업(이노비즈),(주)아이티메이트,정보통신업,출판업,중소기업,95.0,서울 중구,2,2026-08-01 02:44:01
기술력 우수,기술혁신형 중소기업(이노비즈),브릭메이트 주식회사,정보통신업,출판업,중소기업,,서울 영등포구,2,2026-08-01 02:44:01
기술력 우수,기술혁신형 중소기업(이노비즈),(주)씽크포비엘,정보통신업,출판업,중소기업,25.0,서울 강남구,2,2026-08-01 02:44:01
기술력 우수,기술혁신형 중소기업(이노비즈),주식회사 인스테크,정보통신업,출판업,중소기업,28.0,세종,2,2026-08-01 02:44:01
기술력 우수,기술혁신형 중소기업(이노비즈),주식회사 에코누리시스템,정보통신업,출판업,중소기업,38.0,서울 광진구,2,2026-08-01 02:44:01
기술력 우수,기술혁신형 중소기업(이노비즈),(주)으뜸정보기술,정보통신업,출판업,중소기업,16.0,,2,2026-08-01 02:44:01
기술력 우수,기술혁신형 중소기업(이노비즈),주식회사엠엔씨에이프로,정보통신업,출판업,중소기업,21.0,서울 성동구,2,2026-08-01 02:44:01
기술력 우수,기술혁신형 중소기업(이노비즈),(주)데이터사이언스랩,정보통신업,출판업,중소기업,3.0,경기 성남시 수정구,2,2026-08-01 02:44:01
기술력 우수,기술혁신형 중소기업(이노비즈),(주)에스피아이디,정보통신업,출판업,중소기업,31.0,서울 금천구,2,2026-08-01 02:44:01
기술력 우수,기술혁신형 중소기업(이노비즈),(주)지아이이앤에스,정보통신업,출판업,중소기업,13.0,서울 마포구,2,2026-08-01 02:44:01
기술력 우수,기술혁신형 중소기업(이노비즈),모바일센주식회사,정보통신업,출판업,중소기업,10.0,서울 영등포구,2,2026-08-01 02:44:01
기술력 우수,기술혁신형 중소기업(이노비즈),(주)엔텀네트웍스,정보통신업,출판업,중소기업,15.0,서울 성동구,2,2026-08-01 02:44:01
기술력 우수,기술혁신형 중소기업(이노비즈),(주)리얼타임웨이브,정보통신업,출판업,중소기업,49.0,경기 성남시 분당구,2,2026-08-01 02:44:01
기술력 우수,기술혁신형 중소기업(이노비즈),주식회사아이티에스컨버젼스,정보통신업,출판업,중소기업,35.0,서울 영등포구,2,2026-08-01 02:44:01
기술력 우수,기술혁신형 중소기업(이노비즈),주식회사띵스파이어,정보통신업,출판업,중소기업,27.0,서울 용산구,2,2026-08-01 02:44:01
기술력 우수,기술혁신형 중소기업(이노비즈),(주)디지털플러스시스템,정보통신업,출판업,중소기업,106.0,서울 영등포구,2,2026-08-01 02:44:01
기술력 우수,기술혁신형 중소기업(이노비즈),비비엠씨(주),정보통신업,출판업,중소기업,17.0,서울 서초구,2,2026-08-01 02:44:01
기술력 우수,기술혁신형 중소기업(이노비즈),(주)애니파이브,정보통신업,출판업,중소기업,108.0,서울 구로구,2,2026-08-01 02:44:01
기술력 우수,기술혁신형 중소기업(이노비즈),주식회사 이지디에스,정보통신업,출판업,중소기업,43.0,서울 송파구,2,2026-08-01 02:44:01
기술력 우수,기술혁신형 중소기업(이노비즈),엑스큐어 주식회사,정보통신업,출판업,중소기업,46.0,경기 안양시 동안구,2,2026-08-01 02:44:01
기술력 우수,기술혁신형 중소기업(이노비즈),한길씨앤씨(주),정보통신업,출판업,중소기업,88.0,서울 금천구,2,2026-08-01 02:44:01
기술력 우수,기술혁신형 중소기업(이노비즈),(주)알엔웨어,정보통신업,출판업,중소기업,13.0,대구 수성구,2,2026-08-01 02:44:01
기술력 우수,기술혁신형 중소기업(이노비즈),(주)미소정보기술,정보통신업,출판업,중소기업,171.0,서울 강남구,2,2026-08-01 02:44:01
기술력 우수,기술혁신형 중소기업(이노비즈),(주)단솔플러스,정보통신업,출판업,중소기업,18.0,서울 강남구,2,2026-08-01 02:44:01
기술력 우수,기술혁신형 중소기업(이노비즈),주식회사한국정책미디어,정보통신업,출판업,중소기업,27.0,서울 영등포구,2,2026-08-01 02:44:01
기술력 우수,기술혁신형 중소기업(이노비즈),주식회사 데이터스트림즈,정보통신업,출판업,중소기업,192.0,서울 서초구,2,2026-08-01 02:44:01
기술력 우수,기술혁신형 중소기업(이노비즈),"(주)케이사인(KSIGN Co.,Ltd.)",정보통신업,출판업,중소기업,87.0,경기 과천시,2,2026-08-01 02:44:01
기술력 우수,기술혁신형 중소기업(이노비즈),(주)엠에스시스템즈,정보통신업,출판업,중소기업,38.0,서울 금천구,2,2026-08-01 02:44:01
기술력 우수,기술혁신형 중소기업(이노비즈),(주)휴민텍,정보통신업,출판업,중소기업,12.0,경기 수원시 영통구,2,2026-08-01 02:44:01
기술력 우수,기술혁신형 중소기업(이노비즈),사이버다임,정보통신업,출판업,중소기업,113.0,서울 송파구,2,2026-08-01 02:44:01
기술력 우수,기술혁신형 중소기업(이노비즈),(주)자인원,정보통신업,출판업,중소기업,,경기 성남시 분당구,2,2026-08-01 02:44:01
기술력 우수,기술혁신형 중소기업(이노비즈),주식회사아롬정보기술,정보통신업,출판업,중소기업,77.0,서울 성동구,2,2026-08-01 02:44:01
기술력 우수,기술혁신형 중소기업(이노비즈),(주)휴먼플러스,정보통신업,출판업,중소기업,57.0,서울 영등포구,2,2026-08-01 02:44:01
기술력 우수,기술혁신형 중소기업(이노비즈),(주)엑스엔(XN)시스템즈,정보통신업,출판업,중소기업,54.0,서울 금천구,2,2026-08-01 02:44:01
기술력 우수,기술혁신형 중소기업(이노비즈),(주)위세아이텍,정보통신업,출판업,중소기업,171.0,경기 성남시 분당구,2,2026-08-01 02:44:01
기술력 우수,기술혁신형 중소기업(이노비즈),주식회사인피니소프트,정보통신업,출판업,중소기업,44.0,서울 금천구,2,2026-08-01 02:44:01
기술력 우수,기술혁신형 중소기업(이노비즈),(주)씨앤이정보,정보통신업,출판업,중소기업,13.0,경기 김포시,2,2026-08-01 02:44:01
기술력 우수,기술혁신형 중소기업(이노비즈),주식회사 리드앤,정보통신업,출판업,중소기업,16.0,경기 안양시 동안구,2,2026-08-01 02:44:01
기술력 우수,기술혁신형 중소기업(이노비즈),(주)마린소프트,정보통신업,출판업,중소기업,9.0,부산 영도구,2,2026-08-01 02:44:01
기술력 우수,기술혁신형 중소기업(이노비즈),(주)포엠텍,정보통신업,출판업,중소기업,24.0,경북 포항시 남구,2,2026-08-01 02:44:01
기술력 우수,기술혁신형 중소기업(이노비즈),주식회사디엠테크컨설팅,정보통신업,출판업,중소기업,,경기 화성시,2,2026-08-01 02:44:01
기술력 우수,기술혁신형 중소기업(이노비즈),(주)엑소텍,정보통신업,출판업,중소기업,34.0,대전 유성구,2,2026-08-01 02:44:01
기술력 우수,기술혁신형 중소기업(이노비즈),주식회사심시스글로벌,정보통신업,출판업,중소기업,21.0,서울 서초구,2,2026-08-01 02:44:01
기술력 우수,기술혁신형 중소기업(이노비즈),(주)이씨스,정보통신업,출판업,중소기업,28.0,부산 동구,2,2026-08-01 02:44:01
기술력 우수,기술혁신형 중소기업(이노비즈),(주)네오플러스,정보통신업,출판업,중소기업,85.0,서울 구로구,2,2026-08-01 02:44:01
기술력 우수,기술혁신형 중소기업(이노비즈),(주)이포즌,정보통신업,출판업,중소기업,54.0,서울 성동구,2,2026-08-01 02:44:01
기술력 우수,기술혁신형 중소기업(이노비즈),주토스(주),정보통신업,출판업,중소기업,22.0,경기 안양시 동안구,2,2026-08-01 02:44:01
기술력 우수,기술혁신형 중소기업(이노비즈),(주)아르고넷,정보통신업,출판업,중소기업,39.0,대전 유성구,2,2026-08-01 02:44:01
기술력 우수,기술혁신형 중소기업(이노비즈),케빈랩 주식회사,정보통신업,출판업,중소기업,37.0,경기 안양시 만안구,2,2026-08-01 02:44:01
기술력 우수,기술혁신형 중소기업(이노비즈),주식회사피앤디아이앤씨,정보통신업,출판업,중소기업,47.0,서울 강남구,2,2026-08-01 02:44:01
기술력 우수,기술혁신형 중소기업(이노비즈),주식회사 시큐센,정보통신업,출판업,중소기업,73.0,서울 영등포구,2,2026-08-01 02:44:01
기술력 우수,기술혁신형 중소기업(이노비즈),(주)엔씨비,정보통신업,출판업,중소기업,15.0,경기 부천시 오정구,2,2026-08-01 02:44:01
기술력 우수,기술혁신형 중소기업(이노비즈),(주)에프에스솔루션,정보통신업,출판업,중소기업,25.0,경기 성남시 수정구,2,2026-08-01 02:44:01
기술력 우수,기술혁신형 중소기업(이노비즈),주식회사피플앤드테크놀러지,정보통신업,출판업,중소기업,109.0,서울 강남구,2,2026-08-01 02:44:01
기술력 우수,기술혁신형 중소기업(이노비즈),(주)메디오피아테크,정보통신업,출판업,중소기업,48.0,서울 강남구,2,2026-08-01 02:44:01
기술력 우수,기술혁신형 중소기업(이노비즈),(주)비스톤스,정보통신업,출판업,중소기업,48.0,서울 강남구,2,2026-08-01 02:44:01
기술력 우수,기술혁신형 중소기업(이노비즈),켐아이넷(주),정보통신업,출판업,중소기업,21.0,서울 양천구,2,2026-08-01 02:44:01
기술력 우수,기술혁신형 중소기업(이노비즈),에스지에이솔루션즈 주식회사,정보통신업,출판업,중소기업,168.0,서울 송파구,2,2026-08-01 02:44:01
기술력 우수,기술혁신형 중소기업(이노비즈),주식회사스패로우,정보통신업,출판업,중소기업,87.0,서울 마포구,2,2026-08-01 02:44:01
기술력 우수,기술혁신형 중소기업(이노비즈),(주)동림티엔에스,정보통신업,출판업,중소기업,85.0,울산 남구,2,2026-08-01 02:44:01
기술력 우수,기술혁신형 중소기업(이노비즈),주식회사 티지,정보통신업,출판업,중소기업,50.0,서울 영등포구,2,2026-08-01 02:44:01
기술력 우수,기술혁신형 중소기업(이노비즈),주식회사 핸디소프트,정보통신업,출판업,중소기업,111.0,경기 안양시 동안구,2,2026-08-01 02:44:01
기술력 우수,기술혁신형 중소기업(이노비즈),주식회사상상진화,정보통신업,출판업,중소기업,29.0,서울 서초구,2,2026-08-01 02:44:01
기술력 우수,기술혁신형 중소기업(이노비즈),(주)엔에스이,정보통신업,출판업,중소기업,40.0,대전 유성구,2,2026-08-01 02:44:01
기술력 우수,기술혁신형 중소기업(이노비즈),인프라소프트(주),정보통신업,출판업,중소기업,33.0,서울 마포구,2,2026-08-01 02:44:01
기술력 우수,기술혁신형 중소기업(이노비즈),주식회사디비엔텍,정보통신업,출판업,중소기업,24.0,,2,2026-08-01 02:44:01
기술력 우수,기술혁신형 중소기업(이노비즈),(주)휴엔시스템,정보통신업,출판업,중소기업,31.0,서울 금천구,2,2026-08-01 02:44:01
기술력 우수,기술혁신형 중소기업(이노비즈),(주)넷맨,정보통신업,출판업,중소기업,39.0,서울 금천구,2,2026-08-01 02:44:01
기술력 우수,기술혁신형 중소기업(이노비즈),(주)나노아이티,정보통신업,출판업,중소기업,42.0,대구 수성구,2,2026-08-01 02:44:01
기술력 우수,기술혁신형 중소기업(이노비즈),주식회사 지엔아이씨티,정보통신업,출판업,중소기업,9.0,,2,2026-08-01 02:44:01
기술력 우수,기술혁신형 중소기업(이노비즈),(주)지앤글로벌,정보통신업,출판업,중소기업,10.0,서울 서초구,2,2026-08-01 02:44:01
기술력 우수,기술혁신형 중소기업(이노비즈),(주)중외정보기술,정보통신업,출판업,중소기업,90.0,서울 금천구,2,2026-08-01 02:44:01
기술력 우수,기술혁신형 중소기업(이노비즈),(주)아이뱅크,정보통신업,출판업,중소기업,189.0,서울 금천구,2,2026-08-01 02:44:01
기술력 우수,기술혁신형 중소기업(이노비즈),주식회사 이음시스템즈,정보통신업,출판업,중소기업,37.0,서울 금천구,2,2026-08-01 02:44:01
기술력 우수,기술혁신형 중소기업(이노비즈),주식회사씨엘모빌리티,정보통신업,출판업,중소기업,59.0,대구 동구,2,2026-08-01 02:44:01
기술력 우수,기술혁신형 중소기업(이노비즈),주식회사 원모어시큐리티,정보통신업,출판업,중소기업,,세종,1,2026-08-01 02:44:01
기술력 우수,기술혁신형 중소기업(이노비즈),(주)네트콤,정보통신업,출판업,중소기업,22.0,서울 영등포구,1,2026-08-01 02:44:01
기술력 우수,기술혁신형 중소기업(이노비즈),주식회사 투네이션,정보통신업,출판업,중소기업,38.0,경기 성남시 분당구,1,2026-08-01 02:44:01
기술력 우수,기술혁신형 중소기업(이노비즈),(주)인정보기술,정보통신업,출판업,중소기업,25.0,,1,2026-08-01 02:44:01
기술력 우수,기술혁신형 중소기업(이노비즈),(주)핀업,정보통신업,출판업,중소기업,16.0,서울 강남구,1,2026-08-01 02:44:01
기술력 우수,기술혁신형 중소기업(이노비즈),큐패스코리아주식회사,정보통신업,출판업,중소기업,,경기 용인시 수지구,1,2026-08-01 02:44:01
기술력 우수,기술혁신형 중소기업(이노비즈),(주)위엠비,정보통신업,출판업,중소기업,84.0,서울 마포구,1,2026-08-01 02:44:01
기술력 우수,기술혁신형 중소기업(이노비즈),주식회사엘아이텍,정보통신업,출판업,중소기업,19.0,경기 안양시 동안구,1,2026-08-01 02:44:01
기술력 우수,기술혁신형 중소기업(이노비즈),주식회사 인텔리빅스,정보통신업,출판업,중소기업,138.0,서울 서초구,1,2026-08-01 02:44:01
기술력 우수,기술혁신형 중소기업(이노비즈),(주)엠엘소프트,정보통신업,출판업,중소기업,29.0,경기 과천시,1,2026-08-01 02:44:01
기술력 우수,기술혁신형 중소기업(이노비즈),(주)헬릭스테크(Helixtech Corp.),정보통신업,출판업,중소기업,27.0,서울 서초구,1,2026-08-01 02:44:01
기술력 우수,기술혁신형 중소기업(이노비즈),(주)엔투엠,정보통신업,출판업,중소기업,27.0,서울 영등포구,1,2026-08-01 02:44:01
기술력 우수,기술혁신형 중소기업(이노비즈),(주)한싹,정보통신업,출판업,중소기업,112.0,서울 구로구,1,2026-08-01 02:44:01
기술력 우수,기술혁신형 중소기업(이노비즈),(주)위즈위그,정보통신업,출판업,중소기업,22.0,서울 동대문구,1,2026-08-01 02:44:01
기술력 우수,기술혁신형 중소기업(이노비즈),주식회사 포커스원,정보통신업,출판업,중소기업,32.0,경기 하남시,1,2026-08-01 02:44:01
기술력 우수,기술혁신형 중소기업(이노비즈),비트루브주식회사,정보통신업,출판업,중소기업,17.0,서울 강남구,1,2026-08-01 02:44:01
기술력 우수,기술혁신형 중소기업(이노비즈),에이치투오시스템테크놀로지(주),정보통신업,출판업,중소기업,31.0,서울 양천구,1,2026-08-01 02:44:01
기술력 우수,기술혁신형 중소기업(이노비즈),(주)자몽컴퍼니,정보통신업,출판업,중소기업,7.0,,1,2026-08-01 02:44:01
기술력 우수,기술혁신형 중소기업(이노비즈),주식회사 콩스튜디오코리아,정보통신업,출판업,중소기업,395.0,서울 강남구,1,2026-08-01 02:44:01
기술력 우수,기술혁신형 중소기업(이노비즈),(주)쓰리디산업영상,정보통신업,출판업,중소기업,22.0,서울 관악구,1,2026-08-01 02:44:01
기술력 우수,기술혁신형 중소기업(이노비즈),헬리오센주식회사,정보통신업,출판업,중소기업,,경기 성남시 분당구,1,2026-08-01 02:44:01
기술력 우수,기술혁신형 중소기업(이노비즈),주식회사 라이언게임즈,정보통신업,출판업,중소기업,85.0,서울 강남구,1,2026-08-01 02:44:01
기술력 우수,기술혁신형 중소기업(이노비즈),(주)글로비즈,정보통신업,출판업,중소기업,14.0,서울 관악구,1,2026-08-01 02:44:01
기술력 우수,기술혁신형 중소기업(이노비즈),지티원(주),정보통신업,출판업,중소기업,116.0,서울 영등포구,1,2026-08-01 02:44:01
기술력 우수,기술혁신형 중소기업(이노비즈),(주)메타씨티,정보통신업,출판업,중소기업,27.0,경기 하남시,1,2026-08-01 02:44:01
기술력 우수,기술혁신형 중소기업(이노비즈),주식회사지뉴소프트,정보통신업,출판업,중소기업,34.0,서울 강남구,1,2026-08-01 02:44:01
기술력 우수,기술혁신형 중소기업(이노비즈),주식회사페스카로,정보통신업,출판업,중소기업,114.0,경기 수원시 영통구,1,2026-08-01 02:44:01
기술력 우수,기술혁신형 중소기업(이노비즈),(주)코어테크놀로지,정보통신업,출판업,중소기업,28.0,대전 서구,1,2026-08-01 02:44:01
기술력 우수,기술혁신형 중소기업(이노비즈),주식회사소프트넷,정보통신업,출판업,중소기업,9.0,경기 안양시 동안구,1,2026-08-01 02:44:01
기술력 우수,기술혁신형 중소기업(이노비즈),비티에스테크놀로지스(주),정보통신업,출판업,중소기업,40.0,경기 용인시 기흥구,1,2026-08-01 02:44:01
기술력 우수,기술혁신형 중소기업(이노비즈),(주)유라클,정보통신업,출판업,중소기업,235.0,서울 강남구,1,2026-08-01 02:44:01
기술력 우수,기술혁신형 중소기업(이노비즈),주식회사튠미디어,정보통신업,출판업,중소기업,9.0,서울 강남구,1,2026-08-01 02:44:01
기술력 우수,기술혁신형 중소기업(이노비즈),마인드원(주),정보통신업,출판업,중소기업,35.0,서울 강남구,1,2026-08-01 02:44:01
기술력 우수,기술혁신형 중소기업(이노비즈),(주)진성이엔지,정보통신업,출판업,중소기업,,경기 성남시 중원구,1,2026-08-01 02:44:01
기술력 우수,기술혁신형 중소기업(이노비즈),(주)엠클라우독,정보통신업,출판업,중소기업,,서울 강남구,1,2026-08-01 02:44:01
기술력 우수,기술혁신형 중소기업(이노비즈),(주)씨앤노마드,정보통신업,출판업,중소기업,10.0,서울 영등포구,1,2026-08-01 02:44:01
기술력 우수,기술혁신형 중소기업(이노비즈),(주)테이아,정보통신업,출판업,중소기업,107.0,경기 과천시,1,2026-08-01 02:44:01
기술력 우수,기술혁신형 중소기업(이노비즈),(주)웹브라이트,정보통신업,출판업,중소기업,44.0,서울 중구,1,2026-08-01 02:44:01
기술력 우수,기술혁신형 중소기업(이노비즈),(주)라이브애플리케이션,정보통신업,출판업,중소기업,9.0,서울 금천구,1,2026-08-01 02:44:01
기술력 우수,기술혁신형 중소기업(이노비즈),주식회사 케이아이에스,정보통신업,출판업,중소기업,9.0,충북 청주시 청원구,1,2026-08-01 02:44:01
기술력 우수,기술혁신형 중소기업(이노비즈),(주)카이아이컴퍼니,정보통신업,출판업,중소기업,10.0,대전 유성구,1,2026-08-01 02:44:01
기술력 우수,기술혁신형 중소기업(이노비즈),주식회사 아이플래넷,정보통신업,출판업,중소기업,14.0,경기 안양시 동안구,1,2026-08-01 02:44:01
기술력 우수,기술혁신형 중소기업(이노비즈),(주)블루넥스,정보통신업,출판업,중소기업,,부산 연제구,1,2026-08-01 02:44:01
기술력 우수,기술혁신형 중소기업(이노비즈),(주)청구정보통신,정보통신업,출판업,중소기업,24.0,서울 구로구,1,2026-08-01 02:44:01
기술력 우수,기술혁신형 중소기업(이노비즈),티엔씨파트너(주),정보통신업,출판업,중소기업,18.0,서울 구로구,1,2026-08-01 02:44:01
기술력 우수,기술혁신형 중소기업(이노비즈),(주)자이닉스,정보통신업,출판업,중소기업,35.0,서울 구로구,1,2026-08-01 02:44:01
기술력 우수,기술혁신형 중소기업(이노비즈),(주)엠브이소프텍,정보통신업,출판업,중소기업,26.0,대전 유성구,1,2026-08-01 02:44:01
기술력 우수,기술혁신형 중소기업(이노비즈),헬스커넥트주식회사,정보통신업,출판업,중소기업,53.0,서울 강남구,1,2026-08-01 02:44:01
기술력 우수,기술혁신형 중소기업(이노비즈),(주)씽크솔루션,정보통신업,출판업,중소기업,30.0,경기 파주시,1,2026-08-01 02:44:01
기술력 우수,기술혁신형 중소기업(이노비즈),워터월시스템즈주식회사,정보통신업,출판업,중소기업,49.0,서울 금천구,1,2026-08-01 02:44:01
기술력 우수,기술혁신형 중소기업(이노비즈),주식회사 오투오 (020),정보통신업,출판업,중소기업,18.0,강원 춘천시,1,2026-08-01 02:44:01
기술력 우수,기술혁신형 중소기업(이노비즈),주식회사엠제이비전테크,정보통신업,출판업,중소기업,16.0,대구 중구,1,2026-08-01 02:44:01
기술력 우수,기술혁신형 중소기업(이노비즈),(주)크레비스파트너스,정보통신업,출판업,중소기업,80.0,서울 성동구,1,2026-08-01 02:44:01
기술력 우수,기술혁신형 중소기업(이노비즈),우리엘소프트,정보통신업,출판업,중소기업,29.0,서울 강서구,1,2026-08-01 02:44:01
기술력 우수,기술혁신형 중소기업(이노비즈),"주식회사루텍(RUTECCO.,LTD.)",정보통신업,출판업,중소기업,65.0,서울 서초구,1,2026-08-01 02:44:01
기술력 우수,기술혁신형 중소기업(이노비즈),(주)베이시스소프트,정보통신업,출판업,중소기업,17.0,서울 서초구,1,2026-08-01 02:44:01
기술력 우수,기술혁신형 중소기업(이노비즈),주식회사에이테크,정보통신업,출판업,중소기업,23.0,울산 중구,1,2026-08-01 02:44:01
기술력 우수,기술혁신형 중소기업(이노비즈),주식회사그렇게하자,정보통신업,출판업,중소기업,,서울 동대문구,1,2026-08-01 02:44:01
기술력 우수,기술혁신형 중소기업(이노비즈),(주)클라우다이크,정보통신업,출판업,중소기업,13.0,경기 성남시 수정구,1,2026-08-01 02:44:01
기술력 우수,기술혁신형 중소기업(이노비즈),(주)엔스퀘어,정보통신업,출판업,중소기업,22.0,충남 천안시 서북구,1,2026-08-01 02:44:01
기술력 우수,기술혁신형 중소기업(이노비즈),주식회사 닉컴퍼니,정보통신업,출판업,중소기업,,서울 강서구,1,2026-08-01 02:44:01
기술력 우수,기술혁신형 중소기업(이노비즈),(주)시큐레이어,정보통신업,출판업,중소기업,127.0,서울 성동구,1,2026-08-01 02:44:01
기술력 우수,기술혁신형 중소기업(이노비즈),주식회사 트라콤,정보통신업,출판업,중소기업,63.0,경기 안양시 동안구,1,2026-08-01 02:44:01
기술력 우수,기술혁신형 중소기업(이노비즈),누리꿈소프트(주),정보통신업,출판업,중소기업,51.0,서울 영등포구,1,2026-08-01 02:44:01
기술력 우수,기술혁신형 중소기업(이노비즈),주식회사인포유앤컴퍼니,정보통신업,출판업,중소기업,37.0,서울 성동구,1,2026-08-01 02:44:01
기술력 우수,기술혁신형 중소기업(이노비즈),(주)세윤씨앤에스,정보통신업,출판업,중소기업,72.0,경기 과천시,1,2026-08-01 02:44:01
기술력 우수,기술혁신형 중소기업(이노비즈),(주)피플리,정보통신업,출판업,중소기업,43.0,서울 마포구,1,2026-08-01 02:44:01
기술력 우수,기술혁신형 중소기업(이노비즈),한시큐리티(주),정보통신업,출판업,중소기업,29.0,경기 과천시,1,2026-08-01 02:44:01
기술력 우수,기술혁신형 중소기업(이노비즈),(주)아인스에스엔씨,정보통신업,출판업,중소기업,46.0,제주 제주시,1,2026-08-01 02:44:01
기술력 우수,기술혁신형 중소기업(이노비즈),오픈버스주식회사,정보통신업,출판업,중소기업,9.0,서울 노원구,1,2026-08-01 02:44:01
기술력 우수,기술혁신형 중소기업(이노비즈),다인스주식회사,정보통신업,출판업,중소기업,7.0,서울 중랑구,1,2026-08-01 02:44:01
기술력 우수,기술혁신형 중소기업(이노비즈),주식회사 엔키,정보통신업,출판업,중소기업,132.0,경기 성남시 수정구,1,2026-08-01 02:44:01
기술력 우수,기술혁신형 중소기업(이노비즈),주식회사엑스게이트,정보통신업,출판업,중소기업,145.0,서울 강남구,1,2026-08-01 02:44:01
기술력 우수,기술혁신형 중소기업(이노비즈),주식회사알에스팀,정보통신업,출판업,중소기업,7.0,대전 유성구,1,2026-08-01 02:44:01
기술력 우수,기술혁신형 중소기업(이노비즈),주식회사 나라원시스템,정보통신업,출판업,중소기업,209.0,서울 금천구,1,2026-08-01 02:44:01
기술력 우수,기술혁신형 중소기업(이노비즈),주식회사 더블유에이아이,정보통신업,출판업,중소기업,21.0,서울 중구,1,2026-08-01 02:44:01
기술력 우수,기술혁신형 중소기업(이노비즈),주식회사체크멀,정보통신업,출판업,중소기업,14.0,경기 용인시 수지구,1,2026-08-01 02:44:01
기술력 우수,기술혁신형 중소기업(이노비즈),스콥정보통신(주),정보통신업,출판업,중소기업,56.0,서울 서초구,1,2026-08-01 02:44:01
기술력 우수,기술혁신형 중소기업(이노비즈),주식회사아비스,정보통신업,출판업,중소기업,17.0,서울 서초구,1,2026-08-01 02:44:01
기술력 우수,기술혁신형 중소기업(이노비즈),주식회사케이디아이에스,정보통신업,출판업,중소기업,36.0,서울 영등포구,1,2026-08-01 02:44:01
기술력 우수,기술혁신형 중소기업(이노비즈),(주)온라인파워스,정보통신업,출판업,중소기업,20.0,서울 구로구,1,2026-08-01 02:44:01
기술력 우수,기술혁신형 중소기업(이노비즈),(주) 온피아,정보통신업,출판업,중소기업,29.0,서울 구로구,1,2026-08-01 02:44:01
기술력 우수,기술혁신형 중소기업(이노비즈),요다정보기술 주식회사,정보통신업,출판업,중소기업,92.0,서울 구로구,1,2026-08-01 02:44:01
기술력 우수,기술혁신형 중소기업(이노비즈),주식회사브이게이트,정보통신업,출판업,중소기업,42.0,서울 강남구,1,2026-08-01 02:44:01
기술력 우수,기술혁신형 중소기업(이노비즈),주식회사그렉터,정보통신업,출판업,중소기업,35.0,서울 송파구,1,2026-08-01 02:44:01
기술력 우수,기술혁신형 중소기업(이노비즈),(주)에디넷,정보통신업,출판업,중소기업,15.0,부산 동구,1,2026-08-01 02:44:01
기술력 우수,기술혁신형 중소기업(이노비즈),주식회사 에이조스바이오,정보통신업,출판업,중소기업,22.0,경기 하남시,1,2026-08-01 02:44:01
기술력 우수,기술혁신형 중소기업(이노비즈),(주)콜게이트,정보통신업,출판업,중소기업,48.0,서울 서초구,1,2026-08-01 02:44:01
기술력 우수,기술혁신형 중소기업(이노비즈),(주)디에이치로지스틱스,정보통신업,출판업,중소기업,11.0,서울 강서구,1,2026-08-01 02:44:01
기술력 우수,기술혁신형 중소기업(이노비즈),드림에이지이주식회사,정보통신업,출판업,중소기업,21.0,서울 금천구,1,2026-08-01 02:44:01
기술력 우수,기술혁신형 중소기업(이노비즈),(주)디지털다임,정보통신업,출판업,중소기업,103.0,서울 용산구,1,2026-08-01 02:44:01
기술력 우수,기술혁신형 중소기업(이노비즈),(주)에스엠인포메이션,정보통신업,출판업,중소기업,41.0,서울 성동구,1,2026-08-01 02:44:01
기술력 우수,기술혁신형 중소기업(이노비즈),라온프렌즈 주식회사,정보통신업,출판업,중소기업,,,1,2026-08-01 02:44:01
기술력 우수,기술혁신형 중소기업(이노비즈),주식회사 조인잇,정보통신업,출판업,중소기업,19.0,경기 안양시 동안구,1,2026-08-01 02:44:01
기술력 우수,기술혁신형 중소기업(이노비즈),(주)이퓨쳐,정보통신업,출판업,중소기업,46.0,서울 송파구,1,2026-08-01 02:44:01
기술력 우수,기술혁신형 중소기업(이노비즈),주식회사 이우솔루션,정보통신업,출판업,중소기업,23.0,서울 마포구,1,2026-08-01 02:44:01
기술력 우수,기술혁신형 중소기업(이노비즈),주식회사브이런치(Vrunch),정보통신업,출판업,중소기업,7.0,서울 마포구,1,2026-08-01 02:44:01
기술력 우수,기술혁신형 중소기업(이노비즈),(주)비오시스템즈,정보통신업,출판업,중소기업,25.0,서울 금천구,1,2026-08-01 02:44:01
기술력 우수,기술혁신형 중소기업(이노비즈),코나모빌리티(주),정보통신업,출판업,중소기업,39.0,서울 영등포구,1,2026-08-01 02:44:01
기술력 우수,기술혁신형 중소기업(이노비즈),보험계리법인지아컨설팅(주),정보통신업,출판업,중소기업,14.0,서울 구로구,1,2026-08-01 02:44:01
기술력 우수,기술혁신형 중소기업(이노비즈),(주)크레디트라인,정보통신업,출판업,중소기업,3.0,서울 영등포구,1,2026-08-01 02:44:01
기술력 우수,기술혁신형 중소기업(이노비즈),주식회사 티밍위즈,정보통신업,출판업,중소기업,32.0,경기 성남시 수정구,1,2026-08-01 02:44:01
기술력 우수,기술혁신형 중소기업(이노비즈),(주)엔제로,정보통신업,출판업,중소기업,41.0,경기 안양시 동안구,1,2026-08-01 02:44:01
기술력 우수,기술혁신형 중소기업(이노비즈),(주)디에스솔루션즈,정보통신업,출판업,중소기업,23.0,서울 서초구,1,2026-08-01 02:44:01
기술력 우수,기술혁신형 중소기업(이노비즈),(주)윈정보기술,정보통신업,출판업,중소기업,57.0,울산 남구,1,2026-08-01 02:44:01
기술력 우수,기술혁신형 중소기업(이노비즈),(주)엔텔스,정보통신업,출판업,중소기업,242.0,서울 강남구,1,2026-08-01 02:44:01
기술력 우수,기술혁신형 중소기업(이노비즈),주식회사코보시스,정보통신업,출판업,중소기업,25.0,서울 송파구,0,2026-08-01 02:44:01
기술력 우수,기술혁신형 중소기업(이노비즈),주식회사 명지정보기술,정보통신업,출판업,,,전북 전주시 완산구,0,2026-08-01 02:44:01
기술력 우수,기술혁신형 중소기업(이노비즈),주식회사인텔렉투스,정보통신업,출판업,중소기업,,서울 서초구,0,2026-08-01 02:44:01
기술력 우수,기술혁신형 중소기업(이노비즈),주식회사에누마코리아,정보통신업,출판업,,,서울 성동구,0,2026-08-01 02:44:01
기술력 우수,기술혁신형 중소기업(이노비즈),주식회사지농,정보통신업,출판업,중소기업,17.0,경기 군포시,0,2026-08-01 02:44:01
기술력 우수,기술혁신형 중소기업(이노비즈),주식회사포니이엔티,정보통신업,출판업,중소기업,15.0,서울 마포구,0,2026-08-01 02:44:01
기술력 우수,기술혁신형 중소기업(이노비즈),주식회사에스엠티엔티,정보통신업,출판업,,,서울 강동구,0,2026-08-01 02:44:01
기술력 우수,기술혁신형 중소기업(이노비즈),(주)한국이디에스,정보통신업,출판업,중소기업,185.0,서울 서초구,0,2026-08-01 02:44:01
기술력 우수,기술혁신형 중소기업(이노비즈),(주)비에이치소프트,정보통신업,출판업,,,서울 영등포구,0,2026-08-01 02:44:01
기술력 우수,기술혁신형 중소기업(이노비즈),(주)무하유,정보통신업,출판업,,,서울 성동구,0,2026-08-01 02:44:01
기술력 우수,기술혁신형 중소기업(이노비즈),(주)에프지아이,정보통신업,출판업,,,서울 금천구,0,2026-08-01 02:44:01
기술력 우수,기술혁신형 중소기업(이노비즈),주식회사프로와이즈,정보통신업,출판업,중소기업,50.0,서울 금천구,0,2026-08-01 02:44:01
기술력 우수,기술혁신형 중소기업(이노비즈),(주)에이투엠,정보통신업,출판업,,,대전 유성구,0,2026-08-01 02:44:01
기술력 우수,기술혁신형 중소기업(이노비즈),주식회사 나눔솔루션,정보통신업,출판업,중소기업,2.0,서울 강서구,0,2026-08-01 02:44:01
기술력 우수,기술혁신형 중소기업(이노비즈),주식회사 아인톱시스템,정보통신업,출판업,중소기업,41.0,서울 마포구,0,2026-08-01 02:44:01
기술력 우수,기술혁신형 중소기업(이노비즈),(주)두베,정보통신업,출판업,중소기업,77.0,서울 영등포구,0,2026-08-01 02:44:01
기술력 우수,기술혁신형 중소기업(이노비즈),주식회사커브,정보통신업,출판업,중소기업,23.0,서울 강남구,0,2026-08-01 02:44:01
기술력 우수,기술혁신형 중소기업(이노비즈),메드소프트,정보통신업,출판업,,,경기 화성시,0,2026-08-01 02:44:01
기술력 우수,기술혁신형 중소기업(이노비즈),(주)클라모스,정보통신업,출판업,중소기업,40.0,서울 구로구,0,2026-08-01 02:44:01
기술력 우수,기술혁신형 중소기업(이노비즈),(주)유씨에스시스템,정보통신업,출판업,,,서울 영등포구,0,2026-08-01 02:44:01
기술력 우수,기술혁신형 중소기업(이노비즈),(주)엔티비코리아,정보통신업,출판업,중소기업,28.0,서울 금천구,0,2026-08-01 02:44:01
기술력 우수,기술혁신형 중소기업(이노비즈),(주)모아소프트,정보통신업,출판업,,,서울 송파구,0,2026-08-01 02:44:01
기술력 우수,기술혁신형 중소기업(이노비즈),(주)휴먼웨어즈,정보통신업,출판업,중소기업,,서울 금천구,0,2026-08-01 02:44:01
기술력 우수,기술혁신형 중소기업(이노비즈),주식회사한맥정보기술,정보통신업,출판업,중소기업,39.0,서울 송파구,0,2026-08-01 02:44:01
기술력 우수,기술혁신형 중소기업(이노비즈),(주)소프트인,정보통신업,출판업,중소기업,29.0,서울 영등포구,0,2026-08-01 02:44:01
기술력 우수,기술혁신형 중소기업(이노비즈),이쿠얼키주식회사,정보통신업,출판업,중소기업,21.0,서울 강남구,0,2026-08-01 02:44:01
기술력 우수,기술혁신형 중소기업(이노비즈),아이앤티시스템,정보통신업,출판업,중소기업,16.0,서울 금천구,0,2026-08-01 02:44:01
기술력 우수,기술혁신형 중소기업(이노비즈),(주)디알엠인사이드,정보통신업,출판업,중소기업,11.0,서울 송파구,0,2026-08-01 02:44:01
기술력 우수,기술혁신형 중소기업(이노비즈),화이트정보통신(주),정보통신업,출판업,,,서울 강남구,0,2026-08-01 02:44:01
기술력 우수,기술혁신형 중소기업(이노비즈),에스지에이(주),정보통신업,출판업,중소기업,172.0,서울 송파구,0,2026-08-01 02:44:01
기술력 우수,기술혁신형 중소기업(이노비즈),(주)솔인시스템,정보통신업,출판업,중소기업,20.0,서울 구로구,0,2026-08-01 02:44:01
기술력 우수,기술혁신형 중소기업(이노비즈),(주)부린,정보통신업,출판업,중소기업,39.0,서울 동작구,0,2026-08-01 02:44:01
기술력 우수,기술혁신형 중소기업(이노비즈),주식회사 이콜트리,정보통신업,출판업,중소기업,14.0,서울 강남구,0,2026-08-01 02:44:01
기술력 우수,기술혁신형 중소기업(이노비즈),(주)뷰시에스,정보통신업,출판업,중소기업,19.0,서울 금천구,0,2026-08-01 02:44:01
기술력 우수,기술혁신형 중소기업(이노비즈),(주)제노임펙트,정보통신업,출판업,중소기업,35.0,서울 성동구,0,2026-08-01 02:44:01
기술력 우수,기술혁신형 중소기업(이노비즈),주식회사 누리콘,정보통신업,출판업,중소기업,41.0,경기 성남시 분당구,0,2026-08-01 02:44:01
기술력 우수,기술혁신형 중소기업(이노비즈),주식회사이팝,정보통신업,출판업,중소기업,22.0,서울 강남구,0,2026-08-01 02:44:01
기술력 우수,기술혁신형 중소기업(이노비즈),(주)유니웰시스,정보통신업,출판업,중소기업,16.0,서울 강남구,0,2026-08-01 02:44:01
기술력 우수,기술혁신형 중소기업(이노비즈),주식회사 솔리드,정보통신업,출판업,중소기업,4.0,경기 부천시,0,2026-08-01 02:44:01
기술력 우수,기술혁신형 중소기업(이노비즈),주식회사엑센솔루션,정보통신업,출판업,중소기업,45.0,서울 금천구,0,2026-08-01 02:44:01
기술력 우수,기술혁신형 중소기업(이노비즈),포인드(주),정보통신업,출판업,,,경북 구미시,0,2026-08-01 02:44:01
기술력 우수,기술혁신형 중소기업(이노비즈),주식회사 심네트,정보통신업,출판업,중소기업,211.0,대전 유성구,0,2026-08-01 02:44:01
기술력 우수,기술혁신형 중소기업(이노비즈),(주)지엠티,정보통신업,출판업,중소기업,161.0,경기 성남시 분당구,0,2026-08-01 02:44:01
기술력 우수,기술혁신형 중소기업(이노비즈),(주)제트컨버터클라우드,정보통신업,출판업,,,서울 강남구,0,2026-08-01 02:44:01
기술력 우수,기술혁신형 중소기업(이노비즈),캐드윈시스템(주),정보통신업,출판업,중소기업,38.0,부산 해운대구,0,2026-08-01 02:44:01
기술력 우수,기술혁신형 중소기업(이노비즈),주식회사피플데이타,정보통신업,출판업,중소기업,11.0,경북 영천시,0,2026-08-01 02:44:01
기술력 우수,기술혁신형 중소기업(이노비즈),주식회사애피,정보통신업,출판업,중소기업,29.0,서울 금천구,0,2026-08-01 02:44:01
기술력 우수,기술혁신형 중소기업(이노비즈),(주)빌리언이십일,정보통신업,출판업,,,경기 군포시,0,2026-08-01 02:44:01
기술력 우수,기술혁신형 중소기업(이노비즈),(주)더조인,정보통신업,출판업,중소기업,16.0,서울 강남구,0,2026-08-01 02:44:01
기술력 우수,기술혁신형 중소기업(이노비즈),주식회사플렉스윌,정보통신업,출판업,중소기업,18.0,서울 성동구,0,2026-08-01 02:44:01
기술력 우수,기술혁신형 중소기업(이노비즈),주식회사유니트론아이에스,정보통신업,출판업,중소기업,35.0,서울 성동구,0,2026-08-01 02:44:01
기술력 우수,기술혁신형 중소기업(이노비즈),주식회사 서울소프트,정보통신업,출판업,,,충북 충주시,0,2026-08-01 02:44:01
기술력 우수,기술혁신형 중소기업(이노비즈),(주)아임유,정보통신업,출판업,중소기업,87.0,서울 금천구,0,2026-08-01 02:44:01
기술력 우수,기술혁신형 중소기업(이노비즈),엔지엘주식회사,정보통신업,출판업,중소기업,17.0,부산 동구,0,2026-08-01 02:44:01
기술력 우수,기술혁신형 중소기업(이노비즈),(주)와이디엔에스,정보통신업,출판업,중소기업,33.0,경기 성남시 수정구,0,2026-08-01 02:44:01
기술력 우수,기술혁신형 중소기업(이노비즈),주식회사피에스디이엔지,정보통신업,출판업,중소기업,37.0,경기 부천시,0,2026-08-01 02:44:01
기술력 우수,기술혁신형 중소기업(이노비즈),에이플랫폼(주),정보통신업,출판업,중소기업,16.0,서울 마포구,0,2026-08-01 02:44:01
기술력 우수,기술혁신형 중소기업(이노비즈),(주)데이타이음,정보통신업,출판업,중소기업,35.0,세종,0,2026-08-01 02:44:01
기술력 우수,기술혁신형 중소기업(이노비즈),주식회사아리아텍(Ariatech Inc),정보통신업,출판업,,,경기 안양시 동안구,0,2026-08-01 02:44:01
기술력 우수,기술혁신형 중소기업(이노비즈),주식회사구비트,정보통신업,출판업,중소기업,18.0,서울 송파구,0,2026-08-01 02:44:01
기술력 우수,기술혁신형 중소기업(이노비즈),주식회사엑스티,정보통신업,출판업,중소기업,37.0,서울 마포구,0,2026-08-01 02:44:01
기술력 우수,기술혁신형 중소기업(이노비즈),(주)맑은기술,정보통신업,출판업,중소기업,19.0,서울 구로구,0,2026-08-01 02:44:01
기술력 우수,기술혁신형 중소기업(이노비즈),양재미디어 주식회사,정보통신업,출판업,중소기업,22.0,서울 영등포구,0,2026-08-01 02:44:01
기술력 우수,기술혁신형 중소기업(이노비즈),(주)이씨엔교육,정보통신업,출판업,,,서울 강북구,0,2026-08-01 02:44:01
기술력 우수,기술혁신형 중소기업(이노비즈),주식회사 씽크트리,정보통신업,출판업,중소기업,20.0,서울 마포구,0,2026-08-01 02:44:01
기술력 우수,기술혁신형 중소기업(이노비즈),(주)하몬소프트,정보통신업,출판업,,,서울 금천구,0,2026-08-01 02:44:01
기술력 우수,기술혁신형 중소기업(이노비즈),(주)엑스소프트,정보통신업,출판업,중소기업,51.0,서울 금천구,0,2026-08-01 02:44:01
기술력 우수,기술혁신형 중소기업(이노비즈),(주)네오그라프,정보통신업,출판업,중소기업,24.0,서울 금천구,0,2026-08-01 02:44:01
기술력 우수,기술혁신형 중소기업(이노비즈),(주)한국공교육원,정보통신업,출판업,,,서울 송파구,0,2026-08-01 02:44:01
기술력 우수,기술혁신형 중소기업(이노비즈),(주)자이오넥스,정보통신업,출판업,,,서울 마포구,0,2026-08-01 02:44:01
기술력 우수,기술혁신형 중소기업(이노비즈),서일이앤씨(주),정보통신업,출판업,중소기업,10.0,경기 남양주시,0,2026-08-01 02:44:01
기술력 우수,기술혁신형 중소기업(이노비즈),주식회사아임솔텍,정보통신업,출판업,중소기업,27.0,서울 영등포구,0,2026-08-01 02:44:01
기술력 우수,기술혁신형 중소기업(이노비즈),주식회사보난자팩토리,정보통신업,출판업,중소기업,35.0,서울 영등포구,0,2026-08-01 02:44:01
기술력 우수,기술혁신형 중소기업(이노비즈),(주)엑스퍼넷,정보통신업,출판업,중소기업,91.0,서울 구로구,0,2026-08-01 02:44:01
기술력 우수,기술혁신형 중소기업(이노비즈),(주)이랜서,정보통신업,출판업,,,서울 강남구,0,2026-08-01 02:44:01
기술력 우수,기술혁신형 중소기업(이노비즈),(주)한국오픈솔루션,정보통신업,출판업,,,경남 창원시 마산회원구,0,2026-08-01 02:44:01
기술력 우수,기술혁신형 중소기업(이노비즈),(주)엠코코아,정보통신업,출판업,중소기업,35.0,서울 마포구,0,2026-08-01 02:44:01
기술력 우수,기술혁신형 중소기업(이노비즈),(주)새하컴즈,정보통신업,출판업,중소기업,24.0,서울 구로구,0,2026-08-01 02:44:01
기술력 우수,기술혁신형 중소기업(이노비즈),주식회사로이드케이,정보통신업,출판업,중소기업,28.0,경기 성남시 수정구,0,2026-08-01 02:44:01
기술력 우수,기술혁신형 중소기업(이노비즈),주식회사엠디퍼트,정보통신업,출판업,중소기업,14.0,서울 강서구,0,2026-08-01 02:44:01
기술력 우수,기술혁신형 중소기업(이노비즈),(주)우리정보기술,정보통신업,출판업,중소기업,1.0,,0,2026-08-01 02:44:01
기술력 우수,기술혁신형 중소기업(이노비즈),(주)엘리스그룹,정보통신업,출판업,,,서울 강남구,0,2026-08-01 02:44:01
기술력 우수,기술혁신형 중소기업(이노비즈),주식회사 시스노바,정보통신업,출판업,중소기업,46.0,경남 사천시,0,2026-08-01 02:44:01
기술력 우수,기술혁신형 중소기업(이노비즈),(주)엔파인,정보통신업,출판업,중소기업,40.0,경기 성남시 분당구,0,2026-08-01 02:44:01
기술력 우수,기술혁신형 중소기업(이노비즈),주식회사에이비스,정보통신업,출판업,중소기업,,서울 강남구,0,2026-08-01 02:44:01
기술력 우수,기술혁신형 중소기업(이노비즈),"주식회사 썬컴 (SUNCOM CO.,LTD)",정보통신업,출판업,중소기업,12.0,부산 북구,0,2026-08-01 02:44:01
기술력 우수,기술혁신형 중소기업(이노비즈),(주)소프트체인,정보통신업,출판업,,,서울 구로구,0,2026-08-01 02:44:01
기술력 우수,기술혁신형 중소기업(이노비즈),(주)이노트리,정보통신업,출판업,중소기업,14.0,서울 강남구,0,2026-08-01 02:44:01
기술력 우수,기술혁신형 중소기업(이노비즈),(주) 엠에이치소프트,정보통신업,출판업,중소기업,,전북 전주시 덕진구,0,2026-08-01 02:44:01
기술력 우수,기술혁신형 중소기업(이노비즈),(주)케이씨넷,정보통신업,출판업,중소기업,173.0,서울 금천구,0,2026-08-01 02:44:01
기술력 우수,기술혁신형 중소기업(이노비즈),주식회사이노그루,정보통신업,출판업,,,서울 강남구,0,2026-08-01 02:44:01
기술력 우수,기술혁신형 중소기업(이노비즈),(주)엘앤제이테크,정보통신업,출판업,중소기업,43.0,서울 구로구,0,2026-08-01 02:44:01
기술력 우수,기술혁신형 중소기업(이노비즈),주식회사티소프트,정보통신업,출판업,,,서울 영등포구,0,2026-08-01 02:44:01
기술력 우수,기술혁신형 중소기업(이노비즈),망고클라우드주식회사,정보통신업,출판업,,,부산 북구,0,2026-08-01 02:44:01
기술력 우수,기술혁신형 중소기업(이노비즈),주식회사이제이엔,정보통신업,출판업,중소기업,30.0,서울 강남구,0,2026-08-01 02:44:01
기술력 우수,기술혁신형 중소기업(이노비즈),주식회사구루미,정보통신업,출판업,중소기업,18.0,서울 강남구,0,2026-08-01 02:44:01
기술력 우수,기술혁신형 중소기업(이노비즈),(주)넷사랑컴퓨터,정보통신업,출판업,중소기업,12.0,서울 광진구,0,2026-08-01 02:44:01
기술력 우수,기술혁신형 중소기업(이노비즈),(주)나무플래닛,정보통신업,출판업,,,서울 송파구,0,2026-08-01 02:44:01
기술력 우수,기술혁신형 중소기업(이노비즈),(주)아침소프트,정보통신업,출판업,,,경기 성남시 수정구,0,2026-08-01 02:44:01
기술력 우수,기술혁신형 중소기업(이노비즈),(주)더엠컴퍼니,정보통신업,출판업,중소기업,15.0,경기 하남시,0,2026-08-01 02:44:01
기술력 우수,기술혁신형 중소기업(이노비즈),스퀘어네트(주),정보통신업,출판업,중소기업,43.0,서울 강남구,0,2026-08-01 02:44:01
기술력 우수,기술혁신형 중소기업(이노비즈),(주)씨퓨처,정보통신업,출판업,중소기업,14.0,서울 강동구,0,2026-08-01 02:44:01
기술력 우수,기술혁신형 중소기업(이노비즈),(주)한국비씨피솔루션즈,정보통신업,출판업,중소기업,18.0,서울 성동구,0,2026-08-01 02:44:01
기술력 우수,기술혁신형 중소기업(이노비즈),주식회사 인컴솔루션,정보통신업,출판업,중소기업,6.0,서울 금천구,0,2026-08-01 02:44:01
기술력 우수,기술혁신형 중소기업(이노비즈),카테노이드 주식회사,정보통신업,출판업,중소기업,96.0,서울 강남구,0,2026-08-01 02:44:01
기술력 우수,기술혁신형 중소기업(이노비즈),주식회사스쿨버스,정보통신업,출판업,,,서울 강서구,0,2026-08-01 02:44:01
기술력 우수,기술혁신형 중소기업(이노비즈),주식회사 윤커뮤니케이션즈,정보통신업,출판업,,,경기 안양시 동안구,0,2026-08-01 02:44:01
기술력 우수,기술혁신형 중소기업(이노비즈),빅스데이터 주식회사,정보통신업,출판업,중소기업,71.0,서울 강남구,0,2026-08-01 02:44:01
기술력 우수,기술혁신형 중소기업(이노비즈),(주)홍커뮤니케이션즈,정보통신업,출판업,,,대전 유성구,0,2026-08-01 02:44:01
기술력 우수,기술혁신형 중소기업(이노비즈),주식회사브리즈,정보통신업,출판업,중소기업,20.0,서울 송파구,0,2026-08-01 02:44:01
기술력 우수,기술혁신형 중소기업(이노비즈),(주)캐디언스시스템,정보통신업,출판업,중소기업,65.0,서울 금천구,0,2026-08-01 02:44:01
기술력 우수,기술혁신형 중소기업(이노비즈),(주)폭스소프트,정보통신업,출판업,중소기업,75.0,경기 성남시 분당구,0,2026-08-01 02:44:01
기술력 우수,기술혁신형 중소기업(이노비즈),(주)비알프레임,정보통신업,출판업,중소기업,12.0,서울 송파구,0,2026-08-01 02:44:01
기술력 우수,기술혁신형 중소기업(이노비즈),(주) 디지엔터테인먼트,정보통신업,출판업,,,대구 수성구,0,2026-08-01 02:44:01
기술력 우수,기술혁신형 중소기업(이노비즈),(주)씽크소프트,정보통신업,출판업,,,충남 아산시,0,2026-08-01 02:44:01
기술력 우수,기술혁신형 중소기업(이노비즈),주식회사 시프티,정보통신업,출판업,중소기업,16.0,서울 강남구,0,2026-08-01 02:44:01
기술력 우수,기술혁신형 중소기업(이노비즈),주식회사 아름누리메디컴,정보통신업,출판업,중소기업,29.0,경기 용인시 수지구,0,2026-08-01 02:44:01
기술력 우수,기술혁신형 중소기업(이노비즈),(주)천명소프트,정보통신업,출판업,,,서울 서초구,0,2026-08-01 02:44:01
기술력 우수,기술혁신형 중소기업(이노비즈),(주)이너인포,정보통신업,출판업,,,서울 구로구,0,2026-08-01 02:44:01
기술력 우수,기술혁신형 중소기업(이노비즈),주식회사 셀파소프트,정보통신업,출판업,중소기업,55.0,서울 금천구,0,2026-08-01 02:44:01
기술력 우수,기술혁신형 중소기업(이노비즈),키네마스터(주),정보통신업,출판업,중소기업,41.0,서울 서초구,0,2026-08-01 02:44:01
기술력 우수,기술혁신형 중소기업(이노비즈),주식회사 스튜디오엔엑스,정보통신업,출판업,,,서울 송파구,0,2026-08-01 02:44:01
기술력 우수,기술혁신형 중소기업(이노비즈),주식회사자이트솔루션,정보통신업,출판업,,,서울 금천구,0,2026-08-01 02:44:01
기술력 우수,기술혁신형 중소기업(이노비즈),(주)넥스프론,정보통신업,출판업,중소기업,35.0,서울 영등포구,0,2026-08-01 02:44:01
기술력 우수,기술혁신형 중소기업(이노비즈),(주)와이즈인포텍,정보통신업,출판업,중소기업,54.0,서울 금천구,0,2026-08-01 02:44:01
기술력 우수,기술혁신형 중소기업(이노비즈),(주)에프에이솔루션,정보통신업,출판업,중소기업,35.0,서울 영등포구,0,2026-08-01 02:44:01
기술력 우수,기술혁신형 중소기업(이노비즈),(주)비즈스프링,정보통신업,출판업,중소기업,19.0,서울 성동구,0,2026-08-01 02:44:01
기술력 우수,기술혁신형 중소기업(이노비즈),(주)제니스코리아,정보통신업,출판업,중소기업,25.0,경기 성남시 수정구,0,2026-08-01 02:44:01
기술력 우수,기술혁신형 중소기업(이노비즈),주식회사이네이블,정보통신업,출판업,중소기업,8.0,서울 구로구,0,2026-08-01 02:44:01
기술력 우수,기술혁신형 중소기업(이노비즈),(주)인터페이스정보기술,정보통신업,출판업,중소기업,53.0,서울 금천구,0,2026-08-01 02:44:01
기술력 우수,기술혁신형 중소기업(이노비즈),주식회사 이벌브소프트,정보통신업,출판업,,,서울 강서구,0,2026-08-01 02:44:01
기술력 우수,기술혁신형 중소기업(이노비즈),(주)온더시스,정보통신업,출판업,중소기업,16.0,대전 유성구,0,2026-08-01 02:44:01
기술력 우수,기술혁신형 중소기업(이노비즈),주식회사케이스마텍,정보통신업,출판업,중소기업,80.0,서울 금천구,0,2026-08-01 02:44:01
기술력 우수,기술혁신형 중소기업(이노비즈),주식회사 케이알메딕스,정보통신업,출판업,중소기업,,서울 강남구,0,2026-08-01 02:44:01
기술력 우수,기술혁신형 중소기업(이노비즈),(주)위드아이에스,정보통신업,출판업,중소기업,82.0,경기 용인시 기흥구,0,2026-08-01 02:44:01
기술력 우수,기술혁신형 중소기업(이노비즈),(주)아프로시스,정보통신업,출판업,중소기업,21.0,경기 안양시 동안구,0,2026-08-01 02:44:01
기술력 우수,기술혁신형 중소기업(이노비즈),(주)디플럭스씨앤씨,정보통신업,출판업,중소기업,41.0,서울 금천구,0,2026-08-01 02:44:01
기술력 우수,기술혁신형 중소기업(이노비즈),(주)스카이컴,정보통신업,출판업,,,서울 구로구,0,2026-08-01 02:44:01
기술력 우수,기술혁신형 중소기업(이노비즈),주식회사브릭,정보통신업,출판업,중소기업,,서울 영등포구,0,2026-08-01 02:44:01
기술력 우수,기술혁신형 중소기업(이노비즈),(주)액티브디앤씨,정보통신업,출판업,중소기업,14.0,서울 금천구,0,2026-08-01 02:44:01
기술력 우수,기술혁신형 중소기업(이노비즈),(주)아이컴시스,정보통신업,출판업,중소기업,14.0,서울 금천구,0,2026-08-01 02:44:01
기술력 우수,기술혁신형 중소기업(이노비즈),주식회사 다온시스,정보통신업,출판업,,,경기 수원시 영통구,0,2026-08-01 02:44:01
기술력 우수,기술혁신형 중소기업(이노비즈),(주)씨엠월드,정보통신업,출판업,중소기업,45.0,서울 금천구,0,2026-08-01 02:44:01
기술력 우수,기술혁신형 중소기업(이노비즈),주식회사웨어비즈,정보통신업,출판업,,,서울 강서구,0,2026-08-01 02:44:01
기술력 우수,기술혁신형 중소기업(이노비즈),(주)제스아이앤씨,정보통신업,출판업,중소기업,36.0,서울 구로구,0,2026-08-01 02:44:01
기술력 우수,기술혁신형 중소기업(이노비즈),(주)한국소프트랩,정보통신업,출판업,중소기업,21.0,서울 강남구,0,2026-08-01 02:44:01
기술력 우수,기술혁신형 중소기업(이노비즈),(주)에이앤티솔루션,정보통신업,출판업,중소기업,92.0,서울 강남구,0,2026-08-01 02:44:01
기술력 우수,기술혁신형 중소기업(이노비즈),주식회사도연시스템즈,정보통신업,출판업,중소기업,24.0,경기 성남시 분당구,0,2026-08-01 02:44:01
기술력 우수,기술혁신형 중소기업(이노비즈),주식회사유니온플레이스,정보통신업,출판업,중소기업,42.0,서울 구로구,0,2026-08-01 02:44:01
기술력 우수,기술혁신형 중소기업(이노비즈),(주)이글로벌시스템,정보통신업,출판업,중소기업,17.0,서울 강남구,0,2026-08-01 02:44:01
기술력 우수,기술혁신형 중소기업(이노비즈),펌킨네트웍스(주),정보통신업,출판업,중소기업,14.0,서울 구로구,0,2026-08-01 02:44:01
기술력 우수,기술혁신형 중소기업(이노비즈),(주)사이버테크프랜드,정보통신업,출판업,중소기업,29.0,경기 하남시,0,2026-08-01 02:44:01
기술력 우수,기술혁신형 중소기업(이노비즈),(주)위트콤,정보통신업,출판업,중소기업,42.0,서울 서초구,0,2026-08-01 02:44:01
기술력 우수,기술혁신형 중소기업(이노비즈),엘비(LBCONTENTS),정보통신업,출판업,중소기업,,부산 해운대구,0,2026-08-01 02:44:01
기술력 우수,기술혁신형 중소기업(이노비즈),바자울정보기술 주식회사,정보통신업,출판업,,,,0,2026-08-01 02:44:01
기술력 우수,기술혁신형 중소기업(이노비즈),(주)누리인포스,정보통신업,출판업,중소기업,70.0,경기 성남시 분당구,0,2026-08-01 02:44:01
기술력 우수,기술혁신형 중소기업(이노비즈),(주)무브인터렉티브,정보통신업,출판업,중소기업,177.0,서울 마포구,0,2026-08-01 02:44:01
기술력 우수,기술혁신형 중소기업(이노비즈),(주)에이스뷰,정보통신업,출판업,,,서울 강남구,0,2026-08-01 02:44:01
기술력 우수,기술혁신형 중소기업(이노비즈),(주)텔레웍스,정보통신업,출판업,중소기업,78.0,서울 금천구,0,2026-08-01 02:44:01
기술력 우수,기술혁신형 중소기업(이노비즈),(주)위즈도메인,정보통신업,출판업,중소기업,27.0,경기 성남시 분당구,0,2026-08-01 02:44:01
기술력 우수,기술혁신형 중소기업(이노비즈),(주)애버커스,정보통신업,출판업,중소기업,84.0,서울 구로구,0,2026-08-01 02:44:01
기술력 우수,기술혁신형 중소기업(이노비즈),(주)씨앤텍시스템즈,정보통신업,출판업,중소기업,20.0,서울 성동구,0,2026-08-01 02:44:01
기술력 우수,기술혁신형 중소기업(이노비즈),이든비즈텍(주),정보통신업,출판업,중소기업,26.0,서울 영등포구,0,2026-08-01 02:44:01
기술력 우수,기술혁신형 중소기업(이노비즈),(주)소프트베이스,정보통신업,출판업,중소기업,51.0,서울 구로구,0,2026-08-01 02:44:01
기술력 우수,기술혁신형 중소기업(이노비즈),(주)옥타솔루션,정보통신업,출판업,,,서울 영등포구,0,2026-08-01 02:44:01
기술력 우수,기술혁신형 중소기업(이노비즈),(주)마이크로모스,정보통신업,출판업,중소기업,16.0,서울 송파구,0,2026-08-01 02:44:01
기술력 우수,기술혁신형 중소기업(이노비즈),(주)이루온,정보통신업,출판업,중소기업,85.0,경기 성남시 분당구,0,2026-08-01 02:44:01
기술력 우수,기술혁신형 중소기업(이노비즈),(주)삼아인터내셔날,정보통신업,출판업,,,서울 영등포구,0,2026-08-01 02:44:01
기술력 우수,기술혁신형 중소기업(이노비즈),(주)제온스,정보통신업,출판업,중소기업,32.0,서울 강남구,0,2026-08-01 02:44:01
기술력 우수,기술혁신형 중소기업(이노비즈),(주)네오위드넷,정보통신업,출판업,중소기업,106.0,경기 성남시 수정구,0,2026-08-01 02:44:01
기술력 우수,기술혁신형 중소기업(이노비즈),(주)혁산정보시스템,정보통신업,출판업,,,서울 영등포구,0,2026-08-01 02:44:01
기술력 우수,기술혁신형 중소기업(이노비즈),(주)이지트래픽,정보통신업,출판업,중소기업,21.0,경기 안양시 동안구,0,2026-08-01 02:44:01
기술력 우수,기술혁신형 중소기업(이노비즈),메티스정보 주식회사,정보통신업,출판업,중소기업,8.0,제주 제주시,0,2026-08-01 02:44:01
기술력 우수,,㈜시에라베이스,정보통신업,출판업,중소기업,8.0,울산 남구,0,2026-08-01 02:44:01
기술력 우수,기술혁신형 중소기업(이노비즈),"주식회사 미래기후(MIRAE KIHOO Co.,Ltd)",정보통신업,출판업,,,서울 금천구,0,2026-08-01 02:44:01
기술력 우수,기술혁신형 중소기업(이노비즈),한국토코넷(주),정보통신업,출판업,중소기업,30.0,서울 중구,0,2026-08-01 02:44:01
기술력 우수,기술혁신형 중소기업(이노비즈),주식회사 샌즈랩,정보통신업,출판업,중소기업,42.0,경기 과천시,0,2026-08-01 02:44:01
기술력 우수,기술혁신형 중소기업(이노비즈),주식회사엔피테크,정보통신업,출판업,중소기업,6.0,서울 구로구,0,2026-08-01 02:44:01
기술력 우수,기술혁신형 중소기업(이노비즈),(주)아비즈,정보통신업,출판업,,,경기 하남시,0,2026-08-01 02:44:01
기술력 우수,기술혁신형 중소기업(이노비즈),주식회사 루노소프트,정보통신업,출판업,중소기업,13.0,경기 부천시,0,2026-08-01 02:44:01
기술력 우수,기술혁신형 중소기업(이노비즈),(주)해든브릿지,정보통신업,출판업,중소기업,18.0,서울 강남구,0,2026-08-01 02:44:01
기술력 우수,기술혁신형 중소기업(이노비즈),(주)글로텍,정보통신업,출판업,,,서울 구로구,0,2026-08-01 02:44:01
기술력 우수,기술혁신형 중소기업(이노비즈),(주)에이치앤엘시스템,정보통신업,출판업,중소기업,12.0,서울 중구,0,2026-08-01 02:44:01
기술력 우수,기술혁신형 중소기업(이노비즈),씨앤에프시스템(주),정보통신업,출판업,,,서울 송파구,0,2026-08-01 02:44:01
기술력 우수,기술혁신형 중소기업(이노비즈),제스프로(주),정보통신업,출판업,중소기업,40.0,서울 구로구,0,2026-08-01 02:44:01
기술력 우수,기술혁신형 중소기업(이노비즈),동양정보서비스(주),정보통신업,출판업,중소기업,69.0,서울 강서구,0,2026-08-01 02:44:01
기술력 우수,기술혁신형 중소기업(이노비즈),(주)더존테크윌,정보통신업,영상ㆍ오디오 기록물 제작 및 배급업,중소기업,44.0,경기 하남시,7,2026-08-01 02:44:01
기술력 우수,기술혁신형 중소기업(이노비즈),나누미문화예술주식회사,정보통신업,영상ㆍ오디오 기록물 제작 및 배급업,중소기업,19.0,서울 강동구,4,2026-08-01 02:44:01
기술력 우수,기술혁신형 중소기업(이노비즈),주식회사 거스트앤게일,정보통신업,영상ㆍ오디오 기록물 제작 및 배급업,중소기업,58.0,서울 강남구,3,2026-08-01 02:44:01
기술력 우수,기술혁신형 중소기업(이노비즈),(주)넥스텝스튜디오,정보통신업,영상ㆍ오디오 기록물 제작 및 배급업,중소기업,14.0,서울 서초구,2,2026-08-01 02:44:01
기술력 우수,기술혁신형 중소기업(이노비즈),(주)오콘,정보통신업,영상ㆍ오디오 기록물 제작 및 배급업,중소기업,76.0,경기 성남시 분당구,2,2026-08-01 02:44:01
기술력 우수,기술혁신형 중소기업(이노비즈),주식회사몽규,정보통신업,영상ㆍ오디오 기록물 제작 및 배급업,중소기업,48.0,서울 마포구,1,2026-08-01 02:44:01
기술력 우수,기술혁신형 중소기업(이노비즈),(주)엘리엇,정보통신업,영상ㆍ오디오 기록물 제작 및 배급업,중소기업,56.0,서울 강남구,1,2026-08-01 02:44:01
기술력 우수,기술혁신형 중소기업(이노비즈),주식회사뷰티크,정보통신업,영상ㆍ오디오 기록물 제작 및 배급업,중소기업,17.0,서울 강남구,0,2026-08-01 02:44:01
기술력 우수,기술혁신형 중소기업(이노비즈),(주)릭스스튜디오,정보통신업,영상ㆍ오디오 기록물 제작 및 배급업,중소기업,4.0,서울 서초구,0,2026-08-01 02:44:01
기술력 우수,기술혁신형 중소기업(이노비즈),(주)다빈치커뮤니케이션,정보통신업,영상ㆍ오디오 기록물 제작 및 배급업,,,서울 금천구,0,2026-08-01 02:44:01
기술력 우수,기술혁신형 중소기업(이노비즈),(주)마이다스커뮤니케이션,정보통신업,영상ㆍ오디오 기록물 제작 및 배급업,중소기업,22.0,서울 영등포구,0,2026-08-01 02:44:01
기술력 우수,기술혁신형 중소기업(이노비즈),(주)스튜디오재미,정보통신업,영상ㆍ오디오 기록물 제작 및 배급업,중소기업,,,0,2026-08-01 02:44:01
기술력 우수,기술혁신형 중소기업(이노비즈),콘텐츠스퀘어(주),정보통신업,영상ㆍ오디오 기록물 제작 및 배급업,,,서울 영등포구,0,2026-08-01 02:44:01
기술력 우수,기술혁신형 중소기업(이노비즈),주식회사파모즈,정보통신업,영상ㆍ오디오 기록물 제작 및 배급업,중소기업,25.0,서울 마포구,0,2026-08-01 02:44:01
기술력 우수,기술혁신형 중소기업(이노비즈),주식회사이음컨텐츠,정보통신업,영상ㆍ오디오 기록물 제작 및 배급업,중소기업,,경기 안양시 동안구,0,2026-08-01 02:44:01
기술력 우수,기술혁신형 중소기업(이노비즈),(주)콘텐츠펙토리상상역,정보통신업,영상ㆍ오디오 기록물 제작 및 배급업,,,서울 강서구,0,2026-08-01 02:44:01
기술력 우수,기술혁신형 중소기업(이노비즈),주식회사 케이엘넷,정보통신업,우편 및 통신업,,,서울 강남구,0,2026-08-01 02:44:01
기술력 우수,기술혁신형 중소기업(이노비즈),(주)인포바인,정보통신업,우편 및 통신업,중소기업,88.0,서울 영등포구,0,2026-08-01 02:44:01
기술력 우수,기술혁신형 중소기업(이노비즈),한국피엠오 주식회사,정보통신업,우편 및 통신업,중소기업,7.0,서울 송파구,0,2026-08-01 02:44:01
기술력 우수,기술혁신형 중소기업(이노비즈),(주)소프트넷,정보통신업,"컴퓨터 프로그래밍, 시스템 통합 및 관리업",중소기업,69.0,서울 강남구,39,2026-08-01 02:44:01
기술력 우수,기술혁신형 중소기업(이노비즈),진우에이티에스(주),정보통신업,"컴퓨터 프로그래밍, 시스템 통합 및 관리업",중소기업,377.0,서울 금천구,37,2026-08-01 02:44:01
기술력 우수,기술혁신형 중소기업(이노비즈),(주)윈스,정보통신업,"컴퓨터 프로그래밍, 시스템 통합 및 관리업",중견기업,519.0,경기 성남시 분당구,33,2026-08-01 02:44:01
기술력 우수,기술혁신형 중소기업(이노비즈),(주)케이씨에이,정보통신업,"컴퓨터 프로그래밍, 시스템 통합 및 관리업",중소기업,342.0,서울 서초구,32,2026-08-01 02:44:01
기술력 우수,기술혁신형 중소기업(이노비즈),(주)데이터클립,정보통신업,"컴퓨터 프로그래밍, 시스템 통합 및 관리업",중소기업,64.0,서울 금천구,31,2026-08-01 02:44:01
기술력 우수,기술혁신형 중소기업(이노비즈),(주)에스유지,정보통신업,"컴퓨터 프로그래밍, 시스템 통합 및 관리업",중소기업,42.0,부산 해운대구,31,2026-08-01 02:44:01
기술력 우수,기술혁신형 중소기업(이노비즈),(주)씨에이에스,정보통신업,"컴퓨터 프로그래밍, 시스템 통합 및 관리업",중소기업,457.0,서울 금천구,27,2026-08-01 02:44:01
기술력 우수,기술혁신형 중소기업(이노비즈),주식회사 케이원,정보통신업,"컴퓨터 프로그래밍, 시스템 통합 및 관리업",중소기업,918.0,서울 금천구,21,2026-08-01 02:44:01
기술력 우수,기술혁신형 중소기업(이노비즈),현대디지텍코어(주),정보통신업,"컴퓨터 프로그래밍, 시스템 통합 및 관리업",중소기업,171.0,경기 하남시,17,2026-08-01 02:44:01
기술력 우수,기술혁신형 중소기업(이노비즈),(주)두비스,정보통신업,"컴퓨터 프로그래밍, 시스템 통합 및 관리업",중소기업,31.0,서울 마포구,15,2026-08-01 02:44:01
기술력 우수,기술혁신형 중소기업(이노비즈),(주)한아IT,정보통신업,"컴퓨터 프로그래밍, 시스템 통합 및 관리업",중소기업,50.0,대구 동구,14,2026-08-01 02:44:01
기술력 우수,기술혁신형 중소기업(이노비즈),주식회사 케이엠넷,정보통신업,"컴퓨터 프로그래밍, 시스템 통합 및 관리업",중소기업,93.0,대전 유성구,14,2026-08-01 02:44:01
기술력 우수,기술혁신형 중소기업(이노비즈),주식회사 에스비정보기술,정보통신업,"컴퓨터 프로그래밍, 시스템 통합 및 관리업",중소기업,68.0,경기 의왕시,13,2026-08-01 02:44:01
기술력 우수,기술혁신형 중소기업(이노비즈),주식회사 트루본,정보통신업,"컴퓨터 프로그래밍, 시스템 통합 및 관리업",중소기업,359.0,경기 성남시 분당구,13,2026-08-01 02:44:01
기술력 우수,기술혁신형 중소기업(이노비즈),(주)아이티트레인,정보통신업,"컴퓨터 프로그래밍, 시스템 통합 및 관리업",중소기업,40.0,서울 금천구,13,2026-08-01 02:44:01
기술력 우수,기술혁신형 중소기업(이노비즈),앤시정보기술(주),정보통신업,"컴퓨터 프로그래밍, 시스템 통합 및 관리업",중소기업,86.0,부산 해운대구,12,2026-08-01 02:44:01
기술력 우수,기술혁신형 중소기업(이노비즈),(주)사랑넷,정보통신업,"컴퓨터 프로그래밍, 시스템 통합 및 관리업",중소기업,7.0,대구 동구,11,2026-08-01 02:44:01
기술력 우수,기술혁신형 중소기업(이노비즈),(주)비온시이노베이터,정보통신업,"컴퓨터 프로그래밍, 시스템 통합 및 관리업",중소기업,122.0,,11,2026-08-01 02:44:01
기술력 우수,기술혁신형 중소기업(이노비즈),(주)웨보노믹스,정보통신업,"컴퓨터 프로그래밍, 시스템 통합 및 관리업",중소기업,17.0,경북 안동시,11,2026-08-01 02:44:01
기술력 우수,기술혁신형 중소기업(이노비즈),(주)위니텍,정보통신업,"컴퓨터 프로그래밍, 시스템 통합 및 관리업",중소기업,291.0,대구 달서구,11,2026-08-01 02:44:01
기술력 우수,기술혁신형 중소기업(이노비즈),(주)디엔디이,정보통신업,"컴퓨터 프로그래밍, 시스템 통합 및 관리업",중소기업,20.0,부산 해운대구,11,2026-08-01 02:44:01
기술력 우수,기술혁신형 중소기업(이노비즈),세림티에스지(주),정보통신업,"컴퓨터 프로그래밍, 시스템 통합 및 관리업",중소기업,354.0,대전 유성구,10,2026-08-01 02:44:01
기술력 우수,기술혁신형 중소기업(이노비즈),(주)유비,정보통신업,"컴퓨터 프로그래밍, 시스템 통합 및 관리업",중소기업,11.0,경북 포항시 남구,9,2026-08-01 02:44:01
기술력 우수,기술혁신형 중소기업(이노비즈),(주)아울시스템즈,정보통신업,"컴퓨터 프로그래밍, 시스템 통합 및 관리업",중소기업,38.0,서울 영등포구,9,2026-08-01 02:44:01
기술력 우수,기술혁신형 중소기업(이노비즈),(주)에어키,정보통신업,"컴퓨터 프로그래밍, 시스템 통합 및 관리업",중소기업,82.0,서울 서초구,9,2026-08-01 02:44:01
기술력 우수,기술혁신형 중소기업(이노비즈),(주)윌네트,정보통신업,"컴퓨터 프로그래밍, 시스템 통합 및 관리업",중소기업,48.0,경남 진주시,7,2026-08-01 02:44:01
기술력 우수,기술혁신형 중소기업(이노비즈),(주)제이씨원,정보통신업,"컴퓨터 프로그래밍, 시스템 통합 및 관리업",중소기업,27.0,서울 금천구,7,2026-08-01 02:44:01
기술력 우수,기술혁신형 중소기업(이노비즈),솔브케이주식회사,정보통신업,"컴퓨터 프로그래밍, 시스템 통합 및 관리업",중소기업,41.0,서울 중구,7,2026-08-01 02:44:01
기술력 우수,기술혁신형 중소기업(이노비즈),(주)범일정보,정보통신업,"컴퓨터 프로그래밍, 시스템 통합 및 관리업",중소기업,127.0,대구 수성구,7,2026-08-01 02:44:01
기술력 우수,기술혁신형 중소기업(이노비즈),유타스(주),정보통신업,"컴퓨터 프로그래밍, 시스템 통합 및 관리업",중소기업,16.0,대구 동구,6,2026-08-01 02:44:01
기술력 우수,기술혁신형 중소기업(이노비즈),상상스토리 주식회사,정보통신업,"컴퓨터 프로그래밍, 시스템 통합 및 관리업",중소기업,52.0,서울 구로구,6,2026-08-01 02:44:01
기술력 우수,기술혁신형 중소기업(이노비즈),주식회사니어네트웍스,정보통신업,"컴퓨터 프로그래밍, 시스템 통합 및 관리업",중소기업,21.0,대구 북구,6,2026-08-01 02:44:01
기술력 우수,기술혁신형 중소기업(이노비즈),주식회사디지티모빌리티,정보통신업,"컴퓨터 프로그래밍, 시스템 통합 및 관리업",중소기업,,대구 동구,6,2026-08-01 02:44:01
기술력 우수,기술혁신형 중소기업(이노비즈),주식회사 드림정보,정보통신업,"컴퓨터 프로그래밍, 시스템 통합 및 관리업",중소기업,28.0,세종,6,2026-08-01 02:44:01
기술력 우수,기술혁신형 중소기업(이노비즈),주식회사 비디,정보통신업,"컴퓨터 프로그래밍, 시스템 통합 및 관리업",중소기업,78.0,서울 구로구,6,2026-08-01 02:44:01
기술력 우수,기술혁신형 중소기업(이노비즈),다온기술주식회사,정보통신업,"컴퓨터 프로그래밍, 시스템 통합 및 관리업",중소기업,24.0,경기 성남시 분당구,5,2026-08-01 02:44:01
기술력 우수,기술혁신형 중소기업(이노비즈),(주)아이티맨,정보통신업,"컴퓨터 프로그래밍, 시스템 통합 및 관리업",중소기업,48.0,,5,2026-08-01 02:44:01
기술력 우수,기술혁신형 중소기업(이노비즈),(주)니트로아이,정보통신업,"컴퓨터 프로그래밍, 시스템 통합 및 관리업",중소기업,26.0,경기 수원시 팔달구,5,2026-08-01 02:44:01
기술력 우수,기술혁신형 중소기업(이노비즈),"주식회사 글림시스템즈(Gleam Systems Co., Ltd.)",정보통신업,"컴퓨터 프로그래밍, 시스템 통합 및 관리업",중소기업,10.0,대전 유성구,4,2026-08-01 02:44:01
기술력 우수,기술혁신형 중소기업(이노비즈),주식회사비즈위즈시스템,정보통신업,"컴퓨터 프로그래밍, 시스템 통합 및 관리업",중소기업,5.0,서울 마포구,4,2026-08-01 02:44:01
기술력 우수,기술혁신형 중소기업(이노비즈),(주)펀진,정보통신업,"컴퓨터 프로그래밍, 시스템 통합 및 관리업",중소기업,91.0,서울 성동구,4,2026-08-01 02:44:01
기술력 우수,기술혁신형 중소기업(이노비즈),주식회사인사이드정보,정보통신업,"컴퓨터 프로그래밍, 시스템 통합 및 관리업",중소기업,95.0,서울 강남구,4,2026-08-01 02:44:01
기술력 우수,기술혁신형 중소기업(이노비즈),유한테크노스(주),정보통신업,"컴퓨터 프로그래밍, 시스템 통합 및 관리업",중소기업,75.0,서울 강서구,4,2026-08-01 02:44:01
기술력 우수,기술혁신형 중소기업(이노비즈),(주)블록오디세이,정보통신업,"컴퓨터 프로그래밍, 시스템 통합 및 관리업",중소기업,65.0,충북 청주시 청원구,4,2026-08-01 02:44:01
기술력 우수,기술혁신형 중소기업(이노비즈),(주)스마트크리에이터,정보통신업,"컴퓨터 프로그래밍, 시스템 통합 및 관리업",중소기업,11.0,경북 경산시,4,2026-08-01 02:44:01
기술력 우수,기술혁신형 중소기업(이노비즈),(주)에스엔텍,정보통신업,"컴퓨터 프로그래밍, 시스템 통합 및 관리업",중소기업,14.0,대구 수성구,4,2026-08-01 02:44:01
기술력 우수,기술혁신형 중소기업(이노비즈),(주)프로엔솔루션,정보통신업,"컴퓨터 프로그래밍, 시스템 통합 및 관리업",중소기업,27.0,서울 영등포구,4,2026-08-01 02:44:01
기술력 우수,기술혁신형 중소기업(이노비즈),주식회사피앤지텍,정보통신업,"컴퓨터 프로그래밍, 시스템 통합 및 관리업",중소기업,22.0,서울 구로구,4,2026-08-01 02:44:01
기술력 우수,기술혁신형 중소기업(이노비즈),(주)아사달,정보통신업,"컴퓨터 프로그래밍, 시스템 통합 및 관리업",중소기업,17.0,서울 금천구,3,2026-08-01 02:44:01
기술력 우수,기술혁신형 중소기업(이노비즈),(주)애니스마트,정보통신업,"컴퓨터 프로그래밍, 시스템 통합 및 관리업",중소기업,46.0,전북 전주시 완산구,3,2026-08-01 02:44:01
기술력 우수,기술혁신형 중소기업(이노비즈),(주)티앤디소프트,정보통신업,"컴퓨터 프로그래밍, 시스템 통합 및 관리업",중소기업,86.0,경기 성남시 수정구,3,2026-08-01 02:44:01
기술력 우수,기술혁신형 중소기업(이노비즈),주식회사 에스피소프트,정보통신업,"컴퓨터 프로그래밍, 시스템 통합 및 관리업",중견기업,45.0,서울 강남구,3,2026-08-01 02:44:01
기술력 우수,기술혁신형 중소기업(이노비즈),(주)오픈링크시스템,정보통신업,"컴퓨터 프로그래밍, 시스템 통합 및 관리업",중소기업,5.0,서울 송파구,3,2026-08-01 02:44:01
기술력 우수,기술혁신형 중소기업(이노비즈),(주)지앤아이,정보통신업,"컴퓨터 프로그래밍, 시스템 통합 및 관리업",중소기업,45.0,울산 남구,3,2026-08-01 02:44:01
기술력 우수,기술혁신형 중소기업(이노비즈),주식회사 연무기술,정보통신업,"컴퓨터 프로그래밍, 시스템 통합 및 관리업",중소기업,87.0,대전 유성구,3,2026-08-01 02:44:01
기술력 우수,기술혁신형 중소기업(이노비즈),(주)코넥,정보통신업,"컴퓨터 프로그래밍, 시스템 통합 및 관리업",중소기업,204.0,경남 진주시,3,2026-08-01 02:44:01
기술력 우수,기술혁신형 중소기업(이노비즈),주식회사 커뮤,정보통신업,"컴퓨터 프로그래밍, 시스템 통합 및 관리업",중소기업,37.0,대전 유성구,3,2026-08-01 02:44:01
기술력 우수,기술혁신형 중소기업(이노비즈),주식회사 매그넘빈트,정보통신업,"컴퓨터 프로그래밍, 시스템 통합 및 관리업",중소기업,83.0,서울 강남구,3,2026-08-01 02:44:01
기술력 우수,기술혁신형 중소기업(이노비즈),(주)엔이에스,정보통신업,"컴퓨터 프로그래밍, 시스템 통합 및 관리업",중소기업,108.0,경기 화성시,3,2026-08-01 02:44:01
기술력 우수,기술혁신형 중소기업(이노비즈),(주)에스티,정보통신업,"컴퓨터 프로그래밍, 시스템 통합 및 관리업",중소기업,10.0,서울 영등포구,2,2026-08-01 02:44:01
기술력 우수,기술혁신형 중소기업(이노비즈),유비즈정보기술 주식회사,정보통신업,"컴퓨터 프로그래밍, 시스템 통합 및 관리업",중소기업,26.0,대전 유성구,2,2026-08-01 02:44:01
기술력 우수,기술혁신형 중소기업(이노비즈),주식회사 다산카이스,정보통신업,"컴퓨터 프로그래밍, 시스템 통합 및 관리업",중소기업,16.0,경기 성남시 분당구,2,2026-08-01 02:44:01
기술력 우수,기술혁신형 중소기업(이노비즈),주식회사디쎈,정보통신업,"컴퓨터 프로그래밍, 시스템 통합 및 관리업",중소기업,20.0,서울 영등포구,2,2026-08-01 02:44:01
기술력 우수,기술혁신형 중소기업(이노비즈),(주)드림하이테크,정보통신업,"컴퓨터 프로그래밍, 시스템 통합 및 관리업",중소기업,26.0,경기 수원시 영통구,2,2026-08-01 02:44:01
기술력 우수,기술혁신형 중소기업(이노비즈),(주)휴버텍,정보통신업,"컴퓨터 프로그래밍, 시스템 통합 및 관리업",중소기업,14.0,서울 성동구,2,2026-08-01 02:44:01
기술력 우수,기술혁신형 중소기업(이노비즈),모던웨이브(주),정보통신업,"컴퓨터 프로그래밍, 시스템 통합 및 관리업",중소기업,11.0,서울 금천구,2,2026-08-01 02:44:01
기술력 우수,기술혁신형 중소기업(이노비즈),주식회사메트릭스튜디오,정보통신업,"컴퓨터 프로그래밍, 시스템 통합 및 관리업",중소기업,22.0,서울 강남구,2,2026-08-01 02:44:01
기술력 우수,기술혁신형 중소기업(이노비즈),주식회사뉴토,정보통신업,"컴퓨터 프로그래밍, 시스템 통합 및 관리업",중소기업,17.0,경기 하남시,2,2026-08-01 02:44:01
기술력 우수,기술혁신형 중소기업(이노비즈),주식회사 이노비즈,정보통신업,"컴퓨터 프로그래밍, 시스템 통합 및 관리업",중소기업,31.0,경기 안양시 동안구,1,2026-08-01 02:44:01
기술력 우수,기술혁신형 중소기업(이노비즈),주식회사도로시,정보통신업,"컴퓨터 프로그래밍, 시스템 통합 및 관리업",중소기업,7.0,인천 계양구,1,2026-08-01 02:44:01
기술력 우수,기술혁신형 중소기업(이노비즈),주식회사 디에스이트레이드,정보통신업,"컴퓨터 프로그래밍, 시스템 통합 및 관리업",중소기업,33.0,서울 서초구,1,2026-08-01 02:44:01
기술력 우수,기술혁신형 중소기업(이노비즈),(주)이수정보기술,정보통신업,"컴퓨터 프로그래밍, 시스템 통합 및 관리업",중소기업,16.0,대구 동구,1,2026-08-01 02:44:01
기술력 우수,기술혁신형 중소기업(이노비즈),(주)새힘정보기술,정보통신업,"컴퓨터 프로그래밍, 시스템 통합 및 관리업",중소기업,35.0,충북 청주시 흥덕구,1,2026-08-01 02:44:01
기술력 우수,기술혁신형 중소기업(이노비즈),주식회사엔티에스,정보통신업,"컴퓨터 프로그래밍, 시스템 통합 및 관리업",중소기업,,경기 안양시 동안구,1,2026-08-01 02:44:01
기술력 우수,기술혁신형 중소기업(이노비즈),(주)앰플인터랙티브,정보통신업,"컴퓨터 프로그래밍, 시스템 통합 및 관리업",중소기업,31.0,서울 서초구,1,2026-08-01 02:44:01
기술력 우수,기술혁신형 중소기업(이노비즈),주식회사미주아이티,정보통신업,"컴퓨터 프로그래밍, 시스템 통합 및 관리업",중소기업,8.0,경북 칠곡군,1,2026-08-01 02:44:01
기술력 우수,기술혁신형 중소기업(이노비즈),주식회사공감아이티,정보통신업,"컴퓨터 프로그래밍, 시스템 통합 및 관리업",중소기업,28.0,충남 계룡시,1,2026-08-01 02:44:01
기술력 우수,기술혁신형 중소기업(이노비즈),주식회사아이티플랜,정보통신업,"컴퓨터 프로그래밍, 시스템 통합 및 관리업",중소기업,11.0,대전 유성구,1,2026-08-01 02:44:01
기술력 우수,기술혁신형 중소기업(이노비즈),(주) 글루시스,정보통신업,"컴퓨터 프로그래밍, 시스템 통합 및 관리업",중소기업,37.0,경기 안양시 동안구,1,2026-08-01 02:44:01
기술력 우수,기술혁신형 중소기업(이노비즈),소서스 주식회사,정보통신업,"컴퓨터 프로그래밍, 시스템 통합 및 관리업",중소기업,15.0,,1,2026-08-01 02:44:01
기술력 우수,기술혁신형 중소기업(이노비즈),(주)와일리,정보통신업,"컴퓨터 프로그래밍, 시스템 통합 및 관리업",중소기업,188.0,서울 강남구,1,2026-08-01 02:44:01
기술력 우수,기술혁신형 중소기업(이노비즈),주식회사젬스헬스케어,정보통신업,"컴퓨터 프로그래밍, 시스템 통합 및 관리업",중소기업,,경기 파주시,1,2026-08-01 02:44:01
기술력 우수,기술혁신형 중소기업(이노비즈),주식회사메뉴잇,정보통신업,"컴퓨터 프로그래밍, 시스템 통합 및 관리업",중소기업,26.0,경기 부천시 소사구,1,2026-08-01 02:44:01
기술력 우수,기술혁신형 중소기업(이노비즈),주식회사이온엠솔루션,정보통신업,"컴퓨터 프로그래밍, 시스템 통합 및 관리업",중소기업,46.0,부산 북구,1,2026-08-01 02:44:01
기술력 우수,기술혁신형 중소기업(이노비즈),(주)스마트넷테크놀로지,정보통신업,"컴퓨터 프로그래밍, 시스템 통합 및 관리업",중소기업,29.0,경기 안양시 동안구,1,2026-08-01 02:44:01
기술력 우수,기술혁신형 중소기업(이노비즈),(주)인비전아이티,정보통신업,"컴퓨터 프로그래밍, 시스템 통합 및 관리업",중소기업,20.0,서울 송파구,1,2026-08-01 02:44:01
기술력 우수,기술혁신형 중소기업(이노비즈),주식회사 네트컴시스템,정보통신업,"컴퓨터 프로그래밍, 시스템 통합 및 관리업",중소기업,16.0,서울 금천구,1,2026-08-01 02:44:01
기술력 우수,기술혁신형 중소기업(이노비즈),징검다리커뮤니케이션(주),정보통신업,"컴퓨터 프로그래밍, 시스템 통합 및 관리업",중소기업,13.0,부산 해운대구,1,2026-08-01 02:44:01
기술력 우수,기술혁신형 중소기업(이노비즈),엔시큐어주식회사,정보통신업,"컴퓨터 프로그래밍, 시스템 통합 및 관리업",중소기업,51.0,서울 용산구,1,2026-08-01 02:44:01
기술력 우수,기술혁신형 중소기업(이노비즈),주식회사 샤인아이티,정보통신업,"컴퓨터 프로그래밍, 시스템 통합 및 관리업",중소기업,9.0,서울 성동구,1,2026-08-01 02:44:01
기술력 우수,기술혁신형 중소기업(이노비즈),세종아이티엘,정보통신업,"컴퓨터 프로그래밍, 시스템 통합 및 관리업",중소기업,163.0,서울 구로구,1,2026-08-01 02:44:01
기술력 우수,기술혁신형 중소기업(이노비즈),(주)마이스허브,정보통신업,"컴퓨터 프로그래밍, 시스템 통합 및 관리업",중소기업,25.0,서울 성동구,1,2026-08-01 02:44:01
기술력 우수,기술혁신형 중소기업(이노비즈),에이치엔이노밸리(주),정보통신업,"컴퓨터 프로그래밍, 시스템 통합 및 관리업",중소기업,40.0,울산 남구,0,2026-08-01 02:44:01
기술력 우수,기술혁신형 중소기업(이노비즈),이노팀스주식회사,정보통신업,"컴퓨터 프로그래밍, 시스템 통합 및 관리업",중소기업,13.0,부산 사상구,0,2026-08-01 02:44:01
기술력 우수,기술혁신형 중소기업(이노비즈),주식회사 맥스나인,정보통신업,"컴퓨터 프로그래밍, 시스템 통합 및 관리업",중소기업,21.0,서울 영등포구,0,2026-08-01 02:44:01
기술력 우수,기술혁신형 중소기업(이노비즈),(주)솔모정보기술,정보통신업,"컴퓨터 프로그래밍, 시스템 통합 및 관리업",중소기업,54.0,서울 광진구,0,2026-08-01 02:44:01
기술력 우수,기술혁신형 중소기업(이노비즈),루벤티스,정보통신업,"컴퓨터 프로그래밍, 시스템 통합 및 관리업",,,서울 강남구,0,2026-08-01 02:44:01
기술력 우수,기술혁신형 중소기업(이노비즈),주식회사좋은정보시스템,정보통신업,"컴퓨터 프로그래밍, 시스템 통합 및 관리업",,,울산 북구,0,2026-08-01 02:44:01
기술력 우수,기술혁신형 중소기업(이노비즈),주식회사 보스테크,정보통신업,"컴퓨터 프로그래밍, 시스템 통합 및 관리업",,,서울 영등포구,0,2026-08-01 02:44:01
기술력 우수,기술혁신형 중소기업(이노비즈),파파야 주식회사,정보통신업,"컴퓨터 프로그래밍, 시스템 통합 및 관리업",중소기업,3.0,경기 안양시 동안구,0,2026-08-01 02:44:01
기술력 우수,기술혁신형 중소기업(이노비즈),(주)이투온,정보통신업,"컴퓨터 프로그래밍, 시스템 통합 및 관리업",중소기업,10.0,서울 영등포구,0,2026-08-01 02:44:01
기술력 우수,기술혁신형 중소기업(이노비즈),(주)위즈브레인,정보통신업,"컴퓨터 프로그래밍, 시스템 통합 및 관리업",,,서울 금천구,0,2026-08-01 02:44:01
기술력 우수,기술혁신형 중소기업(이노비즈),(주)더웹스,정보통신업,"컴퓨터 프로그래밍, 시스템 통합 및 관리업",중소기업,9.0,부산 해운대구,0,2026-08-01 02:44:01
기술력 우수,기술혁신형 중소기업(이노비즈),주식회사 씨엘엠앤에스,정보통신업,"컴퓨터 프로그래밍, 시스템 통합 및 관리업",중소기업,53.0,서울 서초구,0,2026-08-01 02:44:01
기술력 우수,기술혁신형 중소기업(이노비즈),(주)볼트마이크로,정보통신업,"컴퓨터 프로그래밍, 시스템 통합 및 관리업",중소기업,2.0,서울 용산구,0,2026-08-01 02:44:01
기술력 우수,기술혁신형 중소기업(이노비즈),(주)에프원시큐리티,정보통신업,"컴퓨터 프로그래밍, 시스템 통합 및 관리업",중소기업,70.0,서울 금천구,0,2026-08-01 02:44:01
기술력 우수,기술혁신형 중소기업(이노비즈),주식회사투어소프트,정보통신업,"컴퓨터 프로그래밍, 시스템 통합 및 관리업",중소기업,63.0,서울 종로구,0,2026-08-01 02:44:01
기술력 우수,기술혁신형 중소기업(이노비즈),주식회사 하이컴텍,정보통신업,"컴퓨터 프로그래밍, 시스템 통합 및 관리업",중소기업,22.0,서울 금천구,0,2026-08-01 02:44:01
기술력 우수,기술혁신형 중소기업(이노비즈),주식회사디나인컴즈,정보통신업,"컴퓨터 프로그래밍, 시스템 통합 및 관리업",,,서울 마포구,0,2026-08-01 02:44:01
기술력 우수,기술혁신형 중소기업(이노비즈),시크릿타운(주),정보통신업,"컴퓨터 프로그래밍, 시스템 통합 및 관리업",중소기업,55.0,서울 서초구,0,2026-08-01 02:44:01
기술력 우수,기술혁신형 중소기업(이노비즈),(주)디에스정보기술,정보통신업,"컴퓨터 프로그래밍, 시스템 통합 및 관리업",,,경기 광주시,0,2026-08-01 02:44:01
기술력 우수,기술혁신형 중소기업(이노비즈),알비소프트 주식회사,정보통신업,"컴퓨터 프로그래밍, 시스템 통합 및 관리업",중소기업,15.0,서울 성동구,0,2026-08-01 02:44:01
기술력 우수,기술혁신형 중소기업(이노비즈),(주)태울코리아,정보통신업,"컴퓨터 프로그래밍, 시스템 통합 및 관리업",중소기업,14.0,서울 서초구,0,2026-08-01 02:44:01
기술력 우수,기술혁신형 중소기업(이노비즈),(주)아이엘케이코리아,정보통신업,"컴퓨터 프로그래밍, 시스템 통합 및 관리업",중소기업,10.0,서울 강남구,0,2026-08-01 02:44:01
기술력 우수,기술혁신형 중소기업(이노비즈),주식회사 누아 (Nuua Inc.),정보통신업,"컴퓨터 프로그래밍, 시스템 통합 및 관리업",,,서울 중구,0,2026-08-01 02:44:01
기술력 우수,기술혁신형 중소기업(이노비즈),(주)피디정보통신,정보통신업,"컴퓨터 프로그래밍, 시스템 통합 및 관리업",중소기업,1.0,서울 강남구,0,2026-08-01 02:44:01
기술력 우수,기술혁신형 중소기업(이노비즈),(주)에이스솔루션,정보통신업,"컴퓨터 프로그래밍, 시스템 통합 및 관리업",,,서울 영등포구,0,2026-08-01 02:44:01
기술력 우수,기술혁신형 중소기업(이노비즈),주식회사에스아이시티,정보통신업,"컴퓨터 프로그래밍, 시스템 통합 및 관리업",,,서울 강남구,0,2026-08-01 02:44:01
기술력 우수,기술혁신형 중소기업(이노비즈),시스테크솔루션(주),정보통신업,"컴퓨터 프로그래밍, 시스템 통합 및 관리업",중소기업,,서울 서대문구,0,2026-08-01 02:44:01
기술력 우수,기술혁신형 중소기업(이노비즈),(주)이지시스템,정보통신업,"컴퓨터 프로그래밍, 시스템 통합 및 관리업",중소기업,41.0,서울 금천구,0,2026-08-01 02:44:01
기술력 우수,기술혁신형 중소기업(이노비즈),주식회사 드림시스 (DrimSys Inc.),정보통신업,"컴퓨터 프로그래밍, 시스템 통합 및 관리업",중소기업,52.0,서울 서초구,0,2026-08-01 02:44:01
기술력 우수,기술혁신형 중소기업(이노비즈),(주)비인텍,정보통신업,"컴퓨터 프로그래밍, 시스템 통합 및 관리업",중소기업,160.0,서울 구로구,0,2026-08-01 02:44:01
기술력 우수,기술혁신형 중소기업(이노비즈),(주)큐리어드,정보통신업,"컴퓨터 프로그래밍, 시스템 통합 및 관리업",중소기업,28.0,서울 강남구,0,2026-08-01 02:44:01
기술력 우수,기술혁신형 중소기업(이노비즈),(주)고백기술,정보통신업,"컴퓨터 프로그래밍, 시스템 통합 및 관리업",중소기업,6.0,전북 전주시 덕진구,0,2026-08-01 02:44:01
기술력 우수,기술혁신형 중소기업(이노비즈),(주)새암정보기술,정보통신업,"컴퓨터 프로그래밍, 시스템 통합 및 관리업",,,대전 유성구,0,2026-08-01 02:44:01
기술력 우수,기술혁신형 중소기업(이노비즈),(주)이엘온소프트,정보통신업,"컴퓨터 프로그래밍, 시스템 통합 및 관리업",중소기업,22.0,서울 구로구,0,2026-08-01 02:44:01
기술력 우수,기술혁신형 중소기업(이노비즈),(주)포도,정보통신업,"컴퓨터 프로그래밍, 시스템 통합 및 관리업",중소기업,44.0,경기 성남시 수정구,0,2026-08-01 02:44:01
기술력 우수,기술혁신형 중소기업(이노비즈),주)화이트폭스,정보통신업,"컴퓨터 프로그래밍, 시스템 통합 및 관리업",,,경남 창원시 의창구,0,2026-08-01 02:44:01
기술력 우수,기술혁신형 중소기업(이노비즈),주식회사하이브비젼,정보통신업,"컴퓨터 프로그래밍, 시스템 통합 및 관리업",,,경기 의왕시,0,2026-08-01 02:44:01
기술력 우수,기술혁신형 중소기업(이노비즈),(주)퓨텍소프트,정보통신업,"컴퓨터 프로그래밍, 시스템 통합 및 관리업",,,서울 종로구,0,2026-08-01 02:44:01
기술력 우수,기술혁신형 중소기업(이노비즈),주식회사뉴엣지,정보통신업,"컴퓨터 프로그래밍, 시스템 통합 및 관리업",,,서울 용산구,0,2026-08-01 02:44:01
기술력 우수,기술혁신형 중소기업(이노비즈),샤플앤컴퍼니,정보통신업,"컴퓨터 프로그래밍, 시스템 통합 및 관리업",중소기업,10.0,서울 강남구,0,2026-08-01 02:44:01
기술력 우수,기술혁신형 중소기업(이노비즈),(주)비케이에스엔피,정보통신업,"컴퓨터 프로그래밍, 시스템 통합 및 관리업",,,서울 영등포구,0,2026-08-01 02:44:01
기술력 우수,기술혁신형 중소기업(이노비즈),주식회사 티에스피시스템,정보통신업,"컴퓨터 프로그래밍, 시스템 통합 및 관리업",중소기업,19.0,경기 안양시 동안구,0,2026-08-01 02:44:01
기술력 우수,기술혁신형 중소기업(이노비즈),(주)이노솔루텍,정보통신업,"컴퓨터 프로그래밍, 시스템 통합 및 관리업",,,대전 유성구,0,2026-08-01 02:44:01
기술력 우수,기술혁신형 중소기업(이노비즈),(주) 지에프티,정보통신업,"컴퓨터 프로그래밍, 시스템 통합 및 관리업",,,,0,2026-08-01 02:44:01
기술력 우수,기술혁신형 중소기업(이노비즈),주식회사텐스퀘어,정보통신업,"컴퓨터 프로그래밍, 시스템 통합 및 관리업",중소기업,18.0,서울 성동구,0,2026-08-01 02:44:01
기술력 우수,기술혁신형 중소기업(이노비즈),주식회사 우리엔아이에스,정보통신업,"컴퓨터 프로그래밍, 시스템 통합 및 관리업",중소기업,48.0,서울 송파구,0,2026-08-01 02:44:01
기술력 우수,기술혁신형 중소기업(이노비즈),주식회사 지니,정보통신업,정보서비스업,중소기업,61.0,경기 성남시 분당구,24,2026-08-01 02:44:01
기술력 우수,기술혁신형 중소기업(이노비즈),대국지아이에스,정보통신업,정보서비스업,중소기업,14.0,경북 경산시,17,2026-08-01 02:44:01
기술력 우수,기술혁신형 중소기업(이노비즈),(주)진학사,정보통신업,정보서비스업,중소기업,128.0,서울 종로구,16,2026-08-01 02:44:01
기술력 우수,기술혁신형 중소기업(이노비즈),한국자산평가(주),정보통신업,정보서비스업,중소기업,251.0,서울 종로구,16,2026-08-01 02:44:01
기술력 우수,기술혁신형 중소기업(이노비즈),(주)지지옥션,정보통신업,정보서비스업,중소기업,38.0,서울 용산구,15,2026-08-01 02:44:01
기술력 우수,기술혁신형 중소기업(이노비즈),(주)포스토피아,정보통신업,정보서비스업,중소기업,96.0,서울 광진구,14,2026-08-01 02:44:01
기술력 우수,기술혁신형 중소기업(이노비즈),(주)에이원네트웍스,정보통신업,정보서비스업,중소기업,14.0,서울 구로구,9,2026-08-01 02:44:01
기술력 우수,기술혁신형 중소기업(이노비즈),(주)리파인,정보통신업,정보서비스업,중소기업,249.0,서울 강남구,8,2026-08-01 02:44:01
기술력 우수,기술혁신형 중소기업(이노비즈),(주)피디솔루션,정보통신업,정보서비스업,중소기업,41.0,대전 유성구,8,2026-08-01 02:44:01
기술력 우수,기술혁신형 중소기업(이노비즈),(주)대성에너지오,정보통신업,정보서비스업,중소기업,13.0,,8,2026-08-01 02:44:01
기술력 우수,기술혁신형 중소기업(이노비즈),(주)링크프라이스,정보통신업,정보서비스업,중견기업,396.0,서울 금천구,8,2026-08-01 02:44:01
기술력 우수,기술혁신형 중소기업(이노비즈),(주)에어패스,정보통신업,정보서비스업,중소기업,106.0,경기 하남시,8,2026-08-01 02:44:01
기술력 우수,기술혁신형 중소기업(이노비즈),주식회사 콤위즈,정보통신업,정보서비스업,중소기업,99.0,서울 구로구,7,2026-08-01 02:44:01
기술력 우수,기술혁신형 중소기업(이노비즈),(주)아이하트,정보통신업,정보서비스업,중견기업,36.0,서울 금천구,7,2026-08-01 02:44:01
기술력 우수,기술혁신형 중소기업(이노비즈),(주)예람,정보통신업,정보서비스업,중소기업,62.0,대전 중구,6,2026-08-01 02:44:01
기술력 우수,기술혁신형 중소기업(이노비즈),주식회사 패러블엔터테인먼트,정보통신업,정보서비스업,중소기업,83.0,경기 고양시 덕양구,5,2026-08-01 02:44:01
기술력 우수,기술혁신형 중소기업(이노비즈),(주)트리시스,정보통신업,정보서비스업,중소기업,18.0,서울 구로구,5,2026-08-01 02:44:01
기술력 우수,기술혁신형 중소기업(이노비즈),(주)삼천리네트웍스,정보통신업,정보서비스업,중소기업,11.0,서울 강서구,4,2026-08-01 02:44:01
기술력 우수,기술혁신형 중소기업(이노비즈),(주)아이메코,정보통신업,정보서비스업,중소기업,62.0,서울 강서구,4,2026-08-01 02:44:01
기술력 우수,기술혁신형 중소기업(이노비즈),주식회사 지오투정보기술,정보통신업,정보서비스업,중소기업,130.0,경기 안양시 동안구,4,2026-08-01 02:44:01
기술력 우수,기술혁신형 중소기업(이노비즈),(주)씽크풀,정보통신업,정보서비스업,중소기업,54.0,서울 영등포구,3,2026-08-01 02:44:01
기술력 우수,기술혁신형 중소기업(이노비즈),주식회사베스텔라랩,정보통신업,정보서비스업,중소기업,25.0,경기 성남시 분당구,3,2026-08-01 02:44:01
기술력 우수,기술혁신형 중소기업(이노비즈),대성전산(주),정보통신업,정보서비스업,중소기업,61.0,서울 서초구,3,2026-08-01 02:44:01
기술력 우수,기술혁신형 중소기업(이노비즈),큐브엔시스(주),정보통신업,정보서비스업,중소기업,13.0,서울 서초구,3,2026-08-01 02:44:01
기술력 우수,기술혁신형 중소기업(이노비즈),(주)아이네임즈,정보통신업,정보서비스업,중소기업,19.0,경기 성남시 분당구,3,2026-08-01 02:44:01
기술력 우수,기술혁신형 중소기업(이노비즈),한국전력정보(주),정보통신업,정보서비스업,중소기업,9.0,대전 유성구,2,2026-08-01 02:44:01
기술력 우수,기술혁신형 중소기업(이노비즈),(주)올윈에듀,정보통신업,정보서비스업,중소기업,40.0,서울 금천구,2,2026-08-01 02:44:01
기술력 우수,기술혁신형 중소기업(이노비즈),주식회사 더열심히,정보통신업,정보서비스업,중소기업,69.0,서울 강남구,2,2026-08-01 02:44:01
기술력 우수,기술혁신형 중소기업(이노비즈),"(주)헬퍼스하이(HELPERS HIGH CO., LTD.)",정보통신업,정보서비스업,중소기업,84.0,경기 군포시,2,2026-08-01 02:44:01
기술력 우수,기술혁신형 중소기업(이노비즈),"(주)탑코 (TOPCO Co.,Ltd.)",정보통신업,정보서비스업,중소기업,2.0,서울 강남구,2,2026-08-01 02:44:01
기술력 우수,기술혁신형 중소기업(이노비즈),(주)호텔스토리,정보통신업,정보서비스업,중소기업,55.0,서울 강남구,1,2026-08-01 02:44:01
기술력 우수,기술혁신형 중소기업(이노비즈),(주)미니게이트,정보통신업,정보서비스업,중소기업,59.0,서울 강남구,1,2026-08-01 02:44:01
기술력 우수,기술혁신형 중소기업(이노비즈),(주)휴빌론,정보통신업,정보서비스업,중소기업,40.0,서울 서초구,1,2026-08-01 02:44:01
기술력 우수,기술혁신형 중소기업(이노비즈),미림미디어랩(주),정보통신업,정보서비스업,중소기업,36.0,서울 강서구,1,2026-08-01 02:44:01
기술력 우수,기술혁신형 중소기업(이노비즈),(주)피플벤처스,정보통신업,정보서비스업,중소기업,48.0,서울 마포구,1,2026-08-01 02:44:01
기술력 우수,기술혁신형 중소기업(이노비즈),주식회사코글플래닛,정보통신업,정보서비스업,중소기업,30.0,서울 성동구,1,2026-08-01 02:44:01
기술력 우수,기술혁신형 중소기업(이노비즈),주식회사도움건설정보,정보통신업,정보서비스업,중소기업,,서울 금천구,1,2026-08-01 02:44:01
기술력 우수,기술혁신형 중소기업(이노비즈),파이네트웍스,정보통신업,정보서비스업,중소기업,16.0,서울 강서구,0,2026-08-01 02:44:01
기술력 우수,기술혁신형 중소기업(이노비즈),래블업주식회사,정보통신업,정보서비스업,중소기업,40.0,서울 강남구,0,2026-08-01 02:44:01
기술력 우수,기술혁신형 중소기업(이노비즈),이제너두(주),정보통신업,정보서비스업,,,서울 강남구,0,2026-08-01 02:44:01
기술력 우수,기술혁신형 중소기업(이노비즈),빅테크플러스주식회사,정보통신업,정보서비스업,중소기업,10.0,서울 영등포구,0,2026-08-01 02:44:01
기술력 우수,기술혁신형 중소기업(이노비즈),주식회사 워트인텔리전스,정보통신업,정보서비스업,중소기업,79.0,서울 서초구,0,2026-08-01 02:44:01
기술력 우수,기술혁신형 중소기업(이노비즈),(주)에듀토셀,정보통신업,정보서비스업,,,서울 성북구,0,2026-08-01 02:44:01
기술력 우수,기술혁신형 중소기업(이노비즈),(주)아이앤텍,정보통신업,정보서비스업,중소기업,39.0,부산 해운대구,0,2026-08-01 02:44:01
기술력 우수,기술혁신형 중소기업(이노비즈),주식회사온투인,금융 및 보험업,금융업,중소기업,21.0,서울 송파구,5,2026-08-01 02:44:01
기술력 우수,기술혁신형 중소기업(이노비즈),(주)삼우통상,"사업시설 관리, 사업 지원 및 임대 서비스업",사업시설 관리 및 조경 서비스업,중소기업,208.0,인천 미추홀구,145,2026-08-01 02:44:01
기술력 우수,기술혁신형 중소기업(이노비즈),(주)삼경엠에스,"사업시설 관리, 사업 지원 및 임대 서비스업",사업시설 관리 및 조경 서비스업,중소기업,560.0,경기 군포시,114,2026-08-01 02:44:01
기술력 우수,기술혁신형 중소기업(이노비즈),(주)윈투스시스템,"사업시설 관리, 사업 지원 및 임대 서비스업",사업시설 관리 및 조경 서비스업,중소기업,23.0,서울 성동구,0,2026-08-01 02:44:01
기술력 우수,기술혁신형 중소기업(이노비즈),(주)그린온,"사업시설 관리, 사업 지원 및 임대 서비스업",사업시설 관리 및 조경 서비스업,,,서울 영등포구,0,2026-08-01 02:44:01
기술력 우수,기술혁신형 중소기업(이노비즈),(주)인키움,"사업시설 관리, 사업 지원 및 임대 서비스업",사업지원 서비스업,중소기업,70.0,서울 구로구,74,2026-08-01 02:44:01
기술력 우수,기술혁신형 중소기업(이노비즈),(주)성우서비스,"사업시설 관리, 사업 지원 및 임대 서비스업",사업지원 서비스업,중소기업,280.0,서울 구로구,32,2026-08-01 02:44:01
기술력 우수,기술혁신형 중소기업(이노비즈),(주)시티캅,"사업시설 관리, 사업 지원 및 임대 서비스업",사업지원 서비스업,중소기업,51.0,부산 남구,17,2026-08-01 02:44:01
기술력 우수,기술혁신형 중소기업(이노비즈),주식회사다우환경,"사업시설 관리, 사업 지원 및 임대 서비스업",사업지원 서비스업,중소기업,51.0,경기 안산시 단원구,15,2026-08-01 02:44:01
기술력 우수,기술혁신형 중소기업(이노비즈),(주)이즈피엠피,"사업시설 관리, 사업 지원 및 임대 서비스업",사업지원 서비스업,중소기업,130.0,서울 서초구,9,2026-08-01 02:44:01
기술력 우수,기술혁신형 중소기업(이노비즈),유니에코도시환경디자인연구소,"사업시설 관리, 사업 지원 및 임대 서비스업",사업지원 서비스업,중소기업,27.0,경북 경산시,7,2026-08-01 02:44:01
기술력 우수,기술혁신형 중소기업(이노비즈),(주)유에스시큐리티,"사업시설 관리, 사업 지원 및 임대 서비스업",사업지원 서비스업,중소기업,50.0,경기 부천시,6,2026-08-01 02:44:01
기술력 우수,기술혁신형 중소기업(이노비즈),(주)백메가,"사업시설 관리, 사업 지원 및 임대 서비스업",사업지원 서비스업,중소기업,93.0,대구 중구,6,2026-08-01 02:44:01
기술력 우수,기술혁신형 중소기업(이노비즈),(주)에스시큐리티,"사업시설 관리, 사업 지원 및 임대 서비스업",사업지원 서비스업,중소기업,32.0,경기 안양시 동안구,5,2026-08-01 02:44:01
기술력 우수,기술혁신형 중소기업(이노비즈),(주)이삭,"사업시설 관리, 사업 지원 및 임대 서비스업",사업지원 서비스업,중소기업,46.0,경남 거제시,4,2026-08-01 02:44:01
기술력 우수,기술혁신형 중소기업(이노비즈),(주)현대리서치,"사업시설 관리, 사업 지원 및 임대 서비스업",사업지원 서비스업,중소기업,43.0,서울 서초구,3,2026-08-01 02:44:01
기술력 우수,기술혁신형 중소기업(이노비즈),좋은엘리베이터(주),"사업시설 관리, 사업 지원 및 임대 서비스업",사업지원 서비스업,중소기업,38.0,부산 강서구,1,2026-08-01 02:44:01
기술력 우수,기술혁신형 중소기업(이노비즈),주식회사 아토모스,"사업시설 관리, 사업 지원 및 임대 서비스업",사업지원 서비스업,,,,0,2026-08-01 02:44:01
기술력 우수,기술혁신형 중소기업(이노비즈),기프트레터(주),"사업시설 관리, 사업 지원 및 임대 서비스업",사업지원 서비스업,중소기업,9.0,서울 서초구,0,2026-08-01 02:44:01
기술력 우수,기술혁신형 중소기업(이노비즈),(주)에이치에이엔컴퍼니,"사업시설 관리, 사업 지원 및 임대 서비스업",사업지원 서비스업,중소기업,13.0,서울 마포구,0,2026-08-01 02:44:01
기술력 우수,기술혁신형 중소기업(이노비즈),(주)창헬스케어,"사업시설 관리, 사업 지원 및 임대 서비스업",사업지원 서비스업,,,서울 구로구,0,2026-08-01 02:44:01
기술력 우수,기술혁신형 중소기업(이노비즈),주식회사 마이원,"사업시설 관리, 사업 지원 및 임대 서비스업",사업지원 서비스업,중소기업,46.0,서울 성북구,0,2026-08-01 02:44:01
기술력 우수,기술혁신형 중소기업(이노비즈),주식회사지바이크,"사업시설 관리, 사업 지원 및 임대 서비스업",임대업; 부동산 제외,중소기업,412.0,서울 강남구,31,2026-08-01 02:44:01
기술력 우수,기술혁신형 중소기업(이노비즈),(주)가우리안,"사업시설 관리, 사업 지원 및 임대 서비스업",임대업; 부동산 제외,중소기업,39.0,경기 고양시 일산동구,5,2026-08-01 02:44:01
기술력 우수,기술혁신형 중소기업(이노비즈),(주)이지네트웍스,"사업시설 관리, 사업 지원 및 임대 서비스업",임대업; 부동산 제외,중소기업,64.0,서울 구로구,2,2026-08-01 02:44:01
기술력 우수,기술혁신형 중소기업(이노비즈),(주)성지알펙스,"사업시설 관리, 사업 지원 및 임대 서비스업",임대업; 부동산 제외,중소기업,21.0,서울 서초구,1,2026-08-01 02:44:01
기술력 우수,기술혁신형 중소기업(이노비즈),(주)창의와탐구,교육 서비스업,교육 서비스업,중소기업,224.0,서울 서초구,26,2026-08-01 02:44:01
기술력 우수,기술혁신형 중소기업(이노비즈),넥스큐브코퍼레이션 주식회사,교육 서비스업,교육 서비스업,중소기업,185.0,서울 금천구,20,2026-08-01 02:44:01
기술력 우수,기술혁신형 중소기업(이노비즈),주식회사 드림잡스쿨,교육 서비스업,교육 서비스업,중소기업,51.0,,17,2026-08-01 02:44:01
기술력 우수,기술혁신형 중소기업(이노비즈),주식회사에스넷,교육 서비스업,교육 서비스업,중소기업,11.0,전북 군산시,8,2026-08-01 02:44:01
기술력 우수,기술혁신형 중소기업(이노비즈),주식회사 주경야독,교육 서비스업,교육 서비스업,중소기업,30.0,서울 금천구,7,2026-08-01 02:44:01
기술력 우수,기술혁신형 중소기업(이노비즈),주식회사 마이에듀,교육 서비스업,교육 서비스업,중소기업,48.0,서울 금천구,6,2026-08-01 02:44:01
기술력 우수,기술혁신형 중소기업(이노비즈),잉글리쉬앤(주),교육 서비스업,교육 서비스업,중소기업,28.0,서울 관악구,2,2026-08-01 02:44:01
기술력 우수,기술혁신형 중소기업(이노비즈),(주)이젠,교육 서비스업,교육 서비스업,,,,0,2026-08-01 02:44:01
기술력 우수,기술혁신형 중소기업(이노비즈),(주)아인교육,교육 서비스업,교육 서비스업,,,대구 동구,0,2026-08-01 02:44:01
기술력 우수,기술혁신형 중소기업(이노비즈),(주)퍼플아카데미,교육 서비스업,교육 서비스업,중소기업,42.0,서울 양천구,0,2026-08-01 02:44:01
기술력 우수,기술혁신형 중소기업(이노비즈),주식회사메이크잇,교육 서비스업,교육 서비스업,중소기업,16.0,서울 영등포구,0,2026-08-01 02:44:01
기술력 우수,기술혁신형 중소기업(이노비즈),(주)강안교육,교육 서비스업,교육 서비스업,,,서울 강남구,0,2026-08-01 02:44:01
기술력 우수,기술혁신형 중소기업(이노비즈),컴퍼니에스에스(주),"예술, 스포츠 및 여가관련 서비스업","창작, 예술 및 여가관련 서비스업",중소기업,92.0,서울 마포구,12,2026-08-01 02:44:01
기술력 우수,기술혁신형 중소기업(이노비즈),한성정보기술(주),"협회 및 단체, 수리 및 기타 개인 서비스업",개인 및 소비용품 수리업,중소기업,103.0,서울 구로구,4,2026-08-01 02:44:01
기술력 우수,기술혁신형 중소기업(이노비즈),(주)에이텍시스템,"협회 및 단체, 수리 및 기타 개인 서비스업",개인 및 소비용품 수리업,중소기업,197.0,경기 성남시 분당구,4,2026-08-01 02:44:01
기술력 우수,기술혁신형 중소기업(이노비즈),주식회사 엔지엔테크,"협회 및 단체, 수리 및 기타 개인 서비스업",개인 및 소비용품 수리업,,,서울 마포구,0,2026-08-01 02:44:01
기술력 우수,기술혁신형 중소기업(이노비즈),(주)코어인프라,"협회 및 단체, 수리 및 기타 개인 서비스업",개인 및 소비용품 수리업,중소기업,63.0,경기 의왕시,0,2026-08-01 02:44:01
재무건전성,경영혁신형 중소기업(메인비즈),농업회사법인 주식회사 부성팜스,"농업, 임업 및 어업",농업,중소기업,28.0,충남 당진시,22,2026-08-01 02:44:01
재무건전성,경영혁신형 중소기업(메인비즈),영농조합법인 다송리사람들,"농업, 임업 및 어업",농업,중소기업,6.0,전북 익산시,21,2026-08-01 02:44:01
재무건전성,경영혁신형 중소기업(메인비즈),농업회사법인농정원팜주식회사,"농업, 임업 및 어업",농업,중소기업,6.0,충남 천안시 서북구,7,2026-08-01 02:44:01
재무건전성,경영혁신형 중소기업(메인비즈),청아름영농조합법인,"농업, 임업 및 어업",농업,중소기업,4.0,강원 홍천군,4,2026-08-01 02:44:01
재무건전성,경영혁신형 중소기업(메인비즈),계성양계영농조합법인,"농업, 임업 및 어업",농업,중소기업,75.0,강원 삼척시,3,2026-08-01 02:44:01
재무건전성,경영혁신형 중소기업(메인비즈),영농조합법인 무지개농장,"농업, 임업 및 어업",농업,중소기업,13.0,충북 충주시,2,2026-08-01 02:44:01
재무건전성,경영혁신형 중소기업(메인비즈),농업회사법인 에버팜 주식회사,"농업, 임업 및 어업",농업,중소기업,,경기 용인시 기흥구,1,2026-08-01 02:44:01
재무건전성,경영혁신형 중소기업(메인비즈),농업회사법인(유)백련푸드,"농업, 임업 및 어업",농업,중소기업,2.0,전북 익산시,0,2026-08-01 02:44:01
재무건전성,경영혁신형 중소기업(메인비즈),합자회사 건우개발,광업,비금속광물 광업; 연료용 제외,중소기업,17.0,경북 문경시,19,2026-08-01 02:44:01
재무건전성,경영혁신형 중소기업(메인비즈),(주)동신산업,광업,비금속광물 광업; 연료용 제외,중소기업,24.0,경북 영주시,9,2026-08-01 02:44:01
재무건전성,경영혁신형 중소기업(메인비즈),주식회사 보광기업,광업,비금속광물 광업; 연료용 제외,중소기업,29.0,경기 광주시,6,2026-08-01 02:44:01
재무건전성,경영혁신형 중소기업(메인비즈),(주)대림골재,광업,비금속광물 광업; 연료용 제외,중소기업,17.0,경기 용인시 기흥구,3,2026-08-01 02:44:01
재무건전성,경영혁신형 중소기업(메인비즈),주식회사 동신,광업,비금속광물 광업; 연료용 제외,중소기업,26.0,경북 영주시,2,2026-08-01 02:44:01
재무건전성,경영혁신형 중소기업(메인비즈),주식회사 금산,광업,비금속광물 광업; 연료용 제외,중소기업,35.0,충남 서산시,1,2026-08-01 02:44:01
재무건전성,경영혁신형 중소기업(메인비즈),한일식품(주),제조업,식료품 제조업,중소기업,154.0,경기 이천시,130,2026-08-01 02:44:01
재무건전성,경영혁신형 중소기업(메인비즈),만전식품(주),제조업,식료품 제조업,중소기업,263.0,경기 남양주시,89,2026-08-01 02:44:01
재무건전성,경영혁신형 중소기업(메인비즈),농업회사법인 솜씨가 주식회사,제조업,식료품 제조업,중소기업,,강원 영월군,85,2026-08-01 02:44:01
재무건전성,경영혁신형 중소기업(메인비즈),주식회사 동원유지,제조업,식료품 제조업,중소기업,37.0,세종,82,2026-08-01 02:44:01
재무건전성,경영혁신형 중소기업(메인비즈),(주)그린푸드,제조업,식료품 제조업,중소기업,61.0,인천 남동구,80,2026-08-01 02:44:01
재무건전성,경영혁신형 중소기업(메인비즈),(주)청우식품,제조업,식료품 제조업,중소기업,60.0,경북 구미시,61,2026-08-01 02:44:01
재무건전성,경영혁신형 중소기업(메인비즈),(주)한미식품,제조업,식료품 제조업,중소기업,176.0,충남 논산시,58,2026-08-01 02:44:01
재무건전성,경영혁신형 중소기업(메인비즈),세진식품(주),제조업,식료품 제조업,중소기업,85.0,경기 여주시,56,2026-08-01 02:44:01
재무건전성,경영혁신형 중소기업(메인비즈),(주)삼광에프엔씨,제조업,식료품 제조업,중소기업,38.0,전북 군산시,54,2026-08-01 02:44:01
재무건전성,경영혁신형 중소기업(메인비즈),(주)우영통상,제조업,식료품 제조업,중소기업,10.0,울산 북구,53,2026-08-01 02:44:01
재무건전성,경영혁신형 중소기업(메인비즈),자연그대로(주),제조업,식료품 제조업,중소기업,15.0,경기 양주시,51,2026-08-01 02:44:01
재무건전성,경영혁신형 중소기업(메인비즈),주식회사 순수식품,제조업,식료품 제조업,중소기업,24.0,경남 진주시,50,2026-08-01 02:44:01
재무건전성,경영혁신형 중소기업(메인비즈),부경식품(주),제조업,식료품 제조업,중소기업,144.0,경남 김해시,50,2026-08-01 02:44:01
재무건전성,경영혁신형 중소기업(메인비즈),(주)엄마사랑,제조업,식료품 제조업,중소기업,59.0,충북 청주시 청원구,46,2026-08-01 02:44:01
재무건전성,경영혁신형 중소기업(메인비즈),주식회사 과자의성,제조업,식료품 제조업,중소기업,19.0,강원 속초시,46,2026-08-01 02:44:01
재무건전성,경영혁신형 중소기업(메인비즈),농업회사법인 주식회사 대경푸드빌,제조업,식료품 제조업,중소기업,70.0,,45,2026-08-01 02:44:01
재무건전성,경영혁신형 중소기업(메인비즈),농업회사법인 엠에스푸드(주),제조업,식료품 제조업,중소기업,8.0,경북 김천시,45,2026-08-01 02:44:01
재무건전성,경영혁신형 중소기업(메인비즈),(주)엠디에스코리아,제조업,식료품 제조업,중소기업,305.0,경기 파주시,43,2026-08-01 02:44:01
재무건전성,경영혁신형 중소기업(메인비즈),(주)국제식품,제조업,식료품 제조업,중견기업,148.0,부산 사상구,43,2026-08-01 02:44:01
재무건전성,경영혁신형 중소기업(메인비즈),고려인삼주식회사,제조업,식료품 제조업,중소기업,15.0,강원 원주시,39,2026-08-01 02:44:01
재무건전성,경영혁신형 중소기업(메인비즈),(주)한국씨엔에스팜,제조업,식료품 제조업,중소기업,200.0,충북 음성군,37,2026-08-01 02:44:01
재무건전성,경영혁신형 중소기업(메인비즈),(주)고향식품,제조업,식료품 제조업,중소기업,108.0,경기 김포시,36,2026-08-01 02:44:01
재무건전성,경영혁신형 중소기업(메인비즈),농업회사법인(주)초록원,제조업,식료품 제조업,중소기업,38.0,경북 경산시,33,2026-08-01 02:44:01
재무건전성,경영혁신형 중소기업(메인비즈),미래 주식회사 농업회사법인,제조업,식료품 제조업,중소기업,17.0,경남 김해시,32,2026-08-01 02:44:01
재무건전성,경영혁신형 중소기업(메인비즈),(주)진유원,제조업,식료품 제조업,중소기업,63.0,경기 화성시,31,2026-08-01 02:44:01
재무건전성,경영혁신형 중소기업(메인비즈),엔케이수산(주),제조업,식료품 제조업,중소기업,30.0,부산 서구,31,2026-08-01 02:44:01
재무건전성,경영혁신형 중소기업(메인비즈),(주)해도식품,제조업,식료품 제조업,중소기업,16.0,,31,2026-08-01 02:44:01
재무건전성,경영혁신형 중소기업(메인비즈),주식회사 새늘에프앤비,제조업,식료품 제조업,중소기업,,경기 화성시,31,2026-08-01 02:44:01
재무건전성,경영혁신형 중소기업(메인비즈),(주)유니쎌팜,제조업,식료품 제조업,중소기업,57.0,충북 충주시,29,2026-08-01 02:44:01
재무건전성,경영혁신형 중소기업(메인비즈),농업회사법인 대원에프씨 주식회사,제조업,식료품 제조업,중소기업,10.0,경기 안산시 상록구,29,2026-08-01 02:44:01
재무건전성,경영혁신형 중소기업(메인비즈),(주)이룸육가공,제조업,식료품 제조업,중소기업,21.0,대전 동구,28,2026-08-01 02:44:01
재무건전성,경영혁신형 중소기업(메인비즈),주식회사 케이프라이드,제조업,식료품 제조업,중소기업,307.0,강원 횡성군,26,2026-08-01 02:44:01
재무건전성,경영혁신형 중소기업(메인비즈),농업회사법인 (주)아우내축산,제조업,식료품 제조업,중소기업,18.0,충남 천안시 동남구,26,2026-08-01 02:44:01
재무건전성,경영혁신형 중소기업(메인비즈),농업회사법인 성진푸드(주),제조업,식료품 제조업,중소기업,23.0,전북 익산시,26,2026-08-01 02:44:01
재무건전성,경영혁신형 중소기업(메인비즈),주식회사미소찬,제조업,식료품 제조업,중소기업,87.0,충남 천안시 서북구,26,2026-08-01 02:44:01
재무건전성,경영혁신형 중소기업(메인비즈),삼진식품(주),제조업,식료품 제조업,중소기업,266.0,부산 영도구,26,2026-08-01 02:44:01
재무건전성,경영혁신형 중소기업(메인비즈),주식회사 이노바텍,제조업,식료품 제조업,중소기업,40.0,전북 정읍시,25,2026-08-01 02:44:01
재무건전성,경영혁신형 중소기업(메인비즈),(주)아라푸드,제조업,식료품 제조업,중소기업,113.0,부산 기장군,25,2026-08-01 02:44:01
재무건전성,경영혁신형 중소기업(메인비즈),두원식품(주),제조업,식료품 제조업,중소기업,66.0,경남 김해시,25,2026-08-01 02:44:01
재무건전성,경영혁신형 중소기업(메인비즈),(주)동심,제조업,식료품 제조업,중소기업,45.0,충북 충주시,23,2026-08-01 02:44:01
재무건전성,경영혁신형 중소기업(메인비즈),주식회사 세운축산,제조업,식료품 제조업,중소기업,22.0,대구 동구,21,2026-08-01 02:44:01
재무건전성,경영혁신형 중소기업(메인비즈),농업회사법인 주식회사 마크로드제과,제조업,식료품 제조업,중소기업,20.0,경기 용인시 처인구,21,2026-08-01 02:44:01
재무건전성,경영혁신형 중소기업(메인비즈),(주)한빛향료,제조업,식료품 제조업,중소기업,148.0,충북 음성군,20,2026-08-01 02:44:01
재무건전성,경영혁신형 중소기업(메인비즈),농업회사법인그린육가공주식회사,제조업,식료품 제조업,중소기업,31.0,경기 용인시 처인구,20,2026-08-01 02:44:01
재무건전성,경영혁신형 중소기업(메인비즈),신현수산(주),제조업,식료품 제조업,중소기업,60.0,부산 사하구,19,2026-08-01 02:44:01
재무건전성,경영혁신형 중소기업(메인비즈),농업회사법인 더한식품주식회사,제조업,식료품 제조업,중소기업,108.0,충남 공주시,19,2026-08-01 02:44:01
재무건전성,경영혁신형 중소기업(메인비즈),한국에스비식품(주),제조업,식료품 제조업,중소기업,141.0,경기 화성시,19,2026-08-01 02:44:01
재무건전성,경영혁신형 중소기업(메인비즈),농업회사법인 지엔티(주),제조업,식료품 제조업,중소기업,103.0,경기 안성시,19,2026-08-01 02:44:01
재무건전성,경영혁신형 중소기업(메인비즈),주식회사바이올푸드,제조업,식료품 제조업,중소기업,50.0,경남 양산시,19,2026-08-01 02:44:01
재무건전성,경영혁신형 중소기업(메인비즈),삼성식품,제조업,식료품 제조업,중소기업,7.0,경기 양주시,19,2026-08-01 02:44:01
재무건전성,경영혁신형 중소기업(메인비즈),(주)동방푸드마스타,제조업,식료품 제조업,중견기업,231.0,충북 음성군,19,2026-08-01 02:44:01
재무건전성,경영혁신형 중소기업(메인비즈),천일식품(주),제조업,식료품 제조업,중소기업,285.0,충남 홍성군,19,2026-08-01 02:44:01
재무건전성,경영혁신형 중소기업(메인비즈),(주)비에스푸드,제조업,식료품 제조업,중소기업,,경기 양주시,18,2026-08-01 02:44:01
재무건전성,경영혁신형 중소기업(메인비즈),동양플러스(주),제조업,식료품 제조업,중소기업,92.0,경기 광주시,18,2026-08-01 02:44:01
재무건전성,경영혁신형 중소기업(메인비즈),성찬식품,제조업,식료품 제조업,중소기업,1.0,경기 연천군,17,2026-08-01 02:44:01
재무건전성,경영혁신형 중소기업(메인비즈),(주)미당,제조업,식료품 제조업,중소기업,18.0,경기 화성시,17,2026-08-01 02:44:01
재무건전성,경영혁신형 중소기업(메인비즈),(주)신우테크,제조업,식료품 제조업,중소기업,42.0,세종,17,2026-08-01 02:44:01
재무건전성,경영혁신형 중소기업(메인비즈),주식회사 로젠치즈앤푸드,제조업,식료품 제조업,중견기업,73.0,경기 용인시 처인구,17,2026-08-01 02:44:01
재무건전성,경영혁신형 중소기업(메인비즈),주식회사 성진바이오,제조업,식료품 제조업,중소기업,5.0,경기 포천시,17,2026-08-01 02:44:01
재무건전성,경영혁신형 중소기업(메인비즈),영농조합법인안동학가산마깎뚜기김치,제조업,식료품 제조업,중소기업,48.0,경북 안동시,16,2026-08-01 02:44:01
재무건전성,경영혁신형 중소기업(메인비즈),서부사료 주식회사,제조업,식료품 제조업,중견기업,73.0,인천 부평구,16,2026-08-01 02:44:01
재무건전성,경영혁신형 중소기업(메인비즈),(주)나래푸드텍,제조업,식료품 제조업,중소기업,29.0,경기 이천시,15,2026-08-01 02:44:01
재무건전성,경영혁신형 중소기업(메인비즈),한림육가공(주),제조업,식료품 제조업,중소기업,,경기 의정부시,15,2026-08-01 02:44:01
재무건전성,경영혁신형 중소기업(메인비즈),(주)내팜,제조업,식료품 제조업,중소기업,10.0,경기 성남시 중원구,15,2026-08-01 02:44:01
재무건전성,경영혁신형 중소기업(메인비즈),주식회사 대한에프앤에스,제조업,식료품 제조업,중소기업,,충북 음성군,15,2026-08-01 02:44:01
재무건전성,경영혁신형 중소기업(메인비즈),(주)더난,제조업,식료품 제조업,중소기업,,,14,2026-08-01 02:44:01
재무건전성,경영혁신형 중소기업(메인비즈),주식회사 에버그린푸드,제조업,식료품 제조업,중소기업,71.0,경기 성남시 중원구,14,2026-08-01 02:44:01
재무건전성,경영혁신형 중소기업(메인비즈),주식회사 초원식품,제조업,식료품 제조업,중소기업,87.0,경기 김포시,14,2026-08-01 02:44:01
재무건전성,경영혁신형 중소기업(메인비즈),한품축산,제조업,식료품 제조업,중소기업,0.0,경남 김해시,14,2026-08-01 02:44:01
재무건전성,경영혁신형 중소기업(메인비즈),주식회사 대원축산,제조업,식료품 제조업,중소기업,17.0,경남 김해시,12,2026-08-01 02:44:01
재무건전성,경영혁신형 중소기업(메인비즈),농업회사법인(주)혼디축산,제조업,식료품 제조업,중소기업,71.0,제주 제주시,12,2026-08-01 02:44:01
재무건전성,경영혁신형 중소기업(메인비즈),대명에이지 영농조합법인,제조업,식료품 제조업,중소기업,14.0,충남 부여군,12,2026-08-01 02:44:01
재무건전성,경영혁신형 중소기업(메인비즈),(주)박달재엘피씨,제조업,식료품 제조업,중소기업,121.0,충북 제천시,12,2026-08-01 02:44:01
재무건전성,경영혁신형 중소기업(메인비즈),주식회사 가우정푸드,제조업,식료품 제조업,중소기업,36.0,경남 거창군,12,2026-08-01 02:44:01
재무건전성,경영혁신형 중소기업(메인비즈),(주)미라지식품,제조업,식료품 제조업,중소기업,35.0,,12,2026-08-01 02:44:01
재무건전성,경영혁신형 중소기업(메인비즈),(주)성실푸드,제조업,식료품 제조업,중소기업,10.0,경기 안산시 상록구,12,2026-08-01 02:44:01
재무건전성,경영혁신형 중소기업(메인비즈),(주)원우,제조업,식료품 제조업,중소기업,26.0,충북 음성군,12,2026-08-01 02:44:01
재무건전성,경영혁신형 중소기업(메인비즈),(주)놀이터컴퍼니,제조업,식료품 제조업,중소기업,26.0,경기 화성시,11,2026-08-01 02:44:01
재무건전성,경영혁신형 중소기업(메인비즈),주식회사 진성식품,제조업,식료품 제조업,중소기업,5.0,전북 군산시,11,2026-08-01 02:44:01
재무건전성,경영혁신형 중소기업(메인비즈),합천생약가공영농조합법인,제조업,식료품 제조업,중소기업,14.0,경남 합천군,10,2026-08-01 02:44:01
재무건전성,경영혁신형 중소기업(메인비즈),조앤강 주식회사,제조업,식료품 제조업,중소기업,,서울 송파구,10,2026-08-01 02:44:01
재무건전성,경영혁신형 중소기업(메인비즈),(주)서울쿠키컴퍼니,제조업,식료품 제조업,중소기업,92.0,경기 양주시,9,2026-08-01 02:44:01
재무건전성,경영혁신형 중소기업(메인비즈),(주)태종에프디,제조업,식료품 제조업,중소기업,132.0,경기 용인시 처인구,9,2026-08-01 02:44:01
재무건전성,경영혁신형 중소기업(메인비즈),(주)삼영데리카후레쉬,제조업,식료품 제조업,중소기업,72.0,경남 김해시,9,2026-08-01 02:44:01
재무건전성,경영혁신형 중소기업(메인비즈),주식회사별식품,제조업,식료품 제조업,중소기업,,충남 홍성군,8,2026-08-01 02:44:01
재무건전성,경영혁신형 중소기업(메인비즈),우영수산(주),제조업,식료품 제조업,중소기업,81.0,부산 사하구,8,2026-08-01 02:44:01
재무건전성,경영혁신형 중소기업(메인비즈),강산농원영농조합법인,제조업,식료품 제조업,중소기업,11.0,,8,2026-08-01 02:44:01
재무건전성,경영혁신형 중소기업(메인비즈),농업회사법인 주식회사 안성식품,제조업,식료품 제조업,중소기업,28.0,충남 금산군,8,2026-08-01 02:44:01
재무건전성,경영혁신형 중소기업(메인비즈),주식회사 사철,제조업,식료품 제조업,중소기업,,경기 광주시,8,2026-08-01 02:44:01
재무건전성,경영혁신형 중소기업(메인비즈),주식회사 와이케이컴퍼니,제조업,식료품 제조업,중소기업,47.0,충북 제천시,8,2026-08-01 02:44:01
재무건전성,경영혁신형 중소기업(메인비즈),(주)영진데리카후레쉬,제조업,식료품 제조업,중소기업,98.0,경기 이천시,8,2026-08-01 02:44:01
재무건전성,경영혁신형 중소기업(메인비즈),(주)동양식품,제조업,식료품 제조업,중소기업,16.0,부산 강서구,8,2026-08-01 02:44:01
재무건전성,경영혁신형 중소기업(메인비즈),농업회사법인 주식회사 경기엘피씨,제조업,식료품 제조업,중소기업,90.0,경기 연천군,7,2026-08-01 02:44:01
재무건전성,경영혁신형 중소기업(메인비즈),(주)본가쌀로만,제조업,식료품 제조업,중소기업,,경남 양산시,7,2026-08-01 02:44:01
재무건전성,경영혁신형 중소기업(메인비즈),주식회사 선영푸드,제조업,식료품 제조업,중소기업,18.0,충남 천안시 동남구,7,2026-08-01 02:44:01
재무건전성,경영혁신형 중소기업(메인비즈),농업회사법인 우서방돈각시(주),제조업,식료품 제조업,중소기업,,경남 사천시,7,2026-08-01 02:44:01
재무건전성,경영혁신형 중소기업(메인비즈),(주)오상인터내셔널,제조업,식료품 제조업,중소기업,28.0,경북 경산시,7,2026-08-01 02:44:01
재무건전성,경영혁신형 중소기업(메인비즈),태원식품 주식회사,제조업,식료품 제조업,중소기업,10.0,경남 창원시 의창구,7,2026-08-01 02:44:01
재무건전성,경영혁신형 중소기업(메인비즈),(주)현대푸드,제조업,식료품 제조업,중소기업,106.0,경기 하남시,7,2026-08-01 02:44:01
재무건전성,경영혁신형 중소기업(메인비즈),주식회사 태성에프에스,제조업,식료품 제조업,중소기업,,경기 용인시 처인구,6,2026-08-01 02:44:01
재무건전성,경영혁신형 중소기업(메인비즈),농업회사법인콩사랑유한회사,제조업,식료품 제조업,중소기업,9.0,전북 정읍시,6,2026-08-01 02:44:01
재무건전성,경영혁신형 중소기업(메인비즈),(주)송림수산,제조업,식료품 제조업,중소기업,12.0,부산 사하구,6,2026-08-01 02:44:01
재무건전성,경영혁신형 중소기업(메인비즈),(주)성신비엔에프,제조업,식료품 제조업,중소기업,12.0,충남 부여군,5,2026-08-01 02:44:01
재무건전성,경영혁신형 중소기업(메인비즈),주식회사 남부미트,제조업,식료품 제조업,중소기업,94.0,충남 홍성군,5,2026-08-01 02:44:01
재무건전성,경영혁신형 중소기업(메인비즈),(주)신영에이치에스,제조업,식료품 제조업,중소기업,63.0,충북 제천시,5,2026-08-01 02:44:01
재무건전성,경영혁신형 중소기업(메인비즈),삼흥푸드주식회사 농업회사법인,제조업,식료품 제조업,중소기업,25.0,,5,2026-08-01 02:44:01
재무건전성,경영혁신형 중소기업(메인비즈),푸드렐라(주),제조업,식료품 제조업,중소기업,85.0,충남 아산시,5,2026-08-01 02:44:01
재무건전성,경영혁신형 중소기업(메인비즈),주식회사 시그니처,제조업,식료품 제조업,중소기업,28.0,경기 군포시,5,2026-08-01 02:44:01
재무건전성,경영혁신형 중소기업(메인비즈),(주)보성녹돈,제조업,식료품 제조업,중소기업,97.0,서울 성동구,4,2026-08-01 02:44:01
재무건전성,경영혁신형 중소기업(메인비즈),(주)정이푸드빌,제조업,식료품 제조업,중소기업,42.0,강원 속초시,4,2026-08-01 02:44:01
재무건전성,경영혁신형 중소기업(메인비즈),(주)아로마에프아이,제조업,식료품 제조업,중소기업,35.0,경기 성남시 중원구,4,2026-08-01 02:44:01
재무건전성,경영혁신형 중소기업(메인비즈),주식회사 태능한우,제조업,식료품 제조업,중소기업,14.0,충남 아산시,3,2026-08-01 02:44:01
재무건전성,경영혁신형 중소기업(메인비즈),주식회사 정직한고기,제조업,식료품 제조업,중소기업,20.0,충북 음성군,3,2026-08-01 02:44:01
재무건전성,경영혁신형 중소기업(메인비즈),주식회사탑축산농업회사법인,제조업,식료품 제조업,중소기업,45.0,경남 합천군,3,2026-08-01 02:44:01
재무건전성,경영혁신형 중소기업(메인비즈),오케이에프엠(주),제조업,식료품 제조업,중소기업,,경기 포천시,3,2026-08-01 02:44:01
재무건전성,경영혁신형 중소기업(메인비즈),(주)드림라임,제조업,식료품 제조업,중소기업,18.0,,3,2026-08-01 02:44:01
재무건전성,경영혁신형 중소기업(메인비즈),태인산업주식회사,제조업,식료품 제조업,중소기업,28.0,전북 정읍시,3,2026-08-01 02:44:01
재무건전성,경영혁신형 중소기업(메인비즈),한양식품,제조업,식료품 제조업,중소기업,23.0,,3,2026-08-01 02:44:01
재무건전성,경영혁신형 중소기업(메인비즈),주식회사 일동산업,제조업,식료품 제조업,중소기업,8.0,충남 당진시,3,2026-08-01 02:44:01
재무건전성,경영혁신형 중소기업(메인비즈),(주)만나,제조업,식료품 제조업,중소기업,36.0,,2,2026-08-01 02:44:01
재무건전성,경영혁신형 중소기업(메인비즈),농업회사법인 주식회사 세정미트,제조업,식료품 제조업,중소기업,,충남 서산시,2,2026-08-01 02:44:01
재무건전성,경영혁신형 중소기업(메인비즈),(주)하나육가공,제조업,식료품 제조업,중소기업,20.0,경기 하남시,2,2026-08-01 02:44:01
재무건전성,경영혁신형 중소기업(메인비즈),주식회사 신근식푸드,제조업,식료품 제조업,중소기업,,서울 금천구,2,2026-08-01 02:44:01
재무건전성,경영혁신형 중소기업(메인비즈),주식회사 유진바이오,제조업,식료품 제조업,중소기업,18.0,경기 수원시 영통구,2,2026-08-01 02:44:01
재무건전성,경영혁신형 중소기업(메인비즈),우신농업회사법인주식회사,제조업,식료품 제조업,중소기업,25.0,경남 창녕군,2,2026-08-01 02:44:01
재무건전성,경영혁신형 중소기업(메인비즈),주식회사 지씨컴퍼니글로벌,제조업,식료품 제조업,중소기업,12.0,서울 서초구,2,2026-08-01 02:44:01
재무건전성,경영혁신형 중소기업(메인비즈),주식회사 이립,제조업,식료품 제조업,중소기업,78.0,경기 하남시,2,2026-08-01 02:44:01
재무건전성,경영혁신형 중소기업(메인비즈),주식회사 링티,제조업,식료품 제조업,중소기업,65.0,서울 서초구,2,2026-08-01 02:44:01
재무건전성,경영혁신형 중소기업(메인비즈),(주)샐러디,제조업,식료품 제조업,중소기업,120.0,서울 강남구,2,2026-08-01 02:44:01
재무건전성,경영혁신형 중소기업(메인비즈),(주)홍창엠앤티,제조업,식료품 제조업,중소기업,68.0,경북 영천시,1,2026-08-01 02:44:01
재무건전성,경영혁신형 중소기업(메인비즈),(주)제이앤비식품,제조업,식료품 제조업,중소기업,109.0,경기 화성시,1,2026-08-01 02:44:01
재무건전성,경영혁신형 중소기업(메인비즈),(유) 세웅바이오,제조업,식료품 제조업,중소기업,23.0,전북 김제시,1,2026-08-01 02:44:01
재무건전성,경영혁신형 중소기업(메인비즈),주식회사 하이독,제조업,식료품 제조업,중소기업,,경기 용인시 기흥구,1,2026-08-01 02:44:01
재무건전성,경영혁신형 중소기업(메인비즈),주식회사 천수푸드,제조업,식료품 제조업,중소기업,,충남 홍성군,1,2026-08-01 02:44:01
재무건전성,경영혁신형 중소기업(메인비즈),(주)청하식품,제조업,식료품 제조업,중소기업,10.0,경기 남양주시,1,2026-08-01 02:44:01
재무건전성,경영혁신형 중소기업(메인비즈),주식회사 익스트림,제조업,식료품 제조업,중소기업,49.0,서울 강남구,1,2026-08-01 02:44:01
재무건전성,경영혁신형 중소기업(메인비즈),해오름주식회사,제조업,식료품 제조업,중소기업,50.0,강원 강릉시,1,2026-08-01 02:44:01
재무건전성,경영혁신형 중소기업(메인비즈),(주)나래식품,제조업,식료품 제조업,중소기업,34.0,,1,2026-08-01 02:44:01
재무건전성,경영혁신형 중소기업(메인비즈),주식회사 일해,제조업,식료품 제조업,중소기업,,경기 광주시,1,2026-08-01 02:44:01
재무건전성,경영혁신형 중소기업(메인비즈),주식회사 조아푸드,제조업,식료품 제조업,중소기업,,충남 천안시 서북구,1,2026-08-01 02:44:01
재무건전성,경영혁신형 중소기업(메인비즈),(주)마들렌식품,제조업,식료품 제조업,중소기업,89.0,경기 평택시,1,2026-08-01 02:44:01
재무건전성,경영혁신형 중소기업(메인비즈),주식회사 찬누리,제조업,식료품 제조업,,,충남 논산시,0,2026-08-01 02:44:01
재무건전성,경영혁신형 중소기업(메인비즈),주식회사 신돈축산유통,제조업,식료품 제조업,중소기업,32.0,경기 안산시 단원구,0,2026-08-01 02:44:01
재무건전성,경영혁신형 중소기업(메인비즈),미트클럽 주식회사,제조업,식료품 제조업,,,대전 동구,0,2026-08-01 02:44:01
재무건전성,경영혁신형 중소기업(메인비즈),(주)비알비에프앤비,제조업,식료품 제조업,중소기업,,서울 강남구,0,2026-08-01 02:44:01
재무건전성,경영혁신형 중소기업(메인비즈),주영엔에스(주),제조업,식료품 제조업,,,서울 송파구,0,2026-08-01 02:44:01
재무건전성,경영혁신형 중소기업(메인비즈),(주)단비식품,제조업,식료품 제조업,,,경기 남양주시,0,2026-08-01 02:44:01
재무건전성,경영혁신형 중소기업(메인비즈),주식회사 뚜또,제조업,식료품 제조업,,,경북 예천군,0,2026-08-01 02:44:01
재무건전성,경영혁신형 중소기업(메인비즈),주식회사 7번가사람들,제조업,식료품 제조업,중소기업,,경기 이천시,0,2026-08-01 02:44:01
재무건전성,경영혁신형 중소기업(메인비즈),(주)내함물산,제조업,식료품 제조업,중소기업,19.0,서울 강남구,0,2026-08-01 02:44:01
재무건전성,경영혁신형 중소기업(메인비즈),주식회사 초램에프앤비,제조업,식료품 제조업,,,경기 남양주시,0,2026-08-01 02:44:01
재무건전성,경영혁신형 중소기업(메인비즈),주식회사 거해,제조업,식료품 제조업,중소기업,9.0,,0,2026-08-01 02:44:01
재무건전성,경영혁신형 중소기업(메인비즈),(주)황도,제조업,식료품 제조업,,,강원 강릉시,0,2026-08-01 02:44:01
재무건전성,경영혁신형 중소기업(메인비즈),주식회사가온에프앤비,제조업,식료품 제조업,,,충남 천안시 동남구,0,2026-08-01 02:44:01
재무건전성,경영혁신형 중소기업(메인비즈),(주)굿지앤,제조업,식료품 제조업,중소기업,14.0,서울 강남구,0,2026-08-01 02:44:01
재무건전성,경영혁신형 중소기업(메인비즈),농업회사법인주식회사토리팜에프디,제조업,식료품 제조업,,,,0,2026-08-01 02:44:01
재무건전성,경영혁신형 중소기업(메인비즈),(주)푸드공방,제조업,식료품 제조업,,,경기 광주시,0,2026-08-01 02:44:01
재무건전성,경영혁신형 중소기업(메인비즈),열두광주리영농조합법인,제조업,식료품 제조업,중소기업,10.0,강원 철원군,0,2026-08-01 02:44:01
재무건전성,경영혁신형 중소기업(메인비즈),예맛상사(주),제조업,식료품 제조업,중소기업,62.0,경기 이천시,0,2026-08-01 02:44:01
재무건전성,경영혁신형 중소기업(메인비즈),해찬솔에프쓰리,제조업,식료품 제조업,,,충남 아산시,0,2026-08-01 02:44:01
재무건전성,경영혁신형 중소기업(메인비즈),(주) 미르스타푸드,제조업,식료품 제조업,,,경기 군포시,0,2026-08-01 02:44:01
재무건전성,경영혁신형 중소기업(메인비즈),(주) 솔찬 농업회사법인,제조업,식료품 제조업,중소기업,,충남 논산시,0,2026-08-01 02:44:01
재무건전성,경영혁신형 중소기업(메인비즈),주식회사 학화1934,제조업,식료품 제조업,,,충남 천안시 동남구,0,2026-08-01 02:44:01
재무건전성,경영혁신형 중소기업(메인비즈),(주)태진에프앤에스,제조업,식료품 제조업,,,충남 천안시 서북구,0,2026-08-01 02:44:01
재무건전성,경영혁신형 중소기업(메인비즈),(주)다마시이,제조업,식료품 제조업,,,서울 금천구,0,2026-08-01 02:44:01
재무건전성,경영혁신형 중소기업(메인비즈),설동궁컴퍼니,제조업,식료품 제조업,중소기업,,대구 서구,0,2026-08-01 02:44:01
재무건전성,경영혁신형 중소기업(메인비즈),한국청정음료(주),제조업,음료 제조업,중소기업,108.0,경기 포천시,32,2026-08-01 02:44:01
재무건전성,경영혁신형 중소기업(메인비즈),농업회사법인 조은술세종(주),제조업,음료 제조업,중소기업,11.0,충북 청주시 청원구,26,2026-08-01 02:44:01
재무건전성,경영혁신형 중소기업(메인비즈),농업회사법인 대학두유 주식회사,제조업,음료 제조업,중소기업,1.0,강원 평창군,18,2026-08-01 02:44:01
재무건전성,경영혁신형 중소기업(메인비즈),(주)화인바이오,제조업,음료 제조업,중소기업,66.0,경남 산청군,12,2026-08-01 02:44:01
재무건전성,경영혁신형 중소기업(메인비즈),주식회사 광양주조공사,제조업,음료 제조업,중소기업,11.0,,5,2026-08-01 02:44:01
재무건전성,경영혁신형 중소기업(메인비즈),스파클 주식회사,제조업,음료 제조업,중견기업,50.0,충남 천안시 동남구,3,2026-08-01 02:44:01
재무건전성,경영혁신형 중소기업(메인비즈),농업회사법인(주)제이엘,제조업,음료 제조업,중소기업,4.0,경북 문경시,1,2026-08-01 02:44:01
재무건전성,경영혁신형 중소기업(메인비즈),주식회사 올즙,제조업,음료 제조업,중소기업,,충남 금산군,0,2026-08-01 02:44:01
재무건전성,경영혁신형 중소기업(메인비즈),주식회사낙천,제조업,음료 제조업,,,강원 동해시,0,2026-08-01 02:44:01
재무건전성,경영혁신형 중소기업(메인비즈),주식회사 스페이스,제조업,섬유제품 제조업; 의복제외,중소기업,78.0,대구 동구,150,2026-08-01 02:44:01
재무건전성,경영혁신형 중소기업(메인비즈),(주)성림,제조업,섬유제품 제조업; 의복제외,중소기업,64.0,경북 구미시,69,2026-08-01 02:44:01
재무건전성,경영혁신형 중소기업(메인비즈),(주)대한패브릭,제조업,섬유제품 제조업; 의복제외,중소기업,117.0,서울 종로구,41,2026-08-01 02:44:01
재무건전성,경영혁신형 중소기업(메인비즈),케이앤비준우(주),제조업,섬유제품 제조업; 의복제외,중소기업,45.0,대구 달성군,34,2026-08-01 02:44:01
재무건전성,경영혁신형 중소기업(메인비즈),원풍물산주식회사,제조업,섬유제품 제조업; 의복제외,중소기업,46.0,경북 칠곡군,30,2026-08-01 02:44:01
재무건전성,경영혁신형 중소기업(메인비즈),주식회사 창안애,제조업,섬유제품 제조업; 의복제외,중소기업,33.0,대구 동구,29,2026-08-01 02:44:01
재무건전성,경영혁신형 중소기업(메인비즈),주식회사 아크,제조업,섬유제품 제조업; 의복제외,중소기업,,경남 양산시,25,2026-08-01 02:44:01
재무건전성,경영혁신형 중소기업(메인비즈),(주)창명산업,제조업,섬유제품 제조업; 의복제외,중소기업,12.0,경기 양주시,19,2026-08-01 02:44:01
재무건전성,경영혁신형 중소기업(메인비즈),(주)동산글로벌,제조업,섬유제품 제조업; 의복제외,중소기업,26.0,경북 경산시,19,2026-08-01 02:44:01
재무건전성,경영혁신형 중소기업(메인비즈),주식회사좋은아침창,제조업,섬유제품 제조업; 의복제외,중소기업,21.0,경기 양주시,19,2026-08-01 02:44:01
재무건전성,경영혁신형 중소기업(메인비즈),주식회사누비지오,제조업,섬유제품 제조업; 의복제외,중소기업,28.0,경기 용인시 처인구,15,2026-08-01 02:44:01
재무건전성,경영혁신형 중소기업(메인비즈),(주)에스케이텍스,제조업,섬유제품 제조업; 의복제외,중소기업,28.0,대구 달성군,14,2026-08-01 02:44:01
재무건전성,경영혁신형 중소기업(메인비즈),(주)세영,제조업,섬유제품 제조업; 의복제외,중소기업,30.0,경북 성주군,10,2026-08-01 02:44:01
재무건전성,경영혁신형 중소기업(메인비즈),(주)금화텍스,제조업,섬유제품 제조업; 의복제외,중소기업,18.0,대구 달서구,9,2026-08-01 02:44:01
재무건전성,경영혁신형 중소기업(메인비즈),신한물산 주식회사,제조업,섬유제품 제조업; 의복제외,중소기업,30.0,충남 예산군,8,2026-08-01 02:44:01
재무건전성,경영혁신형 중소기업(메인비즈),지앤드에이치인터내셔널(주),제조업,섬유제품 제조업; 의복제외,중소기업,12.0,서울 광진구,8,2026-08-01 02:44:01
재무건전성,경영혁신형 중소기업(메인비즈),주식회사 더메종,제조업,섬유제품 제조업; 의복제외,중소기업,46.0,서울 성동구,7,2026-08-01 02:44:01
재무건전성,경영혁신형 중소기업(메인비즈),동해하이테크산업(주),제조업,섬유제품 제조업; 의복제외,중소기업,20.0,경기 용인시 처인구,6,2026-08-01 02:44:01
재무건전성,경영혁신형 중소기업(메인비즈),광주어망,제조업,섬유제품 제조업; 의복제외,중소기업,81.0,,6,2026-08-01 02:44:01
재무건전성,경영혁신형 중소기업(메인비즈),(주)아진아이디티,제조업,섬유제품 제조업; 의복제외,중소기업,31.0,대구 달서구,6,2026-08-01 02:44:01
재무건전성,경영혁신형 중소기업(메인비즈),(주)대마,제조업,섬유제품 제조업; 의복제외,중소기업,23.0,경북 구미시,6,2026-08-01 02:44:01
재무건전성,경영혁신형 중소기업(메인비즈),주식회사 진흥,제조업,섬유제품 제조업; 의복제외,중소기업,40.0,경기 이천시,6,2026-08-01 02:44:01
재무건전성,경영혁신형 중소기업(메인비즈),주식회사 태광아이엔티,제조업,섬유제품 제조업; 의복제외,중소기업,34.0,대구 달성군,6,2026-08-01 02:44:01
재무건전성,경영혁신형 중소기업(메인비즈),평화산업사,제조업,섬유제품 제조업; 의복제외,중소기업,7.0,경북 고령군,6,2026-08-01 02:44:01
재무건전성,경영혁신형 중소기업(메인비즈),크린토피아 하남지사,제조업,섬유제품 제조업; 의복제외,중소기업,,경기 하남시,5,2026-08-01 02:44:01
재무건전성,경영혁신형 중소기업(메인비즈),(주)영동텍스타일,제조업,섬유제품 제조업; 의복제외,중소기업,65.0,경기 안산시 단원구,5,2026-08-01 02:44:01
재무건전성,경영혁신형 중소기업(메인비즈),이루TEX,제조업,섬유제품 제조업; 의복제외,중소기업,,경기 양주시,5,2026-08-01 02:44:01
재무건전성,경영혁신형 중소기업(메인비즈),주식회사 동인기업,제조업,섬유제품 제조업; 의복제외,중소기업,48.0,경기 부천시 오정구,4,2026-08-01 02:44:01
재무건전성,경영혁신형 중소기업(메인비즈),(주)신성,제조업,섬유제품 제조업; 의복제외,중소기업,7.0,경기 광주시,4,2026-08-01 02:44:01
재무건전성,경영혁신형 중소기업(메인비즈),(유)도림,제조업,섬유제품 제조업; 의복제외,중소기업,14.0,,3,2026-08-01 02:44:01
재무건전성,경영혁신형 중소기업(메인비즈),주식회사 강인테크,제조업,섬유제품 제조업; 의복제외,중소기업,13.0,경기 김포시,3,2026-08-01 02:44:01
재무건전성,경영혁신형 중소기업(메인비즈),(주)에이치아이글로넷,제조업,섬유제품 제조업; 의복제외,중소기업,,인천 남동구,3,2026-08-01 02:44:01
재무건전성,경영혁신형 중소기업(메인비즈),(주)서원하이텍,제조업,섬유제품 제조업; 의복제외,중소기업,28.0,대구 달서구,3,2026-08-01 02:44:01
재무건전성,경영혁신형 중소기업(메인비즈),(주)에이엠컴퍼니,제조업,섬유제품 제조업; 의복제외,중소기업,58.0,서울 동대문구,2,2026-08-01 02:44:01
재무건전성,경영혁신형 중소기업(메인비즈),주식회사 예가로드,제조업,섬유제품 제조업; 의복제외,중소기업,,대구 달서구,2,2026-08-01 02:44:01
재무건전성,경영혁신형 중소기업(메인비즈),주식회사 올클리,제조업,섬유제품 제조업; 의복제외,중소기업,39.0,경기 부천시,2,2026-08-01 02:44:01
재무건전성,경영혁신형 중소기업(메인비즈),(주)씨에이치엘코리아,제조업,섬유제품 제조업; 의복제외,중소기업,24.0,서울 강남구,2,2026-08-01 02:44:01
재무건전성,경영혁신형 중소기업(메인비즈),(주)링크아이엔씨,제조업,섬유제품 제조업; 의복제외,중소기업,15.0,서울 성동구,1,2026-08-01 02:44:01
재무건전성,경영혁신형 중소기업(메인비즈),(주)무지개텍스,제조업,섬유제품 제조업; 의복제외,중소기업,5.0,경기 양주시,1,2026-08-01 02:44:01
재무건전성,경영혁신형 중소기업(메인비즈),(주)영우,제조업,섬유제품 제조업; 의복제외,중소기업,24.0,경기 안양시 동안구,1,2026-08-01 02:44:01
재무건전성,경영혁신형 중소기업(메인비즈),신일사,제조업,섬유제품 제조업; 의복제외,중소기업,75.0,경북 김천시,1,2026-08-01 02:44:01
재무건전성,경영혁신형 중소기업(메인비즈),주식회사 목일,제조업,섬유제품 제조업; 의복제외,중소기업,11.0,,1,2026-08-01 02:44:01
재무건전성,경영혁신형 중소기업(메인비즈),(주)융도물산,제조업,섬유제품 제조업; 의복제외,중소기업,17.0,경기 양주시,1,2026-08-01 02:44:01
재무건전성,경영혁신형 중소기업(메인비즈),주식회사 휴크로스,제조업,섬유제품 제조업; 의복제외,중소기업,,서울 금천구,1,2026-08-01 02:44:01
재무건전성,경영혁신형 중소기업(메인비즈),주식회사 지케미,제조업,섬유제품 제조업; 의복제외,중소기업,3.0,경기 성남시 수정구,1,2026-08-01 02:44:01
재무건전성,경영혁신형 중소기업(메인비즈),주식회사에이치에스니트컴퍼니,제조업,섬유제품 제조업; 의복제외,중소기업,,서울 노원구,1,2026-08-01 02:44:01
재무건전성,경영혁신형 중소기업(메인비즈),주식회사 제이앤제이닷컴,제조업,섬유제품 제조업; 의복제외,중소기업,33.0,서울 금천구,1,2026-08-01 02:44:01
재무건전성,경영혁신형 중소기업(메인비즈),주식회사한국앤컴퍼니,제조업,섬유제품 제조업; 의복제외,중소기업,11.0,,1,2026-08-01 02:44:01
재무건전성,경영혁신형 중소기업(메인비즈),영창제강(주),제조업,섬유제품 제조업; 의복제외,중소기업,21.0,경남 김해시,1,2026-08-01 02:44:01
재무건전성,경영혁신형 중소기업(메인비즈),(주)대경트리플,제조업,섬유제품 제조업; 의복제외,,,대구 달서구,0,2026-08-01 02:44:01
재무건전성,경영혁신형 중소기업(메인비즈),(주)에코죤,제조업,섬유제품 제조업; 의복제외,,,경기 남양주시,0,2026-08-01 02:44:01
재무건전성,경영혁신형 중소기업(메인비즈),주식회사 디에스에스텍스타일,제조업,섬유제품 제조업; 의복제외,중소기업,,대구 서구,0,2026-08-01 02:44:01
재무건전성,경영혁신형 중소기업(메인비즈),(주)에스에이치테크놀로지,제조업,섬유제품 제조업; 의복제외,중소기업,11.0,경남 사천시,0,2026-08-01 02:44:01
재무건전성,경영혁신형 중소기업(메인비즈),아리아,제조업,섬유제품 제조업; 의복제외,,,대구 서구,0,2026-08-01 02:44:01
재무건전성,경영혁신형 중소기업(메인비즈),(주)텍스랜드,제조업,섬유제품 제조업; 의복제외,중소기업,30.0,경기 연천군,0,2026-08-01 02:44:01
재무건전성,경영혁신형 중소기업(메인비즈),(주)브리즈텍스,제조업,섬유제품 제조업; 의복제외,중소기업,16.0,서울 구로구,0,2026-08-01 02:44:01
재무건전성,경영혁신형 중소기업(메인비즈),주식회사 본투로드,제조업,섬유제품 제조업; 의복제외,,,부산 수영구,0,2026-08-01 02:44:01
재무건전성,경영혁신형 중소기업(메인비즈),엘앤에스텍스타일(주),제조업,섬유제품 제조업; 의복제외,중소기업,15.0,서울 송파구,0,2026-08-01 02:44:01
재무건전성,경영혁신형 중소기업(메인비즈),주식회사 서원테크,제조업,섬유제품 제조업; 의복제외,,,경북 경산시,0,2026-08-01 02:44:01
재무건전성,경영혁신형 중소기업(메인비즈),(주)수성피앤티,제조업,섬유제품 제조업; 의복제외,,,대구 군위군,0,2026-08-01 02:44:01
재무건전성,경영혁신형 중소기업(메인비즈),(주)키플러스,제조업,섬유제품 제조업; 의복제외,중소기업,19.0,경기 부천시,0,2026-08-01 02:44:01
재무건전성,경영혁신형 중소기업(메인비즈),화창한,제조업,섬유제품 제조업; 의복제외,,,대구 달성군,0,2026-08-01 02:44:01
재무건전성,경영혁신형 중소기업(메인비즈),용성제강,제조업,섬유제품 제조업; 의복제외,,,경남 김해시,0,2026-08-01 02:44:01
재무건전성,경영혁신형 중소기업(메인비즈),대영염공(주),제조업,섬유제품 제조업; 의복제외,중소기업,29.0,대구 서구,0,2026-08-01 02:44:01
재무건전성,경영혁신형 중소기업(메인비즈),(주)제일윈도텍스,제조업,섬유제품 제조업; 의복제외,중소기업,22.0,경북 경산시,0,2026-08-01 02:44:01
재무건전성,경영혁신형 중소기업(메인비즈),(주)케이씨아이,제조업,"의복, 의복 액세서리 및 모피제품 제조업",중소기업,32.0,경기 파주시,28,2026-08-01 02:44:01
재무건전성,경영혁신형 중소기업(메인비즈),주식회사 예감,제조업,"의복, 의복 액세서리 및 모피제품 제조업",중소기업,19.0,경기 하남시,26,2026-08-01 02:44:01
재무건전성,경영혁신형 중소기업(메인비즈),유니트아이엔씨(주),제조업,"의복, 의복 액세서리 및 모피제품 제조업",중소기업,104.0,서울 구로구,18,2026-08-01 02:44:01
재무건전성,경영혁신형 중소기업(메인비즈),(주)미첼,제조업,"의복, 의복 액세서리 및 모피제품 제조업",중소기업,51.0,전북 익산시,15,2026-08-01 02:44:01
재무건전성,경영혁신형 중소기업(메인비즈),주식회사 대한글로벌코리아,제조업,"의복, 의복 액세서리 및 모피제품 제조업",중소기업,36.0,서울 금천구,9,2026-08-01 02:44:01
재무건전성,경영혁신형 중소기업(메인비즈),동우모피(주),제조업,"의복, 의복 액세서리 및 모피제품 제조업",중소기업,46.0,서울 성북구,8,2026-08-01 02:44:01
재무건전성,경영혁신형 중소기업(메인비즈),(유)한빛기업,제조업,"의복, 의복 액세서리 및 모피제품 제조업",중소기업,13.0,,7,2026-08-01 02:44:01
재무건전성,경영혁신형 중소기업(메인비즈),(주)쏘랜드코리아,제조업,"의복, 의복 액세서리 및 모피제품 제조업",중소기업,22.0,경기 양평군,6,2026-08-01 02:44:01
재무건전성,경영혁신형 중소기업(메인비즈),(주)거림트렌드,제조업,"의복, 의복 액세서리 및 모피제품 제조업",중소기업,47.0,인천 부평구,5,2026-08-01 02:44:01
재무건전성,경영혁신형 중소기업(메인비즈),(주)미도물산,제조업,"의복, 의복 액세서리 및 모피제품 제조업",중소기업,27.0,서울 서대문구,5,2026-08-01 02:44:01
재무건전성,경영혁신형 중소기업(메인비즈),(주)위베네베네,제조업,"의복, 의복 액세서리 및 모피제품 제조업",중소기업,34.0,서울 성동구,5,2026-08-01 02:44:01
재무건전성,경영혁신형 중소기업(메인비즈),주식회사 보산,제조업,"의복, 의복 액세서리 및 모피제품 제조업",중소기업,19.0,,5,2026-08-01 02:44:01
재무건전성,경영혁신형 중소기업(메인비즈),(주)바이와이제이,제조업,"의복, 의복 액세서리 및 모피제품 제조업",중소기업,93.0,서울 강남구,4,2026-08-01 02:44:01
재무건전성,경영혁신형 중소기업(메인비즈),(주)굿트러스트,제조업,"의복, 의복 액세서리 및 모피제품 제조업",중소기업,77.0,부산 동구,4,2026-08-01 02:44:01
재무건전성,경영혁신형 중소기업(메인비즈),주식회사 엔에프엘,제조업,"의복, 의복 액세서리 및 모피제품 제조업",중소기업,30.0,서울 금천구,4,2026-08-01 02:44:01
재무건전성,경영혁신형 중소기업(메인비즈),부일특장(주),제조업,"의복, 의복 액세서리 및 모피제품 제조업",중소기업,14.0,,3,2026-08-01 02:44:01
재무건전성,경영혁신형 중소기업(메인비즈),(주)큐앤드비인터내셔날,제조업,"의복, 의복 액세서리 및 모피제품 제조업",중견기업,140.0,서울 강남구,3,2026-08-01 02:44:01
재무건전성,경영혁신형 중소기업(메인비즈),(주)어패럴테크,제조업,"의복, 의복 액세서리 및 모피제품 제조업",중견기업,102.0,서울 금천구,3,2026-08-01 02:44:01
재무건전성,경영혁신형 중소기업(메인비즈),대원에프앤드씨(주),제조업,"의복, 의복 액세서리 및 모피제품 제조업",중소기업,15.0,서울 성동구,2,2026-08-01 02:44:01
재무건전성,경영혁신형 중소기업(메인비즈),투민글로벌 주식회사,제조업,"의복, 의복 액세서리 및 모피제품 제조업",중소기업,12.0,경기 남양주시,2,2026-08-01 02:44:01
재무건전성,경영혁신형 중소기업(메인비즈),(주)비티알,제조업,"의복, 의복 액세서리 및 모피제품 제조업",중소기업,46.0,경남 양산시,2,2026-08-01 02:44:01
재무건전성,경영혁신형 중소기업(메인비즈),(주)벤제프,제조업,"의복, 의복 액세서리 및 모피제품 제조업",중소기업,57.0,서울 강남구,2,2026-08-01 02:44:01
재무건전성,경영혁신형 중소기업(메인비즈),모다끄레아(주),제조업,"의복, 의복 액세서리 및 모피제품 제조업",중소기업,17.0,경기 의정부시,2,2026-08-01 02:44:01
재무건전성,경영혁신형 중소기업(메인비즈),(주)엠에이치티,제조업,"의복, 의복 액세서리 및 모피제품 제조업",중소기업,41.0,서울 구로구,2,2026-08-01 02:44:01
재무건전성,경영혁신형 중소기업(메인비즈),(주)지엠아이,제조업,"의복, 의복 액세서리 및 모피제품 제조업",중소기업,52.0,서울 영등포구,2,2026-08-01 02:44:01
재무건전성,경영혁신형 중소기업(메인비즈),주식회사 한솔무역,제조업,"의복, 의복 액세서리 및 모피제품 제조업",중소기업,10.0,,2,2026-08-01 02:44:01
재무건전성,경영혁신형 중소기업(메인비즈),주식회사 미주앤디자인,제조업,"의복, 의복 액세서리 및 모피제품 제조업",중소기업,14.0,경기 포천시,2,2026-08-01 02:44:01
재무건전성,경영혁신형 중소기업(메인비즈),세양물산(주),제조업,"의복, 의복 액세서리 및 모피제품 제조업",중소기업,43.0,서울 강남구,2,2026-08-01 02:44:01
재무건전성,경영혁신형 중소기업(메인비즈),(주)티엘,제조업,"의복, 의복 액세서리 및 모피제품 제조업",중소기업,29.0,경기 부천시,2,2026-08-01 02:44:01
재무건전성,경영혁신형 중소기업(메인비즈),주식회사 아방,제조업,"의복, 의복 액세서리 및 모피제품 제조업",중소기업,53.0,서울 성동구,1,2026-08-01 02:44:01
재무건전성,경영혁신형 중소기업(메인비즈),주식회사 이공오,제조업,"의복, 의복 액세서리 및 모피제품 제조업",중소기업,31.0,서울 성동구,1,2026-08-01 02:44:01
재무건전성,경영혁신형 중소기업(메인비즈),(주)우양통상,제조업,"의복, 의복 액세서리 및 모피제품 제조업",중소기업,60.0,부산 동래구,1,2026-08-01 02:44:01
재무건전성,경영혁신형 중소기업(메인비즈),에프엑스알코리아(주),제조업,"의복, 의복 액세서리 및 모피제품 제조업",중소기업,17.0,경기 부천시 원미구,1,2026-08-01 02:44:01
재무건전성,경영혁신형 중소기업(메인비즈),(주)세인투게더,제조업,"의복, 의복 액세서리 및 모피제품 제조업",중소기업,40.0,서울 강남구,1,2026-08-01 02:44:01
재무건전성,경영혁신형 중소기업(메인비즈),(주)에이훠스트,제조업,"의복, 의복 액세서리 및 모피제품 제조업",중소기업,9.0,서울 구로구,1,2026-08-01 02:44:01
재무건전성,경영혁신형 중소기업(메인비즈),(주)와이아이씨,제조업,"의복, 의복 액세서리 및 모피제품 제조업",중소기업,34.0,서울 서초구,1,2026-08-01 02:44:01
재무건전성,경영혁신형 중소기업(메인비즈),주식회사 일상의친구,제조업,"의복, 의복 액세서리 및 모피제품 제조업",중소기업,18.0,서울 성북구,1,2026-08-01 02:44:01
재무건전성,경영혁신형 중소기업(메인비즈),에스티엠컴퍼니 주식회사,제조업,"의복, 의복 액세서리 및 모피제품 제조업",중소기업,22.0,서울 중구,1,2026-08-01 02:44:01
재무건전성,경영혁신형 중소기업(메인비즈),(주)아이앤유앤아이,제조업,"의복, 의복 액세서리 및 모피제품 제조업",중소기업,43.0,서울 강동구,1,2026-08-01 02:44:01
재무건전성,경영혁신형 중소기업(메인비즈),알트코리아(주),제조업,"의복, 의복 액세서리 및 모피제품 제조업",,,울산 남구,0,2026-08-01 02:44:01
재무건전성,경영혁신형 중소기업(메인비즈),(주)큐비앤맘,제조업,"의복, 의복 액세서리 및 모피제품 제조업",중소기업,16.0,경기 고양시 일산동구,0,2026-08-01 02:44:01
재무건전성,경영혁신형 중소기업(메인비즈),주식회사 아일라글로벌,제조업,"의복, 의복 액세서리 및 모피제품 제조업",,,서울 송파구,0,2026-08-01 02:44:01
재무건전성,경영혁신형 중소기업(메인비즈),주식회사 네오킴,제조업,"의복, 의복 액세서리 및 모피제품 제조업",중소기업,9.0,경기 성남시 중원구,0,2026-08-01 02:44:01
재무건전성,경영혁신형 중소기업(메인비즈),(주)미도컴퍼니,제조업,"의복, 의복 액세서리 및 모피제품 제조업",중소기업,90.0,서울 금천구,0,2026-08-01 02:44:01
재무건전성,경영혁신형 중소기업(메인비즈),진성산업,제조업,"의복, 의복 액세서리 및 모피제품 제조업",,,서울 광진구,0,2026-08-01 02:44:01
재무건전성,경영혁신형 중소기업(메인비즈),(주)하나산업,제조업,"의복, 의복 액세서리 및 모피제품 제조업",,,부산 기장군,0,2026-08-01 02:44:01
재무건전성,경영혁신형 중소기업(메인비즈),(주)기수케이트레이딩,제조업,"의복, 의복 액세서리 및 모피제품 제조업",중소기업,37.0,서울 서초구,0,2026-08-01 02:44:01
재무건전성,경영혁신형 중소기업(메인비즈),(주)고감,제조업,"의복, 의복 액세서리 및 모피제품 제조업",중소기업,11.0,서울 구로구,0,2026-08-01 02:44:01
재무건전성,경영혁신형 중소기업(메인비즈),(주)지지,제조업,"의복, 의복 액세서리 및 모피제품 제조업",중소기업,52.0,서울 중구,0,2026-08-01 02:44:01
재무건전성,경영혁신형 중소기업(메인비즈),(주)아이블에프앤씨,제조업,"의복, 의복 액세서리 및 모피제품 제조업",,,서울 금천구,0,2026-08-01 02:44:01
재무건전성,경영혁신형 중소기업(메인비즈),주식회사 세화어패럴,제조업,"의복, 의복 액세서리 및 모피제품 제조업",,,대구 서구,0,2026-08-01 02:44:01
재무건전성,경영혁신형 중소기업(메인비즈),(주)롤리조쓰컴퍼니,제조업,"의복, 의복 액세서리 및 모피제품 제조업",중소기업,11.0,서울 성동구,0,2026-08-01 02:44:01
재무건전성,경영혁신형 중소기업(메인비즈),주식회사 한일,제조업,"의복, 의복 액세서리 및 모피제품 제조업",,,,0,2026-08-01 02:44:01
재무건전성,경영혁신형 중소기업(메인비즈),(주)재키에프앤씨,제조업,"의복, 의복 액세서리 및 모피제품 제조업",중소기업,50.0,서울 성북구,0,2026-08-01 02:44:01
재무건전성,경영혁신형 중소기업(메인비즈),(주)하해,제조업,"의복, 의복 액세서리 및 모피제품 제조업",중견기업,114.0,서울 금천구,0,2026-08-01 02:44:01
재무건전성,경영혁신형 중소기업(메인비즈),주식회사에프티앤,제조업,"의복, 의복 액세서리 및 모피제품 제조업",중견기업,70.0,서울 구로구,0,2026-08-01 02:44:01
재무건전성,경영혁신형 중소기업(메인비즈),(주)케이엘림뉴스타,제조업,"의복, 의복 액세서리 및 모피제품 제조업",중소기업,24.0,서울 구로구,0,2026-08-01 02:44:01
재무건전성,경영혁신형 중소기업(메인비즈),주식회사 아은,제조업,"의복, 의복 액세서리 및 모피제품 제조업",중소기업,30.0,서울 금천구,0,2026-08-01 02:44:01
재무건전성,경영혁신형 중소기업(메인비즈),(주)캠포에버코리아,제조업,"의복, 의복 액세서리 및 모피제품 제조업",중소기업,5.0,서울 성동구,0,2026-08-01 02:44:01
재무건전성,경영혁신형 중소기업(메인비즈),(주)경도상사,제조업,"의복, 의복 액세서리 및 모피제품 제조업",,,경남 김해시,0,2026-08-01 02:44:01
재무건전성,경영혁신형 중소기업(메인비즈),주식회사 룩캐스트,제조업,"의복, 의복 액세서리 및 모피제품 제조업",중소기업,15.0,서울 중구,0,2026-08-01 02:44:01
재무건전성,경영혁신형 중소기업(메인비즈),주식회사 김인태김해김,제조업,"의복, 의복 액세서리 및 모피제품 제조업",,,서울 종로구,0,2026-08-01 02:44:01
재무건전성,경영혁신형 중소기업(메인비즈),(주)야드인,제조업,"의복, 의복 액세서리 및 모피제품 제조업",,,서울 종로구,0,2026-08-01 02:44:01
재무건전성,경영혁신형 중소기업(메인비즈),(주)슈올즈,제조업,"가죽, 가방 및 신발 제조업",중소기업,70.0,충남 천안시 서북구,18,2026-08-01 02:44:01
재무건전성,경영혁신형 중소기업(메인비즈),(주)라피네컬렉션,제조업,"가죽, 가방 및 신발 제조업",중소기업,17.0,서울 구로구,7,2026-08-01 02:44:01
재무건전성,경영혁신형 중소기업(메인비즈),(주)보스산업,제조업,"가죽, 가방 및 신발 제조업",중소기업,110.0,부산 사상구,7,2026-08-01 02:44:01
재무건전성,경영혁신형 중소기업(메인비즈),(주)디자인랩,제조업,"가죽, 가방 및 신발 제조업",중소기업,10.0,서울 강동구,2,2026-08-01 02:44:01
재무건전성,경영혁신형 중소기업(메인비즈),(주)엘앤에스,제조업,"가죽, 가방 및 신발 제조업",중소기업,19.0,경기 안양시 만안구,0,2026-08-01 02:44:01
재무건전성,경영혁신형 중소기업(메인비즈),(주)폰에이씨씨,제조업,"가죽, 가방 및 신발 제조업",중소기업,,서울 영등포구,0,2026-08-01 02:44:01
재무건전성,경영혁신형 중소기업(메인비즈),주식회사 두원,제조업,"가죽, 가방 및 신발 제조업",중소기업,15.0,경기 포천시,0,2026-08-01 02:44:01
재무건전성,경영혁신형 중소기업(메인비즈),유한회사 대영합판,제조업,목재 및 나무제품 제조업; 가구 제외,중소기업,45.0,,67,2026-08-01 02:44:01
재무건전성,경영혁신형 중소기업(메인비즈),주식회사 비젼월드,제조업,목재 및 나무제품 제조업; 가구 제외,중소기업,34.0,충남 천안시 서북구,44,2026-08-01 02:44:01
재무건전성,경영혁신형 중소기업(메인비즈),(주)성은글로벌,제조업,목재 및 나무제품 제조업; 가구 제외,중소기업,42.0,,29,2026-08-01 02:44:01
재무건전성,경영혁신형 중소기업(메인비즈),(주)광진상사,제조업,목재 및 나무제품 제조업; 가구 제외,중소기업,17.0,경북 경산시,25,2026-08-01 02:44:01
재무건전성,경영혁신형 중소기업(메인비즈),주식회사 재현인텍스,제조업,목재 및 나무제품 제조업; 가구 제외,중소기업,201.0,경기 광주시,20,2026-08-01 02:44:01
재무건전성,경영혁신형 중소기업(메인비즈),(주)예다지,제조업,목재 및 나무제품 제조업; 가구 제외,중소기업,53.0,경기 화성시,19,2026-08-01 02:44:01
재무건전성,경영혁신형 중소기업(메인비즈),(주)동양목재,제조업,목재 및 나무제품 제조업; 가구 제외,중소기업,18.0,,18,2026-08-01 02:44:01
재무건전성,경영혁신형 중소기업(메인비즈),(주)남창,제조업,목재 및 나무제품 제조업; 가구 제외,중소기업,43.0,경남 창녕군,16,2026-08-01 02:44:01
재무건전성,경영혁신형 중소기업(메인비즈),(주)경림,제조업,목재 및 나무제품 제조업; 가구 제외,중소기업,49.0,경북 경주시,12,2026-08-01 02:44:01
재무건전성,경영혁신형 중소기업(메인비즈),비젼이엔에스(주),제조업,목재 및 나무제품 제조업; 가구 제외,중소기업,12.0,경기 평택시,12,2026-08-01 02:44:01
재무건전성,경영혁신형 중소기업(메인비즈),(주)제일목재산업,제조업,목재 및 나무제품 제조업; 가구 제외,중소기업,17.0,경남 김해시,12,2026-08-01 02:44:01
재무건전성,경영혁신형 중소기업(메인비즈),건창기업(주),제조업,목재 및 나무제품 제조업; 가구 제외,중소기업,21.0,,10,2026-08-01 02:44:01
재무건전성,경영혁신형 중소기업(메인비즈),(주)티지엘,제조업,목재 및 나무제품 제조업; 가구 제외,중소기업,31.0,대전 대덕구,9,2026-08-01 02:44:01
재무건전성,경영혁신형 중소기업(메인비즈),영도목재(주),제조업,목재 및 나무제품 제조업; 가구 제외,중소기업,32.0,인천 남동구,9,2026-08-01 02:44:01
재무건전성,경영혁신형 중소기업(메인비즈),(주)헬스리아,제조업,목재 및 나무제품 제조업; 가구 제외,중소기업,10.0,서울 성동구,6,2026-08-01 02:44:01
재무건전성,경영혁신형 중소기업(메인비즈),(주)목양,제조업,목재 및 나무제품 제조업; 가구 제외,중소기업,26.0,경남 함안군,6,2026-08-01 02:44:01
재무건전성,경영혁신형 중소기업(메인비즈),(주)홈앤디포,제조업,목재 및 나무제품 제조업; 가구 제외,중소기업,28.0,경기 광주시,6,2026-08-01 02:44:01
재무건전성,경영혁신형 중소기업(메인비즈),주식회사 미래우드,제조업,목재 및 나무제품 제조업; 가구 제외,중소기업,22.0,경기 용인시 처인구,6,2026-08-01 02:44:01
재무건전성,경영혁신형 중소기업(메인비즈),(주)풍산마루,제조업,목재 및 나무제품 제조업; 가구 제외,중소기업,20.0,경기 평택시,4,2026-08-01 02:44:01
재무건전성,경영혁신형 중소기업(메인비즈),주식회사대흥수출포장,제조업,목재 및 나무제품 제조업; 가구 제외,중소기업,,경남 함안군,4,2026-08-01 02:44:01
재무건전성,경영혁신형 중소기업(메인비즈),상아목재주식회사,제조업,목재 및 나무제품 제조업; 가구 제외,중소기업,13.0,,4,2026-08-01 02:44:01
재무건전성,경영혁신형 중소기업(메인비즈),(주)기근산업,제조업,목재 및 나무제품 제조업; 가구 제외,중소기업,21.0,충남 아산시,3,2026-08-01 02:44:01
재무건전성,경영혁신형 중소기업(메인비즈),(주)건우기업,제조업,목재 및 나무제품 제조업; 가구 제외,중소기업,16.0,경기 김포시,2,2026-08-01 02:44:01
재무건전성,경영혁신형 중소기업(메인비즈),주식회사 유한팀버,제조업,목재 및 나무제품 제조업; 가구 제외,중소기업,13.0,,2,2026-08-01 02:44:01
재무건전성,경영혁신형 중소기업(메인비즈),(주)대일임업,제조업,목재 및 나무제품 제조업; 가구 제외,중소기업,22.0,,0,2026-08-01 02:44:01
재무건전성,경영혁신형 중소기업(메인비즈),(주)동명산업,제조업,목재 및 나무제품 제조업; 가구 제외,중소기업,5.0,경북 칠곡군,0,2026-08-01 02:44:01
재무건전성,경영혁신형 중소기업(메인비즈),(주)두산종합목재,제조업,목재 및 나무제품 제조업; 가구 제외,,,경남 진주시,0,2026-08-01 02:44:01
재무건전성,경영혁신형 중소기업(메인비즈),(주)조선우드,제조업,목재 및 나무제품 제조업; 가구 제외,중소기업,10.0,,0,2026-08-01 02:44:01
재무건전성,경영혁신형 중소기업(메인비즈),(주)세종아이피,제조업,목재 및 나무제품 제조업; 가구 제외,,,경기 김포시,0,2026-08-01 02:44:01
재무건전성,경영혁신형 중소기업(메인비즈),(주) 부자목재산업,제조업,목재 및 나무제품 제조업; 가구 제외,,,부산 강서구,0,2026-08-01 02:44:01
재무건전성,경영혁신형 중소기업(메인비즈),유신메라민공업 (주),제조업,목재 및 나무제품 제조업; 가구 제외,,,경기 안산시 단원구,0,2026-08-01 02:44:01
재무건전성,경영혁신형 중소기업(메인비즈),영풍목재(주),제조업,목재 및 나무제품 제조업; 가구 제외,,,,0,2026-08-01 02:44:01
재무건전성,경영혁신형 중소기업(메인비즈),주식회사 종이나라,제조업,"펄프, 종이 및 종이제품 제조업",중소기업,212.0,충북 충주시,106,2026-08-01 02:44:01
재무건전성,경영혁신형 중소기업(메인비즈),(주)교하산업,제조업,"펄프, 종이 및 종이제품 제조업",중소기업,73.0,경북 포항시 남구,104,2026-08-01 02:44:01
재무건전성,경영혁신형 중소기업(메인비즈),(주)영화수출포장,제조업,"펄프, 종이 및 종이제품 제조업",중소기업,80.0,인천 남동구,50,2026-08-01 02:44:01
재무건전성,경영혁신형 중소기업(메인비즈),"주식회사캠프투 (CAMP2Co.,Ltd)",제조업,"펄프, 종이 및 종이제품 제조업",중소기업,79.0,경기 양주시,48,2026-08-01 02:44:01
재무건전성,경영혁신형 중소기업(메인비즈),(주)대성산업,제조업,"펄프, 종이 및 종이제품 제조업",중소기업,29.0,경기 남양주시,46,2026-08-01 02:44:01
재무건전성,경영혁신형 중소기업(메인비즈),대원팩키지(주),제조업,"펄프, 종이 및 종이제품 제조업",중소기업,41.0,경기 시흥시,44,2026-08-01 02:44:01
재무건전성,경영혁신형 중소기업(메인비즈),(주)토빅스,제조업,"펄프, 종이 및 종이제품 제조업",중소기업,77.0,경기 파주시,40,2026-08-01 02:44:01
재무건전성,경영혁신형 중소기업(메인비즈),화성포장산업 주식회사,제조업,"펄프, 종이 및 종이제품 제조업",중소기업,17.0,제주 서귀포시,39,2026-08-01 02:44:01
재무건전성,경영혁신형 중소기업(메인비즈),(주)대세물산,제조업,"펄프, 종이 및 종이제품 제조업",중소기업,17.0,대구 달성군,39,2026-08-01 02:44:01
재무건전성,경영혁신형 중소기업(메인비즈),주식회사 송운사,제조업,"펄프, 종이 및 종이제품 제조업",중소기업,94.0,경기 파주시,36,2026-08-01 02:44:01
재무건전성,경영혁신형 중소기업(메인비즈),(주) 삼미,제조업,"펄프, 종이 및 종이제품 제조업",중소기업,13.0,충남 천안시 서북구,29,2026-08-01 02:44:01
재무건전성,경영혁신형 중소기업(메인비즈),(주)일동엘앤비,제조업,"펄프, 종이 및 종이제품 제조업",중소기업,25.0,충북 음성군,29,2026-08-01 02:44:01
재무건전성,경영혁신형 중소기업(메인비즈),한솔판지 주식회사,제조업,"펄프, 종이 및 종이제품 제조업",중소기업,27.0,경기 포천시,28,2026-08-01 02:44:01
재무건전성,경영혁신형 중소기업(메인비즈),삼성포장 주식회사,제조업,"펄프, 종이 및 종이제품 제조업",중소기업,93.0,경북 경산시,28,2026-08-01 02:44:01
재무건전성,경영혁신형 중소기업(메인비즈),주식회사대원테크,제조업,"펄프, 종이 및 종이제품 제조업",중소기업,,경기 포천시,27,2026-08-01 02:44:01
재무건전성,경영혁신형 중소기업(메인비즈),주식회사 누리참,제조업,"펄프, 종이 및 종이제품 제조업",중소기업,33.0,경북 경산시,26,2026-08-01 02:44:01
재무건전성,경영혁신형 중소기업(메인비즈),(주)우리포장산업,제조업,"펄프, 종이 및 종이제품 제조업",중소기업,18.0,,25,2026-08-01 02:44:01
재무건전성,경영혁신형 중소기업(메인비즈),에이스팩주식회사,제조업,"펄프, 종이 및 종이제품 제조업",중소기업,338.0,경기 안성시,25,2026-08-01 02:44:01
재무건전성,경영혁신형 중소기업(메인비즈),(주)월드산업본점,제조업,"펄프, 종이 및 종이제품 제조업",중소기업,,경기 고양시 일산동구,24,2026-08-01 02:44:01
재무건전성,경영혁신형 중소기업(메인비즈),(주)삼정비스콤,제조업,"펄프, 종이 및 종이제품 제조업",중소기업,26.0,서울 강서구,24,2026-08-01 02:44:01
재무건전성,경영혁신형 중소기업(메인비즈),(주)신우수출포장,제조업,"펄프, 종이 및 종이제품 제조업",중소기업,25.0,,22,2026-08-01 02:44:01
재무건전성,경영혁신형 중소기업(메인비즈),창성포장(주),제조업,"펄프, 종이 및 종이제품 제조업",중소기업,24.0,경기 시흥시,20,2026-08-01 02:44:01
재무건전성,경영혁신형 중소기업(메인비즈),국일특수지(주),제조업,"펄프, 종이 및 종이제품 제조업",중소기업,35.0,경기 파주시,20,2026-08-01 02:44:01
재무건전성,경영혁신형 중소기업(메인비즈),(주)삼성칼라팩,제조업,"펄프, 종이 및 종이제품 제조업",중소기업,21.0,충남 천안시 서북구,16,2026-08-01 02:44:01
재무건전성,경영혁신형 중소기업(메인비즈),(주)오주포장,제조업,"펄프, 종이 및 종이제품 제조업",중소기업,55.0,경기 안성시,14,2026-08-01 02:44:01
재무건전성,경영혁신형 중소기업(메인비즈),(주)에스와이,제조업,"펄프, 종이 및 종이제품 제조업",중소기업,34.0,인천 남동구,13,2026-08-01 02:44:01
재무건전성,경영혁신형 중소기업(메인비즈),(주)동방제지,제조업,"펄프, 종이 및 종이제품 제조업",중소기업,36.0,경기 하남시,13,2026-08-01 02:44:01
재무건전성,경영혁신형 중소기업(메인비즈),덕영산업(주),제조업,"펄프, 종이 및 종이제품 제조업",중소기업,50.0,충북 제천시,12,2026-08-01 02:44:01
재무건전성,경영혁신형 중소기업(메인비즈),(주)비오엑스,제조업,"펄프, 종이 및 종이제품 제조업",중소기업,33.0,충북 음성군,12,2026-08-01 02:44:01
재무건전성,경영혁신형 중소기업(메인비즈),씨와이패키지주식회사,제조업,"펄프, 종이 및 종이제품 제조업",중소기업,3.0,경기 안성시,11,2026-08-01 02:44:01
재무건전성,경영혁신형 중소기업(메인비즈),(주)금성칼라팩,제조업,"펄프, 종이 및 종이제품 제조업",중소기업,33.0,경북 성주군,10,2026-08-01 02:44:01
재무건전성,경영혁신형 중소기업(메인비즈),신덕산업(주),제조업,"펄프, 종이 및 종이제품 제조업",중소기업,49.0,충남 아산시,10,2026-08-01 02:44:01
재무건전성,경영혁신형 중소기업(메인비즈),(주)지원피앤씨,제조업,"펄프, 종이 및 종이제품 제조업",중소기업,21.0,인천 남동구,10,2026-08-01 02:44:01
재무건전성,경영혁신형 중소기업(메인비즈),주식회사내포수출포장,제조업,"펄프, 종이 및 종이제품 제조업",중소기업,5.0,충남 홍성군,9,2026-08-01 02:44:01
재무건전성,경영혁신형 중소기업(메인비즈),(주)청아판지팩,제조업,"펄프, 종이 및 종이제품 제조업",중소기업,14.0,경기 화성시,8,2026-08-01 02:44:01
재무건전성,경영혁신형 중소기업(메인비즈),(주)유진포장,제조업,"펄프, 종이 및 종이제품 제조업",중소기업,10.0,경기 화성시,7,2026-08-01 02:44:01
재무건전성,경영혁신형 중소기업(메인비즈),주식회사 현진패키지,제조업,"펄프, 종이 및 종이제품 제조업",중소기업,5.0,부산 강서구,7,2026-08-01 02:44:01
재무건전성,경영혁신형 중소기업(메인비즈),(주)광진포장,제조업,"펄프, 종이 및 종이제품 제조업",중소기업,25.0,울산 울주군,7,2026-08-01 02:44:01
재무건전성,경영혁신형 중소기업(메인비즈),금성포장공업(주),제조업,"펄프, 종이 및 종이제품 제조업",중소기업,35.0,경북 고령군,6,2026-08-01 02:44:01
재무건전성,경영혁신형 중소기업(메인비즈),주식회사 협진티슈,제조업,"펄프, 종이 및 종이제품 제조업",중소기업,15.0,경기 파주시,5,2026-08-01 02:44:01
재무건전성,경영혁신형 중소기업(메인비즈),태경전산폼(주),제조업,"펄프, 종이 및 종이제품 제조업",중소기업,9.0,서울 금천구,5,2026-08-01 02:44:01
재무건전성,경영혁신형 중소기업(메인비즈),주식회사 마운틴,제조업,"펄프, 종이 및 종이제품 제조업",중소기업,14.0,경기 김포시,5,2026-08-01 02:44:01
재무건전성,경영혁신형 중소기업(메인비즈),(주)승산팩,제조업,"펄프, 종이 및 종이제품 제조업",중소기업,35.0,경남 김해시,4,2026-08-01 02:44:01
재무건전성,경영혁신형 중소기업(메인비즈),(주)남영판지,제조업,"펄프, 종이 및 종이제품 제조업",중소기업,,경기 시흥시,4,2026-08-01 02:44:01
재무건전성,경영혁신형 중소기업(메인비즈),(주)일성테크,제조업,"펄프, 종이 및 종이제품 제조업",중소기업,,경기 광주시,3,2026-08-01 02:44:01
재무건전성,경영혁신형 중소기업(메인비즈),(주)조우니,제조업,"펄프, 종이 및 종이제품 제조업",중소기업,27.0,경기 파주시,3,2026-08-01 02:44:01
재무건전성,경영혁신형 중소기업(메인비즈),(주)제이에스글로벌,제조업,"펄프, 종이 및 종이제품 제조업",중소기업,,충남 서산시,3,2026-08-01 02:44:01
재무건전성,경영혁신형 중소기업(메인비즈),정일포장 (주),제조업,"펄프, 종이 및 종이제품 제조업",중소기업,17.0,경기 안성시,2,2026-08-01 02:44:01
재무건전성,경영혁신형 중소기업(메인비즈),대양산업,제조업,"펄프, 종이 및 종이제품 제조업",중소기업,,경기 안성시,2,2026-08-01 02:44:01
재무건전성,경영혁신형 중소기업(메인비즈),(주)현성기업,제조업,"펄프, 종이 및 종이제품 제조업",중소기업,12.0,경기 용인시 처인구,2,2026-08-01 02:44:01
재무건전성,경영혁신형 중소기업(메인비즈),(주)금풍,제조업,"펄프, 종이 및 종이제품 제조업",중소기업,51.0,충남 금산군,2,2026-08-01 02:44:01
재무건전성,경영혁신형 중소기업(메인비즈),주식회사 기주,제조업,"펄프, 종이 및 종이제품 제조업",중소기업,24.0,경기 화성시,1,2026-08-01 02:44:01
재무건전성,경영혁신형 중소기업(메인비즈),세풍지업상사,제조업,"펄프, 종이 및 종이제품 제조업",,,대전 동구,0,2026-08-01 02:44:01
재무건전성,경영혁신형 중소기업(메인비즈),주식회사 거성리사이클링,제조업,"펄프, 종이 및 종이제품 제조업",중소기업,14.0,경기 고양시 일산동구,0,2026-08-01 02:44:01
재무건전성,경영혁신형 중소기업(메인비즈),주식회사 코스피앤디,제조업,"펄프, 종이 및 종이제품 제조업",중소기업,24.0,경기 광주시,0,2026-08-01 02:44:01
재무건전성,경영혁신형 중소기업(메인비즈),주식회사대세기업,제조업,"펄프, 종이 및 종이제품 제조업",중소기업,34.0,대구 달성군,0,2026-08-01 02:44:01
재무건전성,경영혁신형 중소기업(메인비즈),일성지관,제조업,"펄프, 종이 및 종이제품 제조업",,,경기 시흥시,0,2026-08-01 02:44:01
재무건전성,경영혁신형 중소기업(메인비즈),(주)당호제지,제조업,"펄프, 종이 및 종이제품 제조업",,,경남 밀양시,0,2026-08-01 02:44:01
재무건전성,경영혁신형 중소기업(메인비즈),동남수출포장(주),제조업,"펄프, 종이 및 종이제품 제조업",,,충남 천안시 동남구,0,2026-08-01 02:44:01
재무건전성,경영혁신형 중소기업(메인비즈),삼부전산,제조업,"펄프, 종이 및 종이제품 제조업",,,경기 고양시 일산동구,0,2026-08-01 02:44:01
재무건전성,경영혁신형 중소기업(메인비즈),선호칼라팩,제조업,"펄프, 종이 및 종이제품 제조업",,,충북 청주시 흥덕구,0,2026-08-01 02:44:01
재무건전성,경영혁신형 중소기업(메인비즈),주식회사 상일이앤피,제조업,"펄프, 종이 및 종이제품 제조업",,,경기 파주시,0,2026-08-01 02:44:01
재무건전성,경영혁신형 중소기업(메인비즈),(주)투데이아트,제조업,인쇄 및 기록매체 복제업,중견기업,138.0,서울 중구,91,2026-08-01 02:44:01
재무건전성,경영혁신형 중소기업(메인비즈),삼원인쇄(주),제조업,인쇄 및 기록매체 복제업,중소기업,147.0,경기 김포시,64,2026-08-01 02:44:01
재무건전성,경영혁신형 중소기업(메인비즈),(주)신원인팩,제조업,인쇄 및 기록매체 복제업,중소기업,66.0,경기 김포시,56,2026-08-01 02:44:01
재무건전성,경영혁신형 중소기업(메인비즈),덕성기획(주),제조업,인쇄 및 기록매체 복제업,중소기업,32.0,경기 부천시,29,2026-08-01 02:44:01
재무건전성,경영혁신형 중소기업(메인비즈),와우프레스(주),제조업,인쇄 및 기록매체 복제업,중소기업,175.0,대구 달서구,26,2026-08-01 02:44:01
재무건전성,경영혁신형 중소기업(메인비즈),국제인쇄(주),제조업,인쇄 및 기록매체 복제업,중소기업,90.0,부산 사상구,23,2026-08-01 02:44:01
재무건전성,경영혁신형 중소기업(메인비즈),(주)영신피앤엘,제조업,인쇄 및 기록매체 복제업,중소기업,96.0,경기 하남시,21,2026-08-01 02:44:01
재무건전성,경영혁신형 중소기업(메인비즈),(주) 선명제본,제조업,인쇄 및 기록매체 복제업,중소기업,41.0,서울 성동구,19,2026-08-01 02:44:01
재무건전성,경영혁신형 중소기업(메인비즈),삼화프린팅(주),제조업,인쇄 및 기록매체 복제업,중소기업,,경기 파주시,13,2026-08-01 02:44:01
재무건전성,경영혁신형 중소기업(메인비즈),세종씨앤피주식회사,제조업,인쇄 및 기록매체 복제업,중소기업,93.0,서울 성동구,12,2026-08-01 02:44:01
재무건전성,경영혁신형 중소기업(메인비즈),청명전산 주식회사,제조업,인쇄 및 기록매체 복제업,중소기업,15.0,경기 수원시 권선구,12,2026-08-01 02:44:01
재무건전성,경영혁신형 중소기업(메인비즈),삼성엘리트인쇄(주),제조업,인쇄 및 기록매체 복제업,중소기업,41.0,경기 고양시 일산동구,10,2026-08-01 02:44:01
재무건전성,경영혁신형 중소기업(메인비즈),주식회사 다원기획,제조업,인쇄 및 기록매체 복제업,중소기업,,세종,10,2026-08-01 02:44:01
재무건전성,경영혁신형 중소기업(메인비즈),(주)동부피앤비,제조업,인쇄 및 기록매체 복제업,중소기업,27.0,서울 성동구,9,2026-08-01 02:44:01
재무건전성,경영혁신형 중소기업(메인비즈),주식회사 인터프로커뮤니케이션,제조업,인쇄 및 기록매체 복제업,중소기업,68.0,서울 중구,9,2026-08-01 02:44:01
재무건전성,경영혁신형 중소기업(메인비즈),주식회사 해광,제조업,인쇄 및 기록매체 복제업,중소기업,96.0,경기 남양주시,7,2026-08-01 02:44:01
재무건전성,경영혁신형 중소기업(메인비즈),주식회사 에스아이팩,제조업,인쇄 및 기록매체 복제업,중소기업,21.0,경기 광주시,7,2026-08-01 02:44:01
재무건전성,경영혁신형 중소기업(메인비즈),주식회사 명진씨앤피,제조업,인쇄 및 기록매체 복제업,중소기업,25.0,서울 영등포구,6,2026-08-01 02:44:01
재무건전성,경영혁신형 중소기업(메인비즈),우신화학(주),제조업,인쇄 및 기록매체 복제업,중소기업,26.0,경남 김해시,4,2026-08-01 02:44:01
재무건전성,경영혁신형 중소기업(메인비즈),은성정밀인쇄(주),제조업,인쇄 및 기록매체 복제업,중소기업,46.0,경기 파주시,4,2026-08-01 02:44:01
재무건전성,경영혁신형 중소기업(메인비즈),신광강판인쇄(주),제조업,인쇄 및 기록매체 복제업,중소기업,135.0,충남 예산군,3,2026-08-01 02:44:01
재무건전성,경영혁신형 중소기업(메인비즈),(주)서경문화,제조업,인쇄 및 기록매체 복제업,중소기업,20.0,서울 중구,2,2026-08-01 02:44:01
재무건전성,경영혁신형 중소기업(메인비즈),(주)에스티커뮤니케이션즈,제조업,인쇄 및 기록매체 복제업,중소기업,16.0,대구 달서구,2,2026-08-01 02:44:01
재무건전성,경영혁신형 중소기업(메인비즈),(주)윙윙(wing wing),제조업,인쇄 및 기록매체 복제업,중소기업,76.0,경기 포천시,2,2026-08-01 02:44:01
재무건전성,경영혁신형 중소기업(메인비즈),큐디자인,제조업,인쇄 및 기록매체 복제업,중소기업,,서울 중구,2,2026-08-01 02:44:01
재무건전성,경영혁신형 중소기업(메인비즈),태창문예인쇄(주),제조업,인쇄 및 기록매체 복제업,중소기업,24.0,서울 성동구,1,2026-08-01 02:44:01
재무건전성,경영혁신형 중소기업(메인비즈),한글그라픽스,제조업,인쇄 및 기록매체 복제업,중소기업,15.0,부산 부산진구,1,2026-08-01 02:44:01
재무건전성,경영혁신형 중소기업(메인비즈),주식회사 경인디앤피,제조업,인쇄 및 기록매체 복제업,중소기업,,서울 중구,1,2026-08-01 02:44:01
재무건전성,경영혁신형 중소기업(메인비즈),(주)조인트크리에이티브,제조업,인쇄 및 기록매체 복제업,중소기업,29.0,서울 강남구,1,2026-08-01 02:44:01
재무건전성,경영혁신형 중소기업(메인비즈),디엠코리아(주),제조업,인쇄 및 기록매체 복제업,중소기업,25.0,경기 의왕시,1,2026-08-01 02:44:01
재무건전성,경영혁신형 중소기업(메인비즈),문성원색,제조업,인쇄 및 기록매체 복제업,중소기업,18.0,경기 고양시 일산동구,0,2026-08-01 02:44:01
재무건전성,경영혁신형 중소기업(메인비즈),(주)우진코니티,제조업,인쇄 및 기록매체 복제업,중소기업,10.0,경기 파주시,0,2026-08-01 02:44:01
재무건전성,경영혁신형 중소기업(메인비즈),주식회사디엔비크리에이티브,제조업,인쇄 및 기록매체 복제업,중소기업,8.0,서울 중구,0,2026-08-01 02:44:01
재무건전성,경영혁신형 중소기업(메인비즈),돋음,제조업,인쇄 및 기록매체 복제업,,,부산 해운대구,0,2026-08-01 02:44:01
재무건전성,경영혁신형 중소기업(메인비즈),한양코팅,제조업,인쇄 및 기록매체 복제업,,,경기 김포시,0,2026-08-01 02:44:01
재무건전성,경영혁신형 중소기업(메인비즈),삼영정밀인쇄사,제조업,인쇄 및 기록매체 복제업,,,대구 달서구,0,2026-08-01 02:44:01
재무건전성,경영혁신형 중소기업(메인비즈),(주)대원문화사,제조업,인쇄 및 기록매체 복제업,,,서울 성동구,0,2026-08-01 02:44:01
재무건전성,경영혁신형 중소기업(메인비즈),방형식디자인,제조업,인쇄 및 기록매체 복제업,,,서울 금천구,0,2026-08-01 02:44:01
재무건전성,경영혁신형 중소기업(메인비즈),과성제책사,제조업,인쇄 및 기록매체 복제업,,,경기 고양시 일산동구,0,2026-08-01 02:44:01
재무건전성,경영혁신형 중소기업(메인비즈),한국소문사,제조업,인쇄 및 기록매체 복제업,,,경기 파주시,0,2026-08-01 02:44:01
재무건전성,경영혁신형 중소기업(메인비즈),주식회사 조양출판인쇄,제조업,인쇄 및 기록매체 복제업,중소기업,18.0,경기 파주시,0,2026-08-01 02:44:01
재무건전성,경영혁신형 중소기업(메인비즈),성호프린텍,제조업,인쇄 및 기록매체 복제업,,,경기 부천시,0,2026-08-01 02:44:01
재무건전성,경영혁신형 중소기업(메인비즈),영프린팅,제조업,인쇄 및 기록매체 복제업,,,경기 고양시 일산동구,0,2026-08-01 02:44:01
재무건전성,경영혁신형 중소기업(메인비즈),주식회사 상림크리에이티브,제조업,인쇄 및 기록매체 복제업,,,서울 중구,0,2026-08-01 02:44:01
재무건전성,경영혁신형 중소기업(메인비즈),(주)명진에스피,제조업,인쇄 및 기록매체 복제업,중소기업,19.0,충북 충주시,0,2026-08-01 02:44:01
재무건전성,경영혁신형 중소기업(메인비즈),(주)정한토탈,제조업,인쇄 및 기록매체 복제업,,,서울 성북구,0,2026-08-01 02:44:01
재무건전성,경영혁신형 중소기업(메인비즈),천일,제조업,인쇄 및 기록매체 복제업,,,서울 중구,0,2026-08-01 02:44:01
재무건전성,경영혁신형 중소기업(메인비즈),(주)신성에너텍,제조업,"코크스, 연탄 및 석유정제품 제조업",중소기업,21.0,경북 영천시,10,2026-08-01 02:44:01
재무건전성,경영혁신형 중소기업(메인비즈),(주)안성씨엔에스,제조업,"코크스, 연탄 및 석유정제품 제조업",중소기업,16.0,경북 경주시,8,2026-08-01 02:44:01
재무건전성,경영혁신형 중소기업(메인비즈),(주)천지화학,제조업,"코크스, 연탄 및 석유정제품 제조업",중소기업,28.0,충북 진천군,5,2026-08-01 02:44:01
재무건전성,경영혁신형 중소기업(메인비즈),(주)광일유화,제조업,"코크스, 연탄 및 석유정제품 제조업",중소기업,22.0,,3,2026-08-01 02:44:01
재무건전성,경영혁신형 중소기업(메인비즈),이에치이에스테크루브(주),제조업,"코크스, 연탄 및 석유정제품 제조업",,,경북 경주시,0,2026-08-01 02:44:01
재무건전성,경영혁신형 중소기업(메인비즈),(주)S.F.C,제조업,화학물질 및 화학제품 제조업; 의약품 제외,중견기업,104.0,,158,2026-08-01 02:44:01
재무건전성,경영혁신형 중소기업(메인비즈),금성이엔씨(주),제조업,화학물질 및 화학제품 제조업; 의약품 제외,중소기업,66.0,경기 안산시 단원구,62,2026-08-01 02:44:01
재무건전성,경영혁신형 중소기업(메인비즈),케이피씨아이(주),제조업,화학물질 및 화학제품 제조업; 의약품 제외,중소기업,23.0,경기 화성시,60,2026-08-01 02:44:01
재무건전성,경영혁신형 중소기업(메인비즈),(주)광성,제조업,화학물질 및 화학제품 제조업; 의약품 제외,중소기업,92.0,대구 달서구,58,2026-08-01 02:44:01
재무건전성,경영혁신형 중소기업(메인비즈),(주)성호폴리텍,제조업,화학물질 및 화학제품 제조업; 의약품 제외,중소기업,76.0,충북 음성군,52,2026-08-01 02:44:01
재무건전성,경영혁신형 중소기업(메인비즈),(유) 아톤산업,제조업,화학물질 및 화학제품 제조업; 의약품 제외,중소기업,35.0,전북 익산시,51,2026-08-01 02:44:01
재무건전성,경영혁신형 중소기업(메인비즈),(주)씨.앤.씨,제조업,화학물질 및 화학제품 제조업; 의약품 제외,중소기업,112.0,경기 파주시,47,2026-08-01 02:44:01
재무건전성,경영혁신형 중소기업(메인비즈),세원화성 주식회사,제조업,화학물질 및 화학제품 제조업; 의약품 제외,중소기업,100.0,대전 대덕구,47,2026-08-01 02:44:01
재무건전성,경영혁신형 중소기업(메인비즈),(주)파이어볼,제조업,화학물질 및 화학제품 제조업; 의약품 제외,중소기업,24.0,경남 양산시,45,2026-08-01 02:44:01
재무건전성,경영혁신형 중소기업(메인비즈),(주)본코스메틱,제조업,화학물질 및 화학제품 제조업; 의약품 제외,중소기업,94.0,,43,2026-08-01 02:44:01
재무건전성,경영혁신형 중소기업(메인비즈),부성폴리콤(주),제조업,화학물질 및 화학제품 제조업; 의약품 제외,중소기업,82.0,경남 양산시,39,2026-08-01 02:44:01
재무건전성,경영혁신형 중소기업(메인비즈),(주)한국이포,제조업,화학물질 및 화학제품 제조업; 의약품 제외,중소기업,48.0,경북 구미시,36,2026-08-01 02:44:01
재무건전성,경영혁신형 중소기업(메인비즈),성덕산업(주),제조업,화학물질 및 화학제품 제조업; 의약품 제외,중소기업,15.0,,36,2026-08-01 02:44:01
재무건전성,경영혁신형 중소기업(메인비즈),금양케미칼(주),제조업,화학물질 및 화학제품 제조업; 의약품 제외,중소기업,31.0,경남 양산시,34,2026-08-01 02:44:01
재무건전성,경영혁신형 중소기업(메인비즈),주식회사 산내들환경,제조업,화학물질 및 화학제품 제조업; 의약품 제외,중소기업,2.0,제주 제주시,28,2026-08-01 02:44:01
재무건전성,경영혁신형 중소기업(메인비즈),주식회사 삼주,제조업,화학물질 및 화학제품 제조업; 의약품 제외,중소기업,74.0,경기 시흥시,26,2026-08-01 02:44:01
재무건전성,경영혁신형 중소기업(메인비즈),주식회사 가나안,제조업,화학물질 및 화학제품 제조업; 의약품 제외,중소기업,27.0,경기 김포시,26,2026-08-01 02:44:01
재무건전성,경영혁신형 중소기업(메인비즈),주식회사 우리플라,제조업,화학물질 및 화학제품 제조업; 의약품 제외,중소기업,23.0,충북 음성군,26,2026-08-01 02:44:01
재무건전성,경영혁신형 중소기업(메인비즈),(주)브레인기술종합건축사사무소,제조업,화학물질 및 화학제품 제조업; 의약품 제외,중소기업,115.0,서울 영등포구,24,2026-08-01 02:44:01
재무건전성,경영혁신형 중소기업(메인비즈),(주)아이티켐,제조업,화학물질 및 화학제품 제조업; 의약품 제외,중소기업,114.0,충북 청주시 청원구,23,2026-08-01 02:44:01
재무건전성,경영혁신형 중소기업(메인비즈),신원화학(주),제조업,화학물질 및 화학제품 제조업; 의약품 제외,중소기업,43.0,경기 시흥시,22,2026-08-01 02:44:01
재무건전성,경영혁신형 중소기업(메인비즈),주식회사 삼화그린텍,제조업,화학물질 및 화학제품 제조업; 의약품 제외,중소기업,31.0,충남 청양군,22,2026-08-01 02:44:01
재무건전성,경영혁신형 중소기업(메인비즈),(주)디엔씨,제조업,화학물질 및 화학제품 제조업; 의약품 제외,중소기업,63.0,경남 김해시,20,2026-08-01 02:44:01
재무건전성,경영혁신형 중소기업(메인비즈),미광인더스트리주식회사,제조업,화학물질 및 화학제품 제조업; 의약품 제외,중소기업,34.0,경기 화성시,20,2026-08-01 02:44:01
재무건전성,경영혁신형 중소기업(메인비즈),주식회사 하나티피에스,제조업,화학물질 및 화학제품 제조업; 의약품 제외,중소기업,10.0,경북 칠곡군,19,2026-08-01 02:44:01
재무건전성,경영혁신형 중소기업(메인비즈),신일화학공업(주),제조업,화학물질 및 화학제품 제조업; 의약품 제외,중소기업,79.0,경기 안산시 단원구,18,2026-08-01 02:44:01
재무건전성,경영혁신형 중소기업(메인비즈),주식회사 지원바이오,제조업,화학물질 및 화학제품 제조업; 의약품 제외,중소기업,7.0,강원 춘천시,18,2026-08-01 02:44:01
재무건전성,경영혁신형 중소기업(메인비즈),(주)부승화학,제조업,화학물질 및 화학제품 제조업; 의약품 제외,중소기업,11.0,울산 울주군,18,2026-08-01 02:44:01
재무건전성,경영혁신형 중소기업(메인비즈),주식회사 율산,제조업,화학물질 및 화학제품 제조업; 의약품 제외,중소기업,15.0,충남 천안시 서북구,18,2026-08-01 02:44:01
재무건전성,경영혁신형 중소기업(메인비즈),신오케미칼(주),제조업,화학물질 및 화학제품 제조업; 의약품 제외,중소기업,48.0,,18,2026-08-01 02:44:01
재무건전성,경영혁신형 중소기업(메인비즈),주식회사 플라젠,제조업,화학물질 및 화학제품 제조업; 의약품 제외,중소기업,60.0,경남 밀양시,18,2026-08-01 02:44:01
재무건전성,경영혁신형 중소기업(메인비즈),(주)승진그린텍,제조업,화학물질 및 화학제품 제조업; 의약품 제외,중소기업,41.0,경남 밀양시,17,2026-08-01 02:44:01
재무건전성,경영혁신형 중소기업(메인비즈),주식회사 디에스아이,제조업,화학물질 및 화학제품 제조업; 의약품 제외,중소기업,22.0,충남 천안시 서북구,16,2026-08-01 02:44:01
재무건전성,경영혁신형 중소기업(메인비즈),(주)크린에이드,제조업,화학물질 및 화학제품 제조업; 의약품 제외,중소기업,41.0,경기 남양주시,16,2026-08-01 02:44:01
재무건전성,경영혁신형 중소기업(메인비즈),주식회사 동일제약,제조업,화학물질 및 화학제품 제조업; 의약품 제외,중소기업,58.0,충북 음성군,14,2026-08-01 02:44:01
재무건전성,경영혁신형 중소기업(메인비즈),주식회사비앤비,제조업,화학물질 및 화학제품 제조업; 의약품 제외,중소기업,27.0,경기 화성시,13,2026-08-01 02:44:01
재무건전성,경영혁신형 중소기업(메인비즈),주식회사 드림코스,제조업,화학물질 및 화학제품 제조업; 의약품 제외,중소기업,,경기 고양시 덕양구,13,2026-08-01 02:44:01
재무건전성,경영혁신형 중소기업(메인비즈),이룸산업(주),제조업,화학물질 및 화학제품 제조업; 의약품 제외,중소기업,21.0,경기 안성시,13,2026-08-01 02:44:01
재무건전성,경영혁신형 중소기업(메인비즈),주식회사유일,제조업,화학물질 및 화학제품 제조업; 의약품 제외,중소기업,31.0,경기 양주시,12,2026-08-01 02:44:01
재무건전성,경영혁신형 중소기업(메인비즈),(주)수안향장,제조업,화학물질 및 화학제품 제조업; 의약품 제외,중소기업,45.0,경기 성남시 중원구,12,2026-08-01 02:44:01
재무건전성,경영혁신형 중소기업(메인비즈),(주)썬화인글로벌,제조업,화학물질 및 화학제품 제조업; 의약품 제외,중소기업,29.0,충북 청주시 흥덕구,11,2026-08-01 02:44:01
재무건전성,경영혁신형 중소기업(메인비즈),주식회사 일신화학,제조업,화학물질 및 화학제품 제조업; 의약품 제외,중소기업,10.0,부산 강서구,10,2026-08-01 02:44:01
재무건전성,경영혁신형 중소기업(메인비즈),(주)우진가스텍,제조업,화학물질 및 화학제품 제조업; 의약품 제외,중소기업,18.0,경남 김해시,10,2026-08-01 02:44:01
재무건전성,경영혁신형 중소기업(메인비즈),(주)디에스이에스,제조업,화학물질 및 화학제품 제조업; 의약품 제외,중소기업,14.0,충북 청주시 청원구,9,2026-08-01 02:44:01
재무건전성,경영혁신형 중소기업(메인비즈),(주)제이엔지,제조업,화학물질 및 화학제품 제조업; 의약품 제외,중소기업,,경기 시흥시,9,2026-08-01 02:44:01
재무건전성,경영혁신형 중소기업(메인비즈),에스엘지 주식회사,제조업,화학물질 및 화학제품 제조업; 의약품 제외,중소기업,22.0,인천 남동구,9,2026-08-01 02:44:01
재무건전성,경영혁신형 중소기업(메인비즈),(주)비앤씨화장품,제조업,화학물질 및 화학제품 제조업; 의약품 제외,중소기업,37.0,충남 천안시 동남구,9,2026-08-01 02:44:01
재무건전성,경영혁신형 중소기업(메인비즈),주식회사 그린텍,제조업,화학물질 및 화학제품 제조업; 의약품 제외,중소기업,,충남 청양군,7,2026-08-01 02:44:01
재무건전성,경영혁신형 중소기업(메인비즈),(주)유진환경기술,제조업,화학물질 및 화학제품 제조업; 의약품 제외,중소기업,11.0,경기 안산시 단원구,6,2026-08-01 02:44:01
재무건전성,경영혁신형 중소기업(메인비즈),폴리스타 주식회사,제조업,화학물질 및 화학제품 제조업; 의약품 제외,중소기업,32.0,경기 용인시 처인구,6,2026-08-01 02:44:01
재무건전성,경영혁신형 중소기업(메인비즈),주식회사 케미폴리오,제조업,화학물질 및 화학제품 제조업; 의약품 제외,중소기업,15.0,부산 남구,6,2026-08-01 02:44:01
재무건전성,경영혁신형 중소기업(메인비즈),삼성에프.씨(주),제조업,화학물질 및 화학제품 제조업; 의약품 제외,중소기업,39.0,경기 안산시 단원구,6,2026-08-01 02:44:01
재무건전성,경영혁신형 중소기업(메인비즈),보성포장산업(주),제조업,화학물질 및 화학제품 제조업; 의약품 제외,중소기업,59.0,경기 여주시,5,2026-08-01 02:44:01
재무건전성,경영혁신형 중소기업(메인비즈),(주)두비원,제조업,화학물질 및 화학제품 제조업; 의약품 제외,중소기업,16.0,충남 예산군,5,2026-08-01 02:44:01
재무건전성,경영혁신형 중소기업(메인비즈),주식회사 아이유닉,제조업,화학물질 및 화학제품 제조업; 의약품 제외,중소기업,,서울 마포구,5,2026-08-01 02:44:01
재무건전성,경영혁신형 중소기업(메인비즈),단일가스켐(주),제조업,화학물질 및 화학제품 제조업; 의약품 제외,중소기업,41.0,충북 청주시 청원구,4,2026-08-01 02:44:01
재무건전성,경영혁신형 중소기업(메인비즈),(주)씨유스킨,제조업,화학물질 및 화학제품 제조업; 의약품 제외,중소기업,20.0,충북 청주시 흥덕구,4,2026-08-01 02:44:01
재무건전성,경영혁신형 중소기업(메인비즈),주식회사 피플앤코,제조업,화학물질 및 화학제품 제조업; 의약품 제외,중소기업,27.0,서울 강서구,4,2026-08-01 02:44:01
재무건전성,경영혁신형 중소기업(메인비즈),주식회사 동명케미칼,제조업,화학물질 및 화학제품 제조업; 의약품 제외,중소기업,6.0,충남 천안시 동남구,4,2026-08-01 02:44:01
재무건전성,경영혁신형 중소기업(메인비즈),(주)남일,제조업,화학물질 및 화학제품 제조업; 의약품 제외,중소기업,15.0,부산 사상구,4,2026-08-01 02:44:01
재무건전성,경영혁신형 중소기업(메인비즈),(주)다영,제조업,화학물질 및 화학제품 제조업; 의약품 제외,중소기업,13.0,충북 괴산군,4,2026-08-01 02:44:01
재무건전성,경영혁신형 중소기업(메인비즈),(주)정샘물뷰티,제조업,화학물질 및 화학제품 제조업; 의약품 제외,중소기업,105.0,서울 강남구,4,2026-08-01 02:44:01
재무건전성,경영혁신형 중소기업(메인비즈),로제화장품(주),제조업,화학물질 및 화학제품 제조업; 의약품 제외,중소기업,23.0,경기 포천시,4,2026-08-01 02:44:01
재무건전성,경영혁신형 중소기업(메인비즈),부광화학공업(주),제조업,화학물질 및 화학제품 제조업; 의약품 제외,중소기업,18.0,부산 강서구,4,2026-08-01 02:44:01
재무건전성,경영혁신형 중소기업(메인비즈),주식회사 한샘생활건강,제조업,화학물질 및 화학제품 제조업; 의약품 제외,중소기업,18.0,경북 영천시,3,2026-08-01 02:44:01
재무건전성,경영혁신형 중소기업(메인비즈),(주)비모뉴먼트,제조업,화학물질 및 화학제품 제조업; 의약품 제외,중소기업,219.0,서울 마포구,3,2026-08-01 02:44:01
재무건전성,경영혁신형 중소기업(메인비즈),(주)세광데코,제조업,화학물질 및 화학제품 제조업; 의약품 제외,중소기업,13.0,경기 포천시,3,2026-08-01 02:44:01
재무건전성,경영혁신형 중소기업(메인비즈),주식회사 디킨코스메틱,제조업,화학물질 및 화학제품 제조업; 의약품 제외,중소기업,42.0,인천 남동구,3,2026-08-01 02:44:01
재무건전성,경영혁신형 중소기업(메인비즈),애드윈코리아(주),제조업,화학물질 및 화학제품 제조업; 의약품 제외,중견기업,48.0,서울 강남구,3,2026-08-01 02:44:01
재무건전성,경영혁신형 중소기업(메인비즈),주식회사 엔유테크,제조업,화학물질 및 화학제품 제조업; 의약품 제외,중소기업,,충남 아산시,3,2026-08-01 02:44:01
재무건전성,경영혁신형 중소기업(메인비즈),하이네이처(주),제조업,화학물질 및 화학제품 제조업; 의약품 제외,중소기업,57.0,인천 연수구,3,2026-08-01 02:44:01
재무건전성,경영혁신형 중소기업(메인비즈),(주)에스씨코리아,제조업,화학물질 및 화학제품 제조업; 의약품 제외,중소기업,29.0,경기 김포시,3,2026-08-01 02:44:01
재무건전성,경영혁신형 중소기업(메인비즈),에스엘우성 주식회사,제조업,화학물질 및 화학제품 제조업; 의약품 제외,중소기업,15.0,,3,2026-08-01 02:44:01
재무건전성,경영혁신형 중소기업(메인비즈),주식회사 삼원피엔디,제조업,화학물질 및 화학제품 제조업; 의약품 제외,중소기업,31.0,경기 화성시,2,2026-08-01 02:44:01
재무건전성,경영혁신형 중소기업(메인비즈),(주)그린화학,제조업,화학물질 및 화학제품 제조업; 의약품 제외,중소기업,12.0,경기 김포시,2,2026-08-01 02:44:01
재무건전성,경영혁신형 중소기업(메인비즈),(주)나인위시스,제조업,화학물질 및 화학제품 제조업; 의약품 제외,중소기업,15.0,서울 마포구,2,2026-08-01 02:44:01
재무건전성,경영혁신형 중소기업(메인비즈),바이오닉랩 주식회사,제조업,화학물질 및 화학제품 제조업; 의약품 제외,중소기업,5.0,서울 송파구,2,2026-08-01 02:44:01
재무건전성,경영혁신형 중소기업(메인비즈),주식회사 에코화인,제조업,화학물질 및 화학제품 제조업; 의약품 제외,중소기업,16.0,충북 진천군,2,2026-08-01 02:44:01
재무건전성,경영혁신형 중소기업(메인비즈),(주)화인폴,제조업,화학물질 및 화학제품 제조업; 의약품 제외,중소기업,9.0,경기 이천시,2,2026-08-01 02:44:01
재무건전성,경영혁신형 중소기업(메인비즈),주식회사 편강한방피부과학연구소,제조업,화학물질 및 화학제품 제조업; 의약품 제외,중소기업,68.0,대구 달성군,2,2026-08-01 02:44:01
재무건전성,경영혁신형 중소기업(메인비즈),(주)엔베코코스메틱,제조업,화학물질 및 화학제품 제조업; 의약품 제외,중소기업,20.0,경기 김포시,2,2026-08-01 02:44:01
재무건전성,경영혁신형 중소기업(메인비즈),(주)블루켐,제조업,화학물질 및 화학제품 제조업; 의약품 제외,중소기업,14.0,경기 안성시,2,2026-08-01 02:44:01
재무건전성,경영혁신형 중소기업(메인비즈),(주)경덕산업,제조업,화학물질 및 화학제품 제조업; 의약품 제외,중소기업,30.0,세종,1,2026-08-01 02:44:01
재무건전성,경영혁신형 중소기업(메인비즈),SH인더스트리,제조업,화학물질 및 화학제품 제조업; 의약품 제외,중소기업,20.0,경북 경산시,1,2026-08-01 02:44:01
재무건전성,경영혁신형 중소기업(메인비즈),(주) 대동산업,제조업,화학물질 및 화학제품 제조업; 의약품 제외,중소기업,15.0,,1,2026-08-01 02:44:01
재무건전성,경영혁신형 중소기업(메인비즈),(주)에스코,제조업,화학물질 및 화학제품 제조업; 의약품 제외,중소기업,3.0,경기 이천시,1,2026-08-01 02:44:01
재무건전성,경영혁신형 중소기업(메인비즈),(주)동도,제조업,화학물질 및 화학제품 제조업; 의약품 제외,중소기업,14.0,경북 경산시,1,2026-08-01 02:44:01
재무건전성,경영혁신형 중소기업(메인비즈),(주) 성화,제조업,화학물질 및 화학제품 제조업; 의약품 제외,중소기업,24.0,,1,2026-08-01 02:44:01
재무건전성,경영혁신형 중소기업(메인비즈),디케이화인케미칼 주식회사,제조업,화학물질 및 화학제품 제조업; 의약품 제외,중소기업,35.0,서울 용산구,1,2026-08-01 02:44:01
재무건전성,경영혁신형 중소기업(메인비즈),주식회사 청산이엔씨,제조업,화학물질 및 화학제품 제조업; 의약품 제외,중소기업,17.0,경기 연천군,1,2026-08-01 02:44:01
재무건전성,경영혁신형 중소기업(메인비즈),주식회사 퍼굿,제조업,화학물질 및 화학제품 제조업; 의약품 제외,,,충남 부여군,0,2026-08-01 02:44:01
재무건전성,경영혁신형 중소기업(메인비즈),(주)이엔비에스,제조업,화학물질 및 화학제품 제조업; 의약품 제외,중소기업,90.0,,0,2026-08-01 02:44:01
재무건전성,경영혁신형 중소기업(메인비즈),(주)하우뷰티,제조업,화학물질 및 화학제품 제조업; 의약품 제외,,,대전 대덕구,0,2026-08-01 02:44:01
재무건전성,경영혁신형 중소기업(메인비즈),주식회사 세선,제조업,화학물질 및 화학제품 제조업; 의약품 제외,,,부산 강서구,0,2026-08-01 02:44:01
재무건전성,경영혁신형 중소기업(메인비즈),주식회사 엔씨인베스트,제조업,화학물질 및 화학제품 제조업; 의약품 제외,,,충북 청주시 서원구,0,2026-08-01 02:44:01
재무건전성,경영혁신형 중소기업(메인비즈),(주)상떼화장품,제조업,화학물질 및 화학제품 제조업; 의약품 제외,,,부산 동구,0,2026-08-01 02:44:01
재무건전성,경영혁신형 중소기업(메인비즈),(주)에코텍,제조업,화학물질 및 화학제품 제조업; 의약품 제외,중소기업,16.0,울산 울주군,0,2026-08-01 02:44:01
재무건전성,경영혁신형 중소기업(메인비즈),주식회사 에이티에스가스,제조업,화학물질 및 화학제품 제조업; 의약품 제외,중소기업,8.0,경기 안성시,0,2026-08-01 02:44:01
재무건전성,경영혁신형 중소기업(메인비즈),주식회사 케미웍스,제조업,화학물질 및 화학제품 제조업; 의약품 제외,중소기업,5.0,경기 수원시 권선구,0,2026-08-01 02:44:01
재무건전성,경영혁신형 중소기업(메인비즈),주식회사제이에이치코리아,제조업,화학물질 및 화학제품 제조업; 의약품 제외,중소기업,5.0,인천 남동구,0,2026-08-01 02:44:01
재무건전성,경영혁신형 중소기업(메인비즈),주식회사 남영테크,제조업,화학물질 및 화학제품 제조업; 의약품 제외,,,충남 예산군,0,2026-08-01 02:44:01
재무건전성,경영혁신형 중소기업(메인비즈),"주식회사 킹케어(KINGCAIR Co., Ltd.)",제조업,화학물질 및 화학제품 제조업; 의약품 제외,,,서울 영등포구,0,2026-08-01 02:44:01
재무건전성,경영혁신형 중소기업(메인비즈),단일시스켐(주),제조업,화학물질 및 화학제품 제조업; 의약품 제외,중소기업,65.0,서울 강남구,0,2026-08-01 02:44:01
재무건전성,경영혁신형 중소기업(메인비즈),(주)세림,제조업,화학물질 및 화학제품 제조업; 의약품 제외,,,울산 울주군,0,2026-08-01 02:44:01
재무건전성,경영혁신형 중소기업(메인비즈),(주)대양포리졸,제조업,화학물질 및 화학제품 제조업; 의약품 제외,,,충북 청주시 흥덕구,0,2026-08-01 02:44:01
재무건전성,경영혁신형 중소기업(메인비즈),주식회사 지티에스카본,제조업,화학물질 및 화학제품 제조업; 의약품 제외,,,경기 시흥시,0,2026-08-01 02:44:01
재무건전성,경영혁신형 중소기업(메인비즈),(주)한풍산업,제조업,의료용 물질 및 의약품 제조업,중소기업,28.0,인천 남동구,40,2026-08-01 02:44:01
재무건전성,경영혁신형 중소기업(메인비즈),녹십자수의약품 주식회사,제조업,의료용 물질 및 의약품 제조업,중소기업,128.0,충남 예산군,11,2026-08-01 02:44:01
재무건전성,경영혁신형 중소기업(메인비즈),일명제약(주),제조업,의료용 물질 및 의약품 제조업,중소기업,24.0,충북 괴산군,11,2026-08-01 02:44:01
재무건전성,경영혁신형 중소기업(메인비즈),유한회사 대효제약,제조업,의료용 물질 및 의약품 제조업,중소기업,22.0,경기 수원시 영통구,10,2026-08-01 02:44:01
재무건전성,경영혁신형 중소기업(메인비즈),(주)한국글로벌제약,제조업,의료용 물질 및 의약품 제조업,중소기업,52.0,서울 영등포구,4,2026-08-01 02:44:01
재무건전성,경영혁신형 중소기업(메인비즈),삼남제약 주식회사,제조업,의료용 물질 및 의약품 제조업,중소기업,89.0,충남 금산군,4,2026-08-01 02:44:01
재무건전성,경영혁신형 중소기업(메인비즈),(주)화림제약,제조업,의료용 물질 및 의약품 제조업,중소기업,33.0,부산 남구,2,2026-08-01 02:44:01
재무건전성,경영혁신형 중소기업(메인비즈),주식회사 씨엘씨컴퍼니,제조업,의료용 물질 및 의약품 제조업,중소기업,,경기 화성시,2,2026-08-01 02:44:01
재무건전성,경영혁신형 중소기업(메인비즈),(주)티에스,제조업,의료용 물질 및 의약품 제조업,중소기업,20.0,경기 김포시,1,2026-08-01 02:44:01
재무건전성,경영혁신형 중소기업(메인비즈),(주)대원엔비폴,제조업,고무 및 플라스틱제품 제조업,중소기업,39.0,경북 칠곡군,59,2026-08-01 02:44:01
재무건전성,경영혁신형 중소기업(메인비즈),주식회사 제이제이케이,제조업,고무 및 플라스틱제품 제조업,중소기업,93.0,경남 양산시,51,2026-08-01 02:44:01
재무건전성,경영혁신형 중소기업(메인비즈),주식회사 동주,제조업,고무 및 플라스틱제품 제조업,중소기업,25.0,경기 평택시,41,2026-08-01 02:44:01
재무건전성,경영혁신형 중소기업(메인비즈),(주)경인이피에스,제조업,고무 및 플라스틱제품 제조업,중소기업,46.0,충북 청주시 청원구,39,2026-08-01 02:44:01
재무건전성,경영혁신형 중소기업(메인비즈),(주)아폴로산업,제조업,고무 및 플라스틱제품 제조업,중소기업,134.0,경기 시흥시,37,2026-08-01 02:44:01
재무건전성,경영혁신형 중소기업(메인비즈),신효산업 주식회사,제조업,고무 및 플라스틱제품 제조업,중소기업,65.0,충남 아산시,35,2026-08-01 02:44:01
재무건전성,경영혁신형 중소기업(메인비즈),(주)신광엠앤피,제조업,고무 및 플라스틱제품 제조업,중소기업,131.0,경기 부천시,34,2026-08-01 02:44:01
재무건전성,경영혁신형 중소기업(메인비즈),삼부고무공업(주),제조업,고무 및 플라스틱제품 제조업,중소기업,56.0,부산 사상구,31,2026-08-01 02:44:01
재무건전성,경영혁신형 중소기업(메인비즈),선일포장산업(주),제조업,고무 및 플라스틱제품 제조업,중소기업,25.0,경남 창원시 의창구,30,2026-08-01 02:44:01
재무건전성,경영혁신형 중소기업(메인비즈),(주)건안산업,제조업,고무 및 플라스틱제품 제조업,중소기업,12.0,부산 북구,28,2026-08-01 02:44:01
재무건전성,경영혁신형 중소기업(메인비즈),(주)제일브이텍,제조업,고무 및 플라스틱제품 제조업,중소기업,18.0,경북 경산시,25,2026-08-01 02:44:01
재무건전성,경영혁신형 중소기업(메인비즈),(주)비버판넬,제조업,고무 및 플라스틱제품 제조업,중소기업,55.0,충남 논산시,25,2026-08-01 02:44:01
재무건전성,경영혁신형 중소기업(메인비즈),(주)참하이테크,제조업,고무 및 플라스틱제품 제조업,중소기업,42.0,,22,2026-08-01 02:44:01
재무건전성,경영혁신형 중소기업(메인비즈),한국코스틱주식회사,제조업,고무 및 플라스틱제품 제조업,중소기업,264.0,경기 김포시,22,2026-08-01 02:44:01
재무건전성,경영혁신형 중소기업(메인비즈),신원화학(주),제조업,고무 및 플라스틱제품 제조업,중소기업,43.0,충북 충주시,21,2026-08-01 02:44:01
재무건전성,경영혁신형 중소기업(메인비즈),(주)효진산업,제조업,고무 및 플라스틱제품 제조업,중소기업,19.0,전북 익산시,21,2026-08-01 02:44:01
재무건전성,경영혁신형 중소기업(메인비즈),코코스팩주식회사,제조업,고무 및 플라스틱제품 제조업,중소기업,166.0,경기 화성시,21,2026-08-01 02:44:01
재무건전성,경영혁신형 중소기업(메인비즈),수영테크 주식회사,제조업,고무 및 플라스틱제품 제조업,중소기업,24.0,경기 시흥시,20,2026-08-01 02:44:01
재무건전성,경영혁신형 중소기업(메인비즈),주식회사 이솔산업,제조업,고무 및 플라스틱제품 제조업,중소기업,50.0,인천 부평구,19,2026-08-01 02:44:01
재무건전성,경영혁신형 중소기업(메인비즈),주식회사 거산,제조업,고무 및 플라스틱제품 제조업,중소기업,37.0,경기 포천시,19,2026-08-01 02:44:01
재무건전성,경영혁신형 중소기업(메인비즈),(주)우성엠에프,제조업,고무 및 플라스틱제품 제조업,중견기업,94.0,경기 화성시,19,2026-08-01 02:44:01
재무건전성,경영혁신형 중소기업(메인비즈),(주)해창,제조업,고무 및 플라스틱제품 제조업,중소기업,13.0,,18,2026-08-01 02:44:01
재무건전성,경영혁신형 중소기업(메인비즈),케이엘스(주),제조업,고무 및 플라스틱제품 제조업,중소기업,3.0,경기 안산시 단원구,16,2026-08-01 02:44:01
재무건전성,경영혁신형 중소기업(메인비즈),주식회사 대상테크론,제조업,고무 및 플라스틱제품 제조업,중소기업,24.0,경기 김포시,16,2026-08-01 02:44:01
재무건전성,경영혁신형 중소기업(메인비즈),주식회사 남일,제조업,고무 및 플라스틱제품 제조업,중소기업,72.0,경기 화성시,16,2026-08-01 02:44:01
재무건전성,경영혁신형 중소기업(메인비즈),자강산업(주),제조업,고무 및 플라스틱제품 제조업,중소기업,124.0,,15,2026-08-01 02:44:01
재무건전성,경영혁신형 중소기업(메인비즈),(주)우성바이오텍,제조업,고무 및 플라스틱제품 제조업,중소기업,19.0,경기 광주시,14,2026-08-01 02:44:01
재무건전성,경영혁신형 중소기업(메인비즈),주식회사유상팩,제조업,고무 및 플라스틱제품 제조업,중소기업,30.0,충남 천안시 동남구,12,2026-08-01 02:44:01
재무건전성,경영혁신형 중소기업(메인비즈),(주)화신산업,제조업,고무 및 플라스틱제품 제조업,중소기업,22.0,경남 김해시,12,2026-08-01 02:44:01
재무건전성,경영혁신형 중소기업(메인비즈),(주)유원인더스트리,제조업,고무 및 플라스틱제품 제조업,중소기업,33.0,경기 평택시,12,2026-08-01 02:44:01
재무건전성,경영혁신형 중소기업(메인비즈),(주)미코,제조업,고무 및 플라스틱제품 제조업,중소기업,1.0,경기 파주시,11,2026-08-01 02:44:01
재무건전성,경영혁신형 중소기업(메인비즈),주식회사서광,제조업,고무 및 플라스틱제품 제조업,중소기업,47.0,경기 화성시,11,2026-08-01 02:44:01
재무건전성,경영혁신형 중소기업(메인비즈),제이케이씨 주식회사,제조업,고무 및 플라스틱제품 제조업,중소기업,40.0,경기 광주시,11,2026-08-01 02:44:01
재무건전성,경영혁신형 중소기업(메인비즈),(주)한국후지알엔씨,제조업,고무 및 플라스틱제품 제조업,중소기업,,충남 천안시 동남구,11,2026-08-01 02:44:01
재무건전성,경영혁신형 중소기업(메인비즈),주식회사 하이비코리아,제조업,고무 및 플라스틱제품 제조업,중소기업,22.0,경기 고양시 일산동구,10,2026-08-01 02:44:01
재무건전성,경영혁신형 중소기업(메인비즈),노바텍 (주),제조업,고무 및 플라스틱제품 제조업,중소기업,10.0,,10,2026-08-01 02:44:01
재무건전성,경영혁신형 중소기업(메인비즈),(주)뉴프라임,제조업,고무 및 플라스틱제품 제조업,중소기업,43.0,경북 성주군,9,2026-08-01 02:44:01
재무건전성,경영혁신형 중소기업(메인비즈),(주)프레오,제조업,고무 및 플라스틱제품 제조업,중소기업,60.0,경기 화성시,9,2026-08-01 02:44:01
재무건전성,경영혁신형 중소기업(메인비즈),주식회사 성강,제조업,고무 및 플라스틱제품 제조업,중소기업,20.0,경기 화성시,9,2026-08-01 02:44:01
재무건전성,경영혁신형 중소기업(메인비즈),승화피앤피(주),제조업,고무 및 플라스틱제품 제조업,중소기업,38.0,경기 광주시,9,2026-08-01 02:44:01
재무건전성,경영혁신형 중소기업(메인비즈),(주)서진테크,제조업,고무 및 플라스틱제품 제조업,중소기업,19.0,경북 칠곡군,9,2026-08-01 02:44:01
재무건전성,경영혁신형 중소기업(메인비즈),(주)대현테크,제조업,고무 및 플라스틱제품 제조업,중소기업,37.0,,9,2026-08-01 02:44:01
재무건전성,경영혁신형 중소기업(메인비즈),신림산업(주),제조업,고무 및 플라스틱제품 제조업,중소기업,23.0,충북 진천군,9,2026-08-01 02:44:01
재무건전성,경영혁신형 중소기업(메인비즈),유신산업,제조업,고무 및 플라스틱제품 제조업,중소기업,18.0,경남 김해시,9,2026-08-01 02:44:01
재무건전성,경영혁신형 중소기업(메인비즈),(주)삼화수지,제조업,고무 및 플라스틱제품 제조업,중소기업,26.0,경기 안성시,9,2026-08-01 02:44:01
재무건전성,경영혁신형 중소기업(메인비즈),주식회사 새한수지,제조업,고무 및 플라스틱제품 제조업,중소기업,18.0,경기 용인시 기흥구,8,2026-08-01 02:44:01
재무건전성,경영혁신형 중소기업(메인비즈),(주)문인테크,제조업,고무 및 플라스틱제품 제조업,중소기업,10.0,경기 고양시 일산동구,8,2026-08-01 02:44:01
재무건전성,경영혁신형 중소기업(메인비즈),(주)대도화학,제조업,고무 및 플라스틱제품 제조업,중소기업,37.0,경북 성주군,8,2026-08-01 02:44:01
재무건전성,경영혁신형 중소기업(메인비즈),주식회사 고그린라이프,제조업,고무 및 플라스틱제품 제조업,중소기업,47.0,경기 용인시 처인구,8,2026-08-01 02:44:01
재무건전성,경영혁신형 중소기업(메인비즈),유앤팩 주식회사,제조업,고무 및 플라스틱제품 제조업,중소기업,33.0,충남 아산시,8,2026-08-01 02:44:01
재무건전성,경영혁신형 중소기업(메인비즈),한길산업주식회사,제조업,고무 및 플라스틱제품 제조업,중소기업,11.0,경기 파주시,7,2026-08-01 02:44:01
재무건전성,경영혁신형 중소기업(메인비즈),(주)삼진성형,제조업,고무 및 플라스틱제품 제조업,중소기업,19.0,인천 남동구,7,2026-08-01 02:44:01
재무건전성,경영혁신형 중소기업(메인비즈),한서테크,제조업,고무 및 플라스틱제품 제조업,중소기업,15.0,충남 아산시,7,2026-08-01 02:44:01
재무건전성,경영혁신형 중소기업(메인비즈),(주)수주산업,제조업,고무 및 플라스틱제품 제조업,중소기업,18.0,경북 경산시,7,2026-08-01 02:44:01
재무건전성,경영혁신형 중소기업(메인비즈),씨엔창호산업(주),제조업,고무 및 플라스틱제품 제조업,중소기업,31.0,경기 양주시,6,2026-08-01 02:44:01
재무건전성,경영혁신형 중소기업(메인비즈),주식회사 드림씨앤씨,제조업,고무 및 플라스틱제품 제조업,중소기업,,인천 미추홀구,6,2026-08-01 02:44:01
재무건전성,경영혁신형 중소기업(메인비즈),(주)코리아임팩트,제조업,고무 및 플라스틱제품 제조업,중소기업,34.0,경기 광주시,6,2026-08-01 02:44:01
재무건전성,경영혁신형 중소기업(메인비즈),(주)지금강이엔지,제조업,고무 및 플라스틱제품 제조업,중소기업,66.0,,6,2026-08-01 02:44:01
재무건전성,경영혁신형 중소기업(메인비즈),(주)삼성케미칼,제조업,고무 및 플라스틱제품 제조업,중소기업,44.0,경기 김포시,6,2026-08-01 02:44:01
재무건전성,경영혁신형 중소기업(메인비즈),(주)한엑스,제조업,고무 및 플라스틱제품 제조업,중소기업,63.0,부산 강서구,6,2026-08-01 02:44:01
재무건전성,경영혁신형 중소기업(메인비즈),(주) 붕천,제조업,고무 및 플라스틱제품 제조업,중소기업,25.0,경북 구미시,6,2026-08-01 02:44:01
재무건전성,경영혁신형 중소기업(메인비즈),주식회사 대광인더스트리,제조업,고무 및 플라스틱제품 제조업,중소기업,25.0,대전 서구,6,2026-08-01 02:44:01
재무건전성,경영혁신형 중소기업(메인비즈),(주)제성,제조업,고무 및 플라스틱제품 제조업,중소기업,122.0,경기 화성시,6,2026-08-01 02:44:01
재무건전성,경영혁신형 중소기업(메인비즈),씨제이피 주식회사,제조업,고무 및 플라스틱제품 제조업,중소기업,22.0,경기 화성시,6,2026-08-01 02:44:01
재무건전성,경영혁신형 중소기업(메인비즈),(주) 경림에이치티시(HTC),제조업,고무 및 플라스틱제품 제조업,중소기업,73.0,경남 양산시,6,2026-08-01 02:44:01
재무건전성,경영혁신형 중소기업(메인비즈),현진엠아이(주),제조업,고무 및 플라스틱제품 제조업,중소기업,24.0,경북 경주시,5,2026-08-01 02:44:01
재무건전성,경영혁신형 중소기업(메인비즈),주식회사 에스엠테크,제조업,고무 및 플라스틱제품 제조업,중소기업,10.0,경북 성주군,5,2026-08-01 02:44:01
재무건전성,경영혁신형 중소기업(메인비즈),(주)서림프라텍,제조업,고무 및 플라스틱제품 제조업,중소기업,20.0,경기 부천시,5,2026-08-01 02:44:01
재무건전성,경영혁신형 중소기업(메인비즈),주식회사가쯔,제조업,고무 및 플라스틱제품 제조업,중소기업,33.0,경기 김포시,5,2026-08-01 02:44:01
재무건전성,경영혁신형 중소기업(메인비즈),(주)삼신수출포장,제조업,고무 및 플라스틱제품 제조업,중소기업,10.0,,5,2026-08-01 02:44:01
재무건전성,경영혁신형 중소기업(메인비즈),엔디케이(주),제조업,고무 및 플라스틱제품 제조업,중소기업,55.0,경북 칠곡군,5,2026-08-01 02:44:01
재무건전성,경영혁신형 중소기업(메인비즈),씨에스씨인터내셔날(주),제조업,고무 및 플라스틱제품 제조업,중소기업,37.0,경기 이천시,5,2026-08-01 02:44:01
재무건전성,경영혁신형 중소기업(메인비즈),(주) 부천수지,제조업,고무 및 플라스틱제품 제조업,중소기업,17.0,경기 화성시,4,2026-08-01 02:44:01
재무건전성,경영혁신형 중소기업(메인비즈),(주)금강종합산업,제조업,고무 및 플라스틱제품 제조업,중소기업,28.0,경기 평택시,4,2026-08-01 02:44:01
재무건전성,경영혁신형 중소기업(메인비즈),(주)태영산업,제조업,고무 및 플라스틱제품 제조업,중소기업,53.0,경기 성남시 중원구,4,2026-08-01 02:44:01
재무건전성,경영혁신형 중소기업(메인비즈),주식회사 효경,제조업,고무 및 플라스틱제품 제조업,중소기업,14.0,,4,2026-08-01 02:44:01
재무건전성,경영혁신형 중소기업(메인비즈),(주)우남케미칼,제조업,고무 및 플라스틱제품 제조업,중소기업,16.0,강원 강릉시,3,2026-08-01 02:44:01
재무건전성,경영혁신형 중소기업(메인비즈),디에스 주식회사,제조업,고무 및 플라스틱제품 제조업,중소기업,41.0,,3,2026-08-01 02:44:01
재무건전성,경영혁신형 중소기업(메인비즈),주식회사 수와루,제조업,고무 및 플라스틱제품 제조업,중소기업,14.0,,3,2026-08-01 02:44:01
재무건전성,경영혁신형 중소기업(메인비즈),(주)플러스알파,제조업,고무 및 플라스틱제품 제조업,중소기업,12.0,,3,2026-08-01 02:44:01
재무건전성,경영혁신형 중소기업(메인비즈),(주)신광핫멜트,제조업,고무 및 플라스틱제품 제조업,중소기업,17.0,경기 안산시 단원구,3,2026-08-01 02:44:01
재무건전성,경영혁신형 중소기업(메인비즈),(주)우리컴,제조업,고무 및 플라스틱제품 제조업,중소기업,16.0,경기 화성시,3,2026-08-01 02:44:01
재무건전성,경영혁신형 중소기업(메인비즈),주식회사 금성하우징,제조업,고무 및 플라스틱제품 제조업,중소기업,12.0,충남 천안시 동남구,3,2026-08-01 02:44:01
재무건전성,경영혁신형 중소기업(메인비즈),대삼화학공업사,제조업,고무 및 플라스틱제품 제조업,중소기업,18.0,경기 시흥시,3,2026-08-01 02:44:01
재무건전성,경영혁신형 중소기업(메인비즈),주식회사 만송,제조업,고무 및 플라스틱제품 제조업,중소기업,13.0,경기 김포시,2,2026-08-01 02:44:01
재무건전성,경영혁신형 중소기업(메인비즈),(주)플랫폼이엔에스,제조업,고무 및 플라스틱제품 제조업,중소기업,,경기 고양시 일산동구,2,2026-08-01 02:44:01
재무건전성,경영혁신형 중소기업(메인비즈),주식회사 이피에스테크놀로지,제조업,고무 및 플라스틱제품 제조업,중소기업,29.0,경기 안산시 단원구,2,2026-08-01 02:44:01
재무건전성,경영혁신형 중소기업(메인비즈),주식회사 모노켐,제조업,고무 및 플라스틱제품 제조업,중소기업,9.0,경기 양주시,2,2026-08-01 02:44:01
재무건전성,경영혁신형 중소기업(메인비즈),주식회사 광진기업,제조업,고무 및 플라스틱제품 제조업,중소기업,24.0,울산 울주군,2,2026-08-01 02:44:01
재무건전성,경영혁신형 중소기업(메인비즈),주식회사 이노켐,제조업,고무 및 플라스틱제품 제조업,중소기업,,경기 평택시,2,2026-08-01 02:44:01
재무건전성,경영혁신형 중소기업(메인비즈),주식회사 파란,제조업,고무 및 플라스틱제품 제조업,중소기업,,,2,2026-08-01 02:44:01
재무건전성,경영혁신형 중소기업(메인비즈),진영하우징(주),제조업,고무 및 플라스틱제품 제조업,중소기업,10.0,경기 화성시,2,2026-08-01 02:44:01
재무건전성,경영혁신형 중소기업(메인비즈),(주)제이에스 팩토리,제조업,고무 및 플라스틱제품 제조업,중소기업,,경기 화성시,2,2026-08-01 02:44:01
재무건전성,경영혁신형 중소기업(메인비즈),(주)화인테크폴리머,제조업,고무 및 플라스틱제품 제조업,중소기업,20.0,경기 광주시,1,2026-08-01 02:44:01
재무건전성,경영혁신형 중소기업(메인비즈),(주)경성테크,제조업,고무 및 플라스틱제품 제조업,중소기업,,경남 김해시,1,2026-08-01 02:44:01
재무건전성,경영혁신형 중소기업(메인비즈),(주)팩킹샵,제조업,고무 및 플라스틱제품 제조업,중소기업,6.0,경기 의왕시,1,2026-08-01 02:44:01
재무건전성,경영혁신형 중소기업(메인비즈),(주)대한철강,제조업,고무 및 플라스틱제품 제조업,중소기업,34.0,충남 홍성군,1,2026-08-01 02:44:01
재무건전성,경영혁신형 중소기업(메인비즈),광성씨알티(주),제조업,고무 및 플라스틱제품 제조업,중소기업,21.0,경기 성남시 중원구,1,2026-08-01 02:44:01
재무건전성,경영혁신형 중소기업(메인비즈),(주)한서인더스트리,제조업,고무 및 플라스틱제품 제조업,중소기업,11.0,,0,2026-08-01 02:44:01
재무건전성,경영혁신형 중소기업(메인비즈),한길창호,제조업,고무 및 플라스틱제품 제조업,,,경기 시흥시,0,2026-08-01 02:44:01
재무건전성,경영혁신형 중소기업(메인비즈),주식회사 디어커스,제조업,고무 및 플라스틱제품 제조업,중소기업,14.0,서울 마포구,0,2026-08-01 02:44:01
재무건전성,경영혁신형 중소기업(메인비즈),(주)무진상사,제조업,고무 및 플라스틱제품 제조업,중소기업,34.0,경기 김포시,0,2026-08-01 02:44:01
재무건전성,경영혁신형 중소기업(메인비즈),(주)하나환경,제조업,고무 및 플라스틱제품 제조업,중소기업,22.0,충남 아산시,0,2026-08-01 02:44:01
재무건전성,경영혁신형 중소기업(메인비즈),(주)우성알앤티,제조업,고무 및 플라스틱제품 제조업,중소기업,19.0,경북 칠곡군,0,2026-08-01 02:44:01
재무건전성,경영혁신형 중소기업(메인비즈),(주)디엘팩,제조업,고무 및 플라스틱제품 제조업,,,경기 화성시,0,2026-08-01 02:44:01
재무건전성,경영혁신형 중소기업(메인비즈),전원테크,제조업,고무 및 플라스틱제품 제조업,,,강원 홍천군,0,2026-08-01 02:44:01
재무건전성,경영혁신형 중소기업(메인비즈),유성산업,제조업,고무 및 플라스틱제품 제조업,,,경기 화성시,0,2026-08-01 02:44:01
재무건전성,경영혁신형 중소기업(메인비즈),신원기업(주),제조업,고무 및 플라스틱제품 제조업,,,충북 음성군,0,2026-08-01 02:44:01
재무건전성,경영혁신형 중소기업(메인비즈),(주)정인산업,제조업,고무 및 플라스틱제품 제조업,,,,0,2026-08-01 02:44:01
재무건전성,경영혁신형 중소기업(메인비즈),고운(주),제조업,고무 및 플라스틱제품 제조업,,,경북 구미시,0,2026-08-01 02:44:01
재무건전성,경영혁신형 중소기업(메인비즈),아이엠프라스틱,제조업,고무 및 플라스틱제품 제조업,,,경기 포천시,0,2026-08-01 02:44:01
재무건전성,경영혁신형 중소기업(메인비즈),주식회사 솔루트,제조업,고무 및 플라스틱제품 제조업,중소기업,22.0,경기 용인시 처인구,0,2026-08-01 02:44:01
재무건전성,경영혁신형 중소기업(메인비즈),비엔테크,제조업,고무 및 플라스틱제품 제조업,,,경남 김해시,0,2026-08-01 02:44:01
재무건전성,경영혁신형 중소기업(메인비즈),주식회사 아이에스,제조업,고무 및 플라스틱제품 제조업,중소기업,8.0,경기 포천시,0,2026-08-01 02:44:01
재무건전성,경영혁신형 중소기업(메인비즈),주식회사 지팜,제조업,고무 및 플라스틱제품 제조업,,,충북 음성군,0,2026-08-01 02:44:01
재무건전성,경영혁신형 중소기업(메인비즈),(주)동원,제조업,고무 및 플라스틱제품 제조업,,,,0,2026-08-01 02:44:01
재무건전성,경영혁신형 중소기업(메인비즈),유경케미칼,제조업,고무 및 플라스틱제품 제조업,,,충북 청주시 상당구,0,2026-08-01 02:44:01
재무건전성,경영혁신형 중소기업(메인비즈),코스코디에스(주),제조업,고무 및 플라스틱제품 제조업,,,경기 용인시 기흥구,0,2026-08-01 02:44:01
재무건전성,경영혁신형 중소기업(메인비즈),(주)맘스트레져,제조업,고무 및 플라스틱제품 제조업,,,서울 구로구,0,2026-08-01 02:44:01
재무건전성,경영혁신형 중소기업(메인비즈),(주)알케이,제조업,고무 및 플라스틱제품 제조업,,,경북 칠곡군,0,2026-08-01 02:44:01
재무건전성,경영혁신형 중소기업(메인비즈),(주)대일고무,제조업,고무 및 플라스틱제품 제조업,중소기업,9.0,경기 시흥시,0,2026-08-01 02:44:01
재무건전성,경영혁신형 중소기업(메인비즈),(주)태건,제조업,고무 및 플라스틱제품 제조업,,,충북 충주시,0,2026-08-01 02:44:01
재무건전성,경영혁신형 중소기업(메인비즈),(주)수성,제조업,비금속 광물제품 제조업,중소기업,46.0,대구 달서구,54,2026-08-01 02:44:01
재무건전성,경영혁신형 중소기업(메인비즈),태형기업(주),제조업,비금속 광물제품 제조업,중소기업,80.0,경기 화성시,46,2026-08-01 02:44:01
재무건전성,경영혁신형 중소기업(메인비즈),(주)충무화학,제조업,비금속 광물제품 제조업,중소기업,160.0,서울 서초구,41,2026-08-01 02:44:01
재무건전성,경영혁신형 중소기업(메인비즈),(주)케이알,제조업,비금속 광물제품 제조업,중소기업,129.0,경남 김해시,39,2026-08-01 02:44:01
재무건전성,경영혁신형 중소기업(메인비즈),(주)덕산지에스,제조업,비금속 광물제품 제조업,중견기업,103.0,경북 상주시,31,2026-08-01 02:44:01
재무건전성,경영혁신형 중소기업(메인비즈),한국산업 주식회사,제조업,비금속 광물제품 제조업,중소기업,13.0,,29,2026-08-01 02:44:01
재무건전성,경영혁신형 중소기업(메인비즈),주식회사 영빈산업,제조업,비금속 광물제품 제조업,중소기업,43.0,대구 북구,24,2026-08-01 02:44:01
재무건전성,경영혁신형 중소기업(메인비즈),(주)삼보산업,제조업,비금속 광물제품 제조업,중소기업,32.0,경남 함안군,23,2026-08-01 02:44:01
재무건전성,경영혁신형 중소기업(메인비즈),(주)대성아스콘,제조업,비금속 광물제품 제조업,중소기업,20.0,경기 양주시,21,2026-08-01 02:44:01
재무건전성,경영혁신형 중소기업(메인비즈),(주)미림아트텍,제조업,비금속 광물제품 제조업,중소기업,55.0,경남 양산시,21,2026-08-01 02:44:01
재무건전성,경영혁신형 중소기업(메인비즈),(주)케이티에스테크,제조업,비금속 광물제품 제조업,중소기업,9.0,충남 홍성군,21,2026-08-01 02:44:01
재무건전성,경영혁신형 중소기업(메인비즈),두원산업(주),제조업,비금속 광물제품 제조업,중소기업,50.0,,19,2026-08-01 02:44:01
재무건전성,경영혁신형 중소기업(메인비즈),한일콘크리트 주식회사,제조업,비금속 광물제품 제조업,중소기업,15.0,충남 천안시 서북구,18,2026-08-01 02:44:01
재무건전성,경영혁신형 중소기업(메인비즈),(주)동아레미콘,제조업,비금속 광물제품 제조업,중소기업,30.0,경북 포항시 남구,17,2026-08-01 02:44:01
재무건전성,경영혁신형 중소기업(메인비즈),도현개발 주식회사,제조업,비금속 광물제품 제조업,중소기업,33.0,,16,2026-08-01 02:44:01
재무건전성,경영혁신형 중소기업(메인비즈),(주)한솔산업,제조업,비금속 광물제품 제조업,중소기업,14.0,충남 아산시,15,2026-08-01 02:44:01
재무건전성,경영혁신형 중소기업(메인비즈),(주)한국이앤비,제조업,비금속 광물제품 제조업,중소기업,68.0,경기 안산시 상록구,15,2026-08-01 02:44:01
재무건전성,경영혁신형 중소기업(메인비즈),(주)이엘산업,제조업,비금속 광물제품 제조업,중소기업,8.0,,15,2026-08-01 02:44:01
재무건전성,경영혁신형 중소기업(메인비즈),(주)아르데코,제조업,비금속 광물제품 제조업,중소기업,18.0,경기 의왕시,11,2026-08-01 02:44:01
재무건전성,경영혁신형 중소기업(메인비즈),(주)에코제이피,제조업,비금속 광물제품 제조업,중소기업,19.0,경북 문경시,10,2026-08-01 02:44:01
재무건전성,경영혁신형 중소기업(메인비즈),제일산업(주),제조업,비금속 광물제품 제조업,중소기업,14.0,강원 홍천군,10,2026-08-01 02:44:01
재무건전성,경영혁신형 중소기업(메인비즈),(주)월드큐텍,제조업,비금속 광물제품 제조업,중소기업,27.0,충북 음성군,9,2026-08-01 02:44:01
재무건전성,경영혁신형 중소기업(메인비즈),고려기초소재 주식회사,제조업,비금속 광물제품 제조업,중소기업,37.0,충남 당진시,9,2026-08-01 02:44:01
재무건전성,경영혁신형 중소기업(메인비즈),주식회사 비추미글래스,제조업,비금속 광물제품 제조업,중소기업,,경기 포천시,9,2026-08-01 02:44:01
재무건전성,경영혁신형 중소기업(메인비즈),청화요업(주),제조업,비금속 광물제품 제조업,중소기업,37.0,충남 홍성군,9,2026-08-01 02:44:01
재무건전성,경영혁신형 중소기업(메인비즈),(주)진도레미콘,제조업,비금속 광물제품 제조업,중소기업,20.0,경기 가평군,8,2026-08-01 02:44:01
재무건전성,경영혁신형 중소기업(메인비즈),(주)에스비산업,제조업,비금속 광물제품 제조업,중소기업,25.0,경남 창원시 진해구,8,2026-08-01 02:44:01
재무건전성,경영혁신형 중소기업(메인비즈),(주)이노폼,제조업,비금속 광물제품 제조업,중소기업,18.0,,7,2026-08-01 02:44:01
재무건전성,경영혁신형 중소기업(메인비즈),(주)영위드에프씨,제조업,비금속 광물제품 제조업,중소기업,22.0,충북 음성군,7,2026-08-01 02:44:01
재무건전성,경영혁신형 중소기업(메인비즈),(주)보성레미콘,제조업,비금속 광물제품 제조업,중소기업,26.0,경남 창원시 의창구,7,2026-08-01 02:44:01
재무건전성,경영혁신형 중소기업(메인비즈),(주)채광창호,제조업,비금속 광물제품 제조업,중소기업,13.0,경북 경산시,7,2026-08-01 02:44:01
재무건전성,경영혁신형 중소기업(메인비즈),영산콘크리트공업(주),제조업,비금속 광물제품 제조업,중소기업,68.0,경기 용인시 처인구,6,2026-08-01 02:44:01
재무건전성,경영혁신형 중소기업(메인비즈),주식회사 인천유리,제조업,비금속 광물제품 제조업,중소기업,10.0,경기 김포시,6,2026-08-01 02:44:01
재무건전성,경영혁신형 중소기업(메인비즈),(주)삼우,제조업,비금속 광물제품 제조업,중소기업,65.0,경북 경산시,6,2026-08-01 02:44:01
재무건전성,경영혁신형 중소기업(메인비즈),한남산업(주),제조업,비금속 광물제품 제조업,중소기업,30.0,,5,2026-08-01 02:44:01
재무건전성,경영혁신형 중소기업(메인비즈),대일콘크리트주식회사,제조업,비금속 광물제품 제조업,중소기업,33.0,경기 양평군,5,2026-08-01 02:44:01
재무건전성,경영혁신형 중소기업(메인비즈),주식회사 대원아스콘,제조업,비금속 광물제품 제조업,중소기업,23.0,경기 파주시,5,2026-08-01 02:44:01
재무건전성,경영혁신형 중소기업(메인비즈),(주)맑은창호,제조업,비금속 광물제품 제조업,중소기업,15.0,경북 경산시,5,2026-08-01 02:44:01
재무건전성,경영혁신형 중소기업(메인비즈),(주)해솔아스콘,제조업,비금속 광물제품 제조업,중소기업,19.0,,5,2026-08-01 02:44:01
재무건전성,경영혁신형 중소기업(메인비즈),천일산업(주),제조업,비금속 광물제품 제조업,중소기업,20.0,,4,2026-08-01 02:44:01
재무건전성,경영혁신형 중소기업(메인비즈),(주)다성,제조업,비금속 광물제품 제조업,중소기업,61.0,경기 이천시,4,2026-08-01 02:44:01
재무건전성,경영혁신형 중소기업(메인비즈),(주)가우테크,제조업,비금속 광물제품 제조업,중소기업,27.0,경기 용인시 처인구,4,2026-08-01 02:44:01
재무건전성,경영혁신형 중소기업(메인비즈),주식회사 성원글라스텍,제조업,비금속 광물제품 제조업,중소기업,6.0,경남 창원시 의창구,4,2026-08-01 02:44:01
재무건전성,경영혁신형 중소기업(메인비즈),(주)새한그라스테크,제조업,비금속 광물제품 제조업,중소기업,25.0,경남 밀양시,4,2026-08-01 02:44:01
재무건전성,경영혁신형 중소기업(메인비즈),주식회사 한진레미콘,제조업,비금속 광물제품 제조업,중소기업,34.0,,4,2026-08-01 02:44:01
재무건전성,경영혁신형 중소기업(메인비즈),(주)원방산업,제조업,비금속 광물제품 제조업,중소기업,20.0,경기 남양주시,4,2026-08-01 02:44:01
재무건전성,경영혁신형 중소기업(메인비즈),고려그린믹스 주식회사,제조업,비금속 광물제품 제조업,중소기업,17.0,충남 아산시,3,2026-08-01 02:44:01
재무건전성,경영혁신형 중소기업(메인비즈),흥일기업(주),제조업,비금속 광물제품 제조업,중소기업,39.0,경기 이천시,3,2026-08-01 02:44:01
재무건전성,경영혁신형 중소기업(메인비즈),아산레미콘(주),제조업,비금속 광물제품 제조업,중소기업,24.0,,3,2026-08-01 02:44:01
재무건전성,경영혁신형 중소기업(메인비즈),미술과조형(주),제조업,비금속 광물제품 제조업,중소기업,11.0,경기 용인시 처인구,2,2026-08-01 02:44:01
재무건전성,경영혁신형 중소기업(메인비즈),주식회사 엘티,제조업,비금속 광물제품 제조업,중소기업,15.0,경북 김천시,2,2026-08-01 02:44:01
재무건전성,경영혁신형 중소기업(메인비즈),서부레미콘(주),제조업,비금속 광물제품 제조업,중소기업,24.0,전북 완주군,2,2026-08-01 02:44:01
재무건전성,경영혁신형 중소기업(메인비즈),(주)제일그라스,제조업,비금속 광물제품 제조업,중소기업,30.0,충북 음성군,2,2026-08-01 02:44:01
재무건전성,경영혁신형 중소기업(메인비즈),민국레미콘주식회사,제조업,비금속 광물제품 제조업,중소기업,15.0,충남 서천군,1,2026-08-01 02:44:01
재무건전성,경영혁신형 중소기업(메인비즈),(주)동부레미콘,제조업,비금속 광물제품 제조업,중소기업,24.0,경북 영천시,1,2026-08-01 02:44:01
재무건전성,경영혁신형 중소기업(메인비즈),주식회사삼성콘크리트,제조업,비금속 광물제품 제조업,중소기업,23.0,경북 의성군,1,2026-08-01 02:44:01
재무건전성,경영혁신형 중소기업(메인비즈),(주)화신개발,제조업,비금속 광물제품 제조업,중소기업,24.0,경기 평택시,1,2026-08-01 02:44:01
재무건전성,경영혁신형 중소기업(메인비즈),주식회사동해석산,제조업,비금속 광물제품 제조업,중소기업,22.0,강원 양양군,1,2026-08-01 02:44:01
재무건전성,경영혁신형 중소기업(메인비즈),남성레미콘(주),제조업,비금속 광물제품 제조업,중소기업,26.0,경기 화성시,1,2026-08-01 02:44:01
재무건전성,경영혁신형 중소기업(메인비즈),(주)세림켐텍,제조업,비금속 광물제품 제조업,,,부산 기장군,0,2026-08-01 02:44:01
재무건전성,경영혁신형 중소기업(메인비즈),(주)대흥레미콘,제조업,비금속 광물제품 제조업,,,충북 충주시,0,2026-08-01 02:44:01
재무건전성,경영혁신형 중소기업(메인비즈),(주)동아레미콘,제조업,비금속 광물제품 제조업,중소기업,38.0,경북 안동시,0,2026-08-01 02:44:01
재무건전성,경영혁신형 중소기업(메인비즈),(주)일강레미콘,제조업,비금속 광물제품 제조업,중소기업,14.0,,0,2026-08-01 02:44:01
재무건전성,경영혁신형 중소기업(메인비즈),영광유리,제조업,비금속 광물제품 제조업,,,경기 광주시,0,2026-08-01 02:44:01
재무건전성,경영혁신형 중소기업(메인비즈),리그마글라스 주식회사,제조업,비금속 광물제품 제조업,중소기업,7.0,충북 청주시 흥덕구,0,2026-08-01 02:44:01
재무건전성,경영혁신형 중소기업(메인비즈),(주)삼보,제조업,비금속 광물제품 제조업,중소기업,,경북 의성군,0,2026-08-01 02:44:01
재무건전성,경영혁신형 중소기업(메인비즈),주식회사삼성하우징,제조업,비금속 광물제품 제조업,,,울산 울주군,0,2026-08-01 02:44:01
재무건전성,경영혁신형 중소기업(메인비즈),방태산업(주),제조업,비금속 광물제품 제조업,중소기업,13.0,경기 광주시,0,2026-08-01 02:44:01
재무건전성,경영혁신형 중소기업(메인비즈),(유)천하환경,제조업,비금속 광물제품 제조업,중소기업,13.0,,0,2026-08-01 02:44:01
재무건전성,경영혁신형 중소기업(메인비즈),(주)대광아스콘,제조업,비금속 광물제품 제조업,,,경기 여주시,0,2026-08-01 02:44:01
재무건전성,경영혁신형 중소기업(메인비즈),(주)삼성아스콘,제조업,비금속 광물제품 제조업,,,경남 함안군,0,2026-08-01 02:44:01
재무건전성,경영혁신형 중소기업(메인비즈),(주)정연산업,제조업,비금속 광물제품 제조업,,,경기 안성시,0,2026-08-01 02:44:01
재무건전성,경영혁신형 중소기업(메인비즈),(주)신흥콘크리트,제조업,비금속 광물제품 제조업,중소기업,14.0,,0,2026-08-01 02:44:01
재무건전성,경영혁신형 중소기업(메인비즈),동아개발,제조업,비금속 광물제품 제조업,,,경남 김해시,0,2026-08-01 02:44:01
재무건전성,경영혁신형 중소기업(메인비즈),테라세라믹(다원도예),제조업,비금속 광물제품 제조업,,,,0,2026-08-01 02:44:01
재무건전성,경영혁신형 중소기업(메인비즈),금성네트(주),제조업,비금속 광물제품 제조업,중소기업,12.0,충북 청주시 청원구,0,2026-08-01 02:44:01
재무건전성,경영혁신형 중소기업(메인비즈),(주)신아에이치에스,제조업,비금속 광물제품 제조업,중소기업,43.0,,0,2026-08-01 02:44:01
재무건전성,경영혁신형 중소기업(메인비즈),세진석건,제조업,비금속 광물제품 제조업,중소기업,8.0,전북 익산시,0,2026-08-01 02:44:01
재무건전성,경영혁신형 중소기업(메인비즈),주식회사 디엠,제조업,비금속 광물제품 제조업,중소기업,19.0,충북 청주시 서원구,0,2026-08-01 02:44:01
재무건전성,경영혁신형 중소기업(메인비즈),(주)청도,제조업,1차 금속 제조업,중소기업,81.0,충북 청주시 청원구,106,2026-08-01 02:44:01
재무건전성,경영혁신형 중소기업(메인비즈),송암철강(주),제조업,1차 금속 제조업,중소기업,65.0,충북 음성군,83,2026-08-01 02:44:01
재무건전성,경영혁신형 중소기업(메인비즈),대륙철강산업(주),제조업,1차 금속 제조업,중소기업,39.0,경북 포항시 남구,39,2026-08-01 02:44:01
재무건전성,경영혁신형 중소기업(메인비즈),주식회사 쎄니트,제조업,1차 금속 제조업,중소기업,332.0,경남 의령군,39,2026-08-01 02:44:01
재무건전성,경영혁신형 중소기업(메인비즈),신성씨앤에스 주식회사,제조업,1차 금속 제조업,중소기업,86.0,경기 성남시 수정구,36,2026-08-01 02:44:01
재무건전성,경영혁신형 중소기업(메인비즈),주식회사 명강스틸,제조업,1차 금속 제조업,중소기업,56.0,경기 김포시,35,2026-08-01 02:44:01
재무건전성,경영혁신형 중소기업(메인비즈),대우선재(주),제조업,1차 금속 제조업,중소기업,33.0,충북 충주시,31,2026-08-01 02:44:01
재무건전성,경영혁신형 중소기업(메인비즈),현대강업 주식회사,제조업,1차 금속 제조업,중소기업,21.0,경북 경주시,30,2026-08-01 02:44:01
재무건전성,경영혁신형 중소기업(메인비즈),고려금속공업(주),제조업,1차 금속 제조업,중소기업,34.0,경기 포천시,27,2026-08-01 02:44:01
재무건전성,경영혁신형 중소기업(메인비즈),(주)범우,제조업,1차 금속 제조업,중소기업,56.0,,27,2026-08-01 02:44:01
재무건전성,경영혁신형 중소기업(메인비즈),(유)오성알씨,제조업,1차 금속 제조업,중소기업,40.0,대전 대덕구,26,2026-08-01 02:44:01
재무건전성,경영혁신형 중소기업(메인비즈),주식회사 우경엔텍,제조업,1차 금속 제조업,중소기업,16.0,부산 사상구,26,2026-08-01 02:44:01
재무건전성,경영혁신형 중소기업(메인비즈),(주)부성후렌지,제조업,1차 금속 제조업,중소기업,25.0,부산 강서구,26,2026-08-01 02:44:01
재무건전성,경영혁신형 중소기업(메인비즈),주식회사 대신스틸,제조업,1차 금속 제조업,중소기업,42.0,인천 남동구,24,2026-08-01 02:44:01
재무건전성,경영혁신형 중소기업(메인비즈),주식회사 성오강관,제조업,1차 금속 제조업,중소기업,26.0,경북 김천시,22,2026-08-01 02:44:01
재무건전성,경영혁신형 중소기업(메인비즈),(주)티에이치인터,제조업,1차 금속 제조업,중소기업,37.0,경기 안산시 단원구,17,2026-08-01 02:44:01
재무건전성,경영혁신형 중소기업(메인비즈),(주)옥동,제조업,1차 금속 제조업,중소기업,20.0,,16,2026-08-01 02:44:01
재무건전성,경영혁신형 중소기업(메인비즈),주식회사 석영에스텍,제조업,1차 금속 제조업,중소기업,73.0,충남 당진시,16,2026-08-01 02:44:01
재무건전성,경영혁신형 중소기업(메인비즈),신스틸(주),제조업,1차 금속 제조업,중소기업,32.0,경기 안산시 단원구,16,2026-08-01 02:44:01
재무건전성,경영혁신형 중소기업(메인비즈),유화강관(주),제조업,1차 금속 제조업,중소기업,66.0,충북 진천군,16,2026-08-01 02:44:01
재무건전성,경영혁신형 중소기업(메인비즈),(주)신명특수강,제조업,1차 금속 제조업,중소기업,,경북 영천시,15,2026-08-01 02:44:01
재무건전성,경영혁신형 중소기업(메인비즈),(주)대동신관,제조업,1차 금속 제조업,중소기업,48.0,부산 사하구,14,2026-08-01 02:44:01
재무건전성,경영혁신형 중소기업(메인비즈),주식회사 에이테크,제조업,1차 금속 제조업,중소기업,15.0,충북 음성군,12,2026-08-01 02:44:01
재무건전성,경영혁신형 중소기업(메인비즈),유일강관(주),제조업,1차 금속 제조업,중소기업,46.0,경기 여주시,12,2026-08-01 02:44:01
재무건전성,경영혁신형 중소기업(메인비즈),(주)유스틸,제조업,1차 금속 제조업,중소기업,19.0,경기 안산시 단원구,11,2026-08-01 02:44:01
재무건전성,경영혁신형 중소기업(메인비즈),건영스틸(주),제조업,1차 금속 제조업,중소기업,19.0,경기 김포시,11,2026-08-01 02:44:01
재무건전성,경영혁신형 중소기업(메인비즈),주식회사 거산알루미늄,제조업,1차 금속 제조업,중소기업,35.0,경북 성주군,11,2026-08-01 02:44:01
재무건전성,경영혁신형 중소기업(메인비즈),삼한철강산업(주),제조업,1차 금속 제조업,중소기업,21.0,경남 김해시,11,2026-08-01 02:44:01
재무건전성,경영혁신형 중소기업(메인비즈),(주)신창특수강,제조업,1차 금속 제조업,중소기업,27.0,경기 안산시 단원구,10,2026-08-01 02:44:01
재무건전성,경영혁신형 중소기업(메인비즈),서림철강 주식회사,제조업,1차 금속 제조업,중소기업,41.0,,9,2026-08-01 02:44:01
재무건전성,경영혁신형 중소기업(메인비즈),(주)제일종합특수강,제조업,1차 금속 제조업,중소기업,17.0,대구 달서구,9,2026-08-01 02:44:01
재무건전성,경영혁신형 중소기업(메인비즈),(주)성호철강,제조업,1차 금속 제조업,중소기업,30.0,대구 북구,8,2026-08-01 02:44:01
재무건전성,경영혁신형 중소기업(메인비즈),서울비철주식회사,제조업,1차 금속 제조업,중소기업,62.0,경기 화성시,8,2026-08-01 02:44:01
재무건전성,경영혁신형 중소기업(메인비즈),케이엠텍주식회사,제조업,1차 금속 제조업,중소기업,18.0,경북 고령군,8,2026-08-01 02:44:01
재무건전성,경영혁신형 중소기업(메인비즈),비앤디철강 주식회사,제조업,1차 금속 제조업,중소기업,20.0,충북 진천군,8,2026-08-01 02:44:01
재무건전성,경영혁신형 중소기업(메인비즈),마동파이프주식회사,제조업,1차 금속 제조업,중소기업,5.0,경기 양주시,8,2026-08-01 02:44:01
재무건전성,경영혁신형 중소기업(메인비즈),(주)신우금속,제조업,1차 금속 제조업,중소기업,45.0,경북 고령군,8,2026-08-01 02:44:01
재무건전성,경영혁신형 중소기업(메인비즈),(주)대양씨에스피,제조업,1차 금속 제조업,중소기업,11.0,강원 영월군,7,2026-08-01 02:44:01
재무건전성,경영혁신형 중소기업(메인비즈),동화경금속공업 주식회사,제조업,1차 금속 제조업,중소기업,43.0,충남 아산시,7,2026-08-01 02:44:01
재무건전성,경영혁신형 중소기업(메인비즈),(주)세일에스티에스,제조업,1차 금속 제조업,중소기업,17.0,경기 평택시,7,2026-08-01 02:44:01
재무건전성,경영혁신형 중소기업(메인비즈),(주)원진글로벌,제조업,1차 금속 제조업,중소기업,15.0,경남 김해시,7,2026-08-01 02:44:01
재무건전성,경영혁신형 중소기업(메인비즈),삼흥에스씨(주),제조업,1차 금속 제조업,중소기업,35.0,부산 강서구,7,2026-08-01 02:44:01
재무건전성,경영혁신형 중소기업(메인비즈),홍은금속 주식회사,제조업,1차 금속 제조업,중소기업,34.0,경기 연천군,6,2026-08-01 02:44:01
재무건전성,경영혁신형 중소기업(메인비즈),(주)온누리캐스팅,제조업,1차 금속 제조업,중소기업,19.0,경남 양산시,6,2026-08-01 02:44:01
재무건전성,경영혁신형 중소기업(메인비즈),정보철강 주식회사,제조업,1차 금속 제조업,중소기업,6.0,충북 옥천군,6,2026-08-01 02:44:01
재무건전성,경영혁신형 중소기업(메인비즈),(주)한성씨알에스,제조업,1차 금속 제조업,중소기업,39.0,경기 화성시,6,2026-08-01 02:44:01
재무건전성,경영혁신형 중소기업(메인비즈),(주)협신철강,제조업,1차 금속 제조업,중소기업,29.0,경북 영천시,5,2026-08-01 02:44:01
재무건전성,경영혁신형 중소기업(메인비즈),(주)한국비철,제조업,1차 금속 제조업,중소기업,37.0,충남 아산시,5,2026-08-01 02:44:01
재무건전성,경영혁신형 중소기업(메인비즈),주식회사 유니온이앤티,제조업,1차 금속 제조업,중소기업,12.0,경기 부천시,5,2026-08-01 02:44:01
재무건전성,경영혁신형 중소기업(메인비즈),주식회사 세광하이테크,제조업,1차 금속 제조업,중소기업,56.0,대구 북구,4,2026-08-01 02:44:01
재무건전성,경영혁신형 중소기업(메인비즈),주식회사 쾌청,제조업,1차 금속 제조업,중소기업,15.0,경기 연천군,4,2026-08-01 02:44:01
재무건전성,경영혁신형 중소기업(메인비즈),(주)승리스틸산업,제조업,1차 금속 제조업,중소기업,18.0,경북 경산시,4,2026-08-01 02:44:01
재무건전성,경영혁신형 중소기업(메인비즈),(주)도현,제조업,1차 금속 제조업,중소기업,44.0,경북 성주군,4,2026-08-01 02:44:01
재무건전성,경영혁신형 중소기업(메인비즈),경원경금속(주),제조업,1차 금속 제조업,중소기업,11.0,인천 남동구,3,2026-08-01 02:44:01
재무건전성,경영혁신형 중소기업(메인비즈),주식회사 디아이스틸,제조업,1차 금속 제조업,중소기업,12.0,경기 안산시 단원구,3,2026-08-01 02:44:01
재무건전성,경영혁신형 중소기업(메인비즈),(주)제일건철,제조업,1차 금속 제조업,중소기업,26.0,전북 김제시,3,2026-08-01 02:44:01
재무건전성,경영혁신형 중소기업(메인비즈),주식회사 큐피,제조업,1차 금속 제조업,중소기업,11.0,경남 김해시,3,2026-08-01 02:44:01
재무건전성,경영혁신형 중소기업(메인비즈),(주)신명,제조업,1차 금속 제조업,중소기업,33.0,충북 진천군,3,2026-08-01 02:44:01
재무건전성,경영혁신형 중소기업(메인비즈),주식회사 영화테크,제조업,1차 금속 제조업,중소기업,,,3,2026-08-01 02:44:01
재무건전성,경영혁신형 중소기업(메인비즈),원명에스티에스(주),제조업,1차 금속 제조업,중소기업,29.0,경기 화성시,3,2026-08-01 02:44:01
재무건전성,경영혁신형 중소기업(메인비즈),선호피엔에스(주),제조업,1차 금속 제조업,중소기업,41.0,경기 안산시 단원구,3,2026-08-01 02:44:01
재무건전성,경영혁신형 중소기업(메인비즈),용호금속(주),제조업,1차 금속 제조업,중소기업,18.0,,2,2026-08-01 02:44:01
재무건전성,경영혁신형 중소기업(메인비즈),대중특수강(주),제조업,1차 금속 제조업,중소기업,24.0,부산 강서구,2,2026-08-01 02:44:01
재무건전성,경영혁신형 중소기업(메인비즈),(주)두원하이스틸,제조업,1차 금속 제조업,중소기업,20.0,경남 김해시,2,2026-08-01 02:44:01
재무건전성,경영혁신형 중소기업(메인비즈),(주)고려철강,제조업,1차 금속 제조업,중소기업,22.0,경남 창원시 마산합포구,2,2026-08-01 02:44:01
재무건전성,경영혁신형 중소기업(메인비즈),주식회사 류림산업,제조업,1차 금속 제조업,중소기업,27.0,대구 달서구,1,2026-08-01 02:44:01
재무건전성,경영혁신형 중소기업(메인비즈),주식회사 안성금속,제조업,1차 금속 제조업,중소기업,14.0,경기 김포시,1,2026-08-01 02:44:01
재무건전성,경영혁신형 중소기업(메인비즈),(주)지오스틸,제조업,1차 금속 제조업,중소기업,44.0,경기 평택시,1,2026-08-01 02:44:01
재무건전성,경영혁신형 중소기업(메인비즈),포항선재주식회사,제조업,1차 금속 제조업,중소기업,11.0,경북 포항시 북구,0,2026-08-01 02:44:01
재무건전성,경영혁신형 중소기업(메인비즈),(주)강민코퍼레이션,제조업,1차 금속 제조업,,,충남 아산시,0,2026-08-01 02:44:01
재무건전성,경영혁신형 중소기업(메인비즈),미래안테크,제조업,1차 금속 제조업,,,부산 사상구,0,2026-08-01 02:44:01
재무건전성,경영혁신형 중소기업(메인비즈),가일철강 (주),제조업,1차 금속 제조업,중소기업,17.0,충북 음성군,0,2026-08-01 02:44:01
재무건전성,경영혁신형 중소기업(메인비즈),(주)삼우에프엠씨,제조업,1차 금속 제조업,,,경남 김해시,0,2026-08-01 02:44:01
재무건전성,경영혁신형 중소기업(메인비즈),승지금속(주),제조업,1차 금속 제조업,,,경남 창원시 마산회원구,0,2026-08-01 02:44:01
재무건전성,경영혁신형 중소기업(메인비즈),정림철강(주),제조업,1차 금속 제조업,중소기업,19.0,경남 창녕군,0,2026-08-01 02:44:01
재무건전성,경영혁신형 중소기업(메인비즈),(주)지오티엔에스,제조업,1차 금속 제조업,중소기업,21.0,경기 시흥시,0,2026-08-01 02:44:01
재무건전성,경영혁신형 중소기업(메인비즈),성화산업(주),제조업,금속가공제품 제조업; 기계 및 가구 제외,중소기업,191.0,경남 진주시,149,2026-08-01 02:44:01
재무건전성,경영혁신형 중소기업(메인비즈),(주)대웅에스앤티,제조업,금속가공제품 제조업; 기계 및 가구 제외,중소기업,107.0,,59,2026-08-01 02:44:01
재무건전성,경영혁신형 중소기업(메인비즈),(주)울프,제조업,금속가공제품 제조업; 기계 및 가구 제외,중소기업,130.0,울산 울주군,55,2026-08-01 02:44:01
재무건전성,경영혁신형 중소기업(메인비즈),인텔철강(주),제조업,금속가공제품 제조업; 기계 및 가구 제외,중소기업,30.0,경북 포항시 북구,53,2026-08-01 02:44:01
재무건전성,경영혁신형 중소기업(메인비즈),(주)삼성아이앤디,제조업,금속가공제품 제조업; 기계 및 가구 제외,중소기업,20.0,인천 미추홀구,44,2026-08-01 02:44:01
재무건전성,경영혁신형 중소기업(메인비즈),(주)디에스소결금속,제조업,금속가공제품 제조업; 기계 및 가구 제외,중소기업,25.0,대구 달성군,43,2026-08-01 02:44:01
재무건전성,경영혁신형 중소기업(메인비즈),성보테크놀로지 주식회사,제조업,금속가공제품 제조업; 기계 및 가구 제외,중소기업,14.0,인천 남동구,39,2026-08-01 02:44:01
재무건전성,경영혁신형 중소기업(메인비즈),풍원공업주식회사,제조업,금속가공제품 제조업; 기계 및 가구 제외,중소기업,75.0,경남 김해시,34,2026-08-01 02:44:01
재무건전성,경영혁신형 중소기업(메인비즈),주식회사 이지아이다이아몬드,제조업,금속가공제품 제조업; 기계 및 가구 제외,중소기업,9.0,,33,2026-08-01 02:44:01
재무건전성,경영혁신형 중소기업(메인비즈),에코클리어(주),제조업,금속가공제품 제조업; 기계 및 가구 제외,중소기업,47.0,경남 김해시,32,2026-08-01 02:44:01
재무건전성,경영혁신형 중소기업(메인비즈),주식회사 세광세록스,제조업,금속가공제품 제조업; 기계 및 가구 제외,중소기업,32.0,인천 부평구,28,2026-08-01 02:44:01
재무건전성,경영혁신형 중소기업(메인비즈),주식회사 대한강재,제조업,금속가공제품 제조업; 기계 및 가구 제외,중소기업,51.0,경기 시흥시,27,2026-08-01 02:44:01
재무건전성,경영혁신형 중소기업(메인비즈),진명홈바스(주),제조업,금속가공제품 제조업; 기계 및 가구 제외,중소기업,29.0,경기 안산시 단원구,26,2026-08-01 02:44:01
재무건전성,경영혁신형 중소기업(메인비즈),(주)SC ISP,제조업,금속가공제품 제조업; 기계 및 가구 제외,중소기업,47.0,경남 김해시,26,2026-08-01 02:44:01
재무건전성,경영혁신형 중소기업(메인비즈),주식회사 맥파,제조업,금속가공제품 제조업; 기계 및 가구 제외,중소기업,42.0,인천 남동구,26,2026-08-01 02:44:01
재무건전성,경영혁신형 중소기업(메인비즈),(주)홍창,제조업,금속가공제품 제조업; 기계 및 가구 제외,중소기업,58.0,대구 서구,25,2026-08-01 02:44:01
재무건전성,경영혁신형 중소기업(메인비즈),주식회사 에이치엔씨,제조업,금속가공제품 제조업; 기계 및 가구 제외,중소기업,28.0,충남 당진시,24,2026-08-01 02:44:01
재무건전성,경영혁신형 중소기업(메인비즈),주식회사 동화워터젯,제조업,금속가공제품 제조업; 기계 및 가구 제외,중소기업,9.0,경기 안산시 단원구,22,2026-08-01 02:44:01
재무건전성,경영혁신형 중소기업(메인비즈),(주)에스비디메디칼,제조업,금속가공제품 제조업; 기계 및 가구 제외,중소기업,30.0,경북 구미시,22,2026-08-01 02:44:01
재무건전성,경영혁신형 중소기업(메인비즈),주식회사 동합철강,제조업,금속가공제품 제조업; 기계 및 가구 제외,중소기업,9.0,부산 사상구,22,2026-08-01 02:44:01
재무건전성,경영혁신형 중소기업(메인비즈),(주)가야ESC,제조업,금속가공제품 제조업; 기계 및 가구 제외,중소기업,53.0,경남 창녕군,21,2026-08-01 02:44:01
재무건전성,경영혁신형 중소기업(메인비즈),주식회사 에스와이테크,제조업,금속가공제품 제조업; 기계 및 가구 제외,중소기업,62.0,충북 제천시,21,2026-08-01 02:44:01
재무건전성,경영혁신형 중소기업(메인비즈),(주)오빌,제조업,금속가공제품 제조업; 기계 및 가구 제외,중소기업,12.0,,21,2026-08-01 02:44:01
재무건전성,경영혁신형 중소기업(메인비즈),주식회사 인흥산업,제조업,금속가공제품 제조업; 기계 및 가구 제외,중소기업,43.0,경북 경주시,21,2026-08-01 02:44:01
재무건전성,경영혁신형 중소기업(메인비즈),(주)삼호에스엠티,제조업,금속가공제품 제조업; 기계 및 가구 제외,중소기업,18.0,경기 시흥시,20,2026-08-01 02:44:01
재무건전성,경영혁신형 중소기업(메인비즈),신원스틸(주),제조업,금속가공제품 제조업; 기계 및 가구 제외,중소기업,22.0,충남 천안시 서북구,20,2026-08-01 02:44:01
재무건전성,경영혁신형 중소기업(메인비즈),주식회사 성화스틸,제조업,금속가공제품 제조업; 기계 및 가구 제외,중소기업,14.0,경기 화성시,20,2026-08-01 02:44:01
재무건전성,경영혁신형 중소기업(메인비즈),한국기연(주),제조업,금속가공제품 제조업; 기계 및 가구 제외,중소기업,40.0,충북 청주시 청원구,19,2026-08-01 02:44:01
재무건전성,경영혁신형 중소기업(메인비즈),청룡산업주식회사,제조업,금속가공제품 제조업; 기계 및 가구 제외,중소기업,62.0,경남 김해시,19,2026-08-01 02:44:01
재무건전성,경영혁신형 중소기업(메인비즈),(주)삼영진공,제조업,금속가공제품 제조업; 기계 및 가구 제외,중소기업,10.0,대구 달서구,19,2026-08-01 02:44:01
재무건전성,경영혁신형 중소기업(메인비즈),주식회사 진스틸,제조업,금속가공제품 제조업; 기계 및 가구 제외,중소기업,36.0,경기 화성시,19,2026-08-01 02:44:01
재무건전성,경영혁신형 중소기업(메인비즈),반도스틸(주),제조업,금속가공제품 제조업; 기계 및 가구 제외,중소기업,48.0,경기 이천시,19,2026-08-01 02:44:01
재무건전성,경영혁신형 중소기업(메인비즈),(주)반도,제조업,금속가공제품 제조업; 기계 및 가구 제외,중소기업,15.0,경기 이천시,19,2026-08-01 02:44:01
재무건전성,경영혁신형 중소기업(메인비즈),(주)와이제이스틸,제조업,금속가공제품 제조업; 기계 및 가구 제외,중소기업,10.0,경기 여주시,18,2026-08-01 02:44:01
재무건전성,경영혁신형 중소기업(메인비즈),(주)성실엔지니어링,제조업,금속가공제품 제조업; 기계 및 가구 제외,중소기업,29.0,경기 화성시,18,2026-08-01 02:44:01
재무건전성,경영혁신형 중소기업(메인비즈),자원 주식회사,제조업,금속가공제품 제조업; 기계 및 가구 제외,중소기업,10.0,충북 충주시,18,2026-08-01 02:44:01
재무건전성,경영혁신형 중소기업(메인비즈),(주)케이웰,제조업,금속가공제품 제조업; 기계 및 가구 제외,중소기업,41.0,,17,2026-08-01 02:44:01
재무건전성,경영혁신형 중소기업(메인비즈),(주)케이씨텍,제조업,금속가공제품 제조업; 기계 및 가구 제외,중소기업,83.0,인천 남동구,16,2026-08-01 02:44:01
재무건전성,경영혁신형 중소기업(메인비즈),(주)대유스틸,제조업,금속가공제품 제조업; 기계 및 가구 제외,중소기업,33.0,경기 이천시,16,2026-08-01 02:44:01
재무건전성,경영혁신형 중소기업(메인비즈),포스텍(주),제조업,금속가공제품 제조업; 기계 및 가구 제외,중소기업,20.0,충남 천안시 서북구,16,2026-08-01 02:44:01
재무건전성,경영혁신형 중소기업(메인비즈),(주)아이에스오탱크,제조업,금속가공제품 제조업; 기계 및 가구 제외,중소기업,28.0,부산 남구,15,2026-08-01 02:44:01
재무건전성,경영혁신형 중소기업(메인비즈),(주)진서에프티,제조업,금속가공제품 제조업; 기계 및 가구 제외,중소기업,26.0,,15,2026-08-01 02:44:01
재무건전성,경영혁신형 중소기업(메인비즈),(주)원동판넬,제조업,금속가공제품 제조업; 기계 및 가구 제외,중소기업,35.0,경기 파주시,15,2026-08-01 02:44:01
재무건전성,경영혁신형 중소기업(메인비즈),주식회사 부성창호,제조업,금속가공제품 제조업; 기계 및 가구 제외,중소기업,9.0,울산 울주군,14,2026-08-01 02:44:01
재무건전성,경영혁신형 중소기업(메인비즈),해피창주식회사,제조업,금속가공제품 제조업; 기계 및 가구 제외,중소기업,35.0,대전 대덕구,14,2026-08-01 02:44:01
재무건전성,경영혁신형 중소기업(메인비즈),(주)경수제철건설,제조업,금속가공제품 제조업; 기계 및 가구 제외,중소기업,115.0,충남 당진시,13,2026-08-01 02:44:01
재무건전성,경영혁신형 중소기업(메인비즈),미래하이텍,제조업,금속가공제품 제조업; 기계 및 가구 제외,중소기업,9.0,경남 창원시 의창구,13,2026-08-01 02:44:01
재무건전성,경영혁신형 중소기업(메인비즈),주식회사 대진아트와이어,제조업,금속가공제품 제조업; 기계 및 가구 제외,중소기업,34.0,경기 김포시,13,2026-08-01 02:44:01
재무건전성,경영혁신형 중소기업(메인비즈),(주)동산테크,제조업,금속가공제품 제조업; 기계 및 가구 제외,중소기업,43.0,경기 안산시 단원구,13,2026-08-01 02:44:01
재무건전성,경영혁신형 중소기업(메인비즈),태산테크(주),제조업,금속가공제품 제조업; 기계 및 가구 제외,중소기업,52.0,경북 구미시,12,2026-08-01 02:44:01
재무건전성,경영혁신형 중소기업(메인비즈),호현레이저 (주),제조업,금속가공제품 제조업; 기계 및 가구 제외,중소기업,20.0,경북 경주시,12,2026-08-01 02:44:01
재무건전성,경영혁신형 중소기업(메인비즈),(주)나우,제조업,금속가공제품 제조업; 기계 및 가구 제외,중소기업,28.0,경기 김포시,12,2026-08-01 02:44:01
재무건전성,경영혁신형 중소기업(메인비즈),안진테크 주식회사,제조업,금속가공제품 제조업; 기계 및 가구 제외,중소기업,41.0,경기 화성시,12,2026-08-01 02:44:01
재무건전성,경영혁신형 중소기업(메인비즈),동양하이테크(주),제조업,금속가공제품 제조업; 기계 및 가구 제외,중소기업,31.0,경남 함안군,12,2026-08-01 02:44:01
재무건전성,경영혁신형 중소기업(메인비즈),(주)도스코,제조업,금속가공제품 제조업; 기계 및 가구 제외,중소기업,31.0,경기 안산시 단원구,11,2026-08-01 02:44:01
재무건전성,경영혁신형 중소기업(메인비즈),주식회사 제이엠,제조업,금속가공제품 제조업; 기계 및 가구 제외,중소기업,16.0,전북 김제시,11,2026-08-01 02:44:01
재무건전성,경영혁신형 중소기업(메인비즈),주식회사 명성기술,제조업,금속가공제품 제조업; 기계 및 가구 제외,중소기업,8.0,,11,2026-08-01 02:44:01
재무건전성,경영혁신형 중소기업(메인비즈),(주)한국이엔씨,제조업,금속가공제품 제조업; 기계 및 가구 제외,중소기업,17.0,울산 울주군,11,2026-08-01 02:44:01
재무건전성,경영혁신형 중소기업(메인비즈),주식회사 프락시스,제조업,금속가공제품 제조업; 기계 및 가구 제외,중소기업,4.0,전북 완주군,10,2026-08-01 02:44:01
재무건전성,경영혁신형 중소기업(메인비즈),(주)삼양컴텍,제조업,금속가공제품 제조업; 기계 및 가구 제외,중소기업,501.0,서울 서초구,10,2026-08-01 02:44:01
재무건전성,경영혁신형 중소기업(메인비즈),유한회사 신한코리아,제조업,금속가공제품 제조업; 기계 및 가구 제외,중소기업,41.0,경남 창녕군,10,2026-08-01 02:44:01
재무건전성,경영혁신형 중소기업(메인비즈),(주)동우이엔지,제조업,금속가공제품 제조업; 기계 및 가구 제외,중소기업,1.0,경남 양산시,10,2026-08-01 02:44:01
재무건전성,경영혁신형 중소기업(메인비즈),영성정밀,제조업,금속가공제품 제조업; 기계 및 가구 제외,중소기업,,부산 사상구,10,2026-08-01 02:44:01
재무건전성,경영혁신형 중소기업(메인비즈),부국정기(주),제조업,금속가공제품 제조업; 기계 및 가구 제외,중소기업,18.0,경남 창원시 진해구,10,2026-08-01 02:44:01
재무건전성,경영혁신형 중소기업(메인비즈),주식회사 월드산업,제조업,금속가공제품 제조업; 기계 및 가구 제외,중소기업,18.0,경기 김포시,9,2026-08-01 02:44:01
재무건전성,경영혁신형 중소기업(메인비즈),새한기업(주),제조업,금속가공제품 제조업; 기계 및 가구 제외,중소기업,17.0,전북 김제시,9,2026-08-01 02:44:01
재무건전성,경영혁신형 중소기업(메인비즈),주식회사광덕철강산업,제조업,금속가공제품 제조업; 기계 및 가구 제외,중소기업,32.0,경북 성주군,9,2026-08-01 02:44:01
재무건전성,경영혁신형 중소기업(메인비즈),카멜에프앤에스(주),제조업,금속가공제품 제조업; 기계 및 가구 제외,중소기업,28.0,경기 파주시,8,2026-08-01 02:44:01
재무건전성,경영혁신형 중소기업(메인비즈),주식회사 한송 M&T,제조업,금속가공제품 제조업; 기계 및 가구 제외,중소기업,45.0,경기 화성시,8,2026-08-01 02:44:01
재무건전성,경영혁신형 중소기업(메인비즈),(주)규원테크,제조업,금속가공제품 제조업; 기계 및 가구 제외,중소기업,31.0,경북 경산시,8,2026-08-01 02:44:01
재무건전성,경영혁신형 중소기업(메인비즈),보원기계(주),제조업,금속가공제품 제조업; 기계 및 가구 제외,중소기업,17.0,인천 남동구,8,2026-08-01 02:44:01
재무건전성,경영혁신형 중소기업(메인비즈),주식회사 부성엠에스,제조업,금속가공제품 제조업; 기계 및 가구 제외,중소기업,41.0,경기 화성시,8,2026-08-01 02:44:01
재무건전성,경영혁신형 중소기업(메인비즈),주식회사쿡메이트,제조업,금속가공제품 제조업; 기계 및 가구 제외,중소기업,7.0,충남 천안시 서북구,8,2026-08-01 02:44:01
재무건전성,경영혁신형 중소기업(메인비즈),성창특수강(주),제조업,금속가공제품 제조업; 기계 및 가구 제외,중소기업,42.0,경북 구미시,8,2026-08-01 02:44:01
재무건전성,경영혁신형 중소기업(메인비즈),주식회사 유니퍼,제조업,금속가공제품 제조업; 기계 및 가구 제외,중소기업,47.0,경기 구리시,7,2026-08-01 02:44:01
재무건전성,경영혁신형 중소기업(메인비즈),주식회사 대산에스피,제조업,금속가공제품 제조업; 기계 및 가구 제외,중소기업,16.0,충남 서산시,7,2026-08-01 02:44:01
재무건전성,경영혁신형 중소기업(메인비즈),경북코일센타(주),제조업,금속가공제품 제조업; 기계 및 가구 제외,중소기업,20.0,경기 시흥시,7,2026-08-01 02:44:01
재무건전성,경영혁신형 중소기업(메인비즈),더원스틸(주),제조업,금속가공제품 제조업; 기계 및 가구 제외,중소기업,16.0,경북 칠곡군,6,2026-08-01 02:44:01
재무건전성,경영혁신형 중소기업(메인비즈),신도(주),제조업,금속가공제품 제조업; 기계 및 가구 제외,중소기업,28.0,경기 포천시,6,2026-08-01 02:44:01
재무건전성,경영혁신형 중소기업(메인비즈),현대드럼산업(주),제조업,금속가공제품 제조업; 기계 및 가구 제외,중소기업,47.0,경기 안산시 단원구,5,2026-08-01 02:44:01
재무건전성,경영혁신형 중소기업(메인비즈),더에이스테크 주식회사,제조업,금속가공제품 제조업; 기계 및 가구 제외,중소기업,15.0,경기 화성시,5,2026-08-01 02:44:01
재무건전성,경영혁신형 중소기업(메인비즈),(주)신호에스앤피,제조업,금속가공제품 제조업; 기계 및 가구 제외,중소기업,13.0,충남 천안시 동남구,5,2026-08-01 02:44:01
재무건전성,경영혁신형 중소기업(메인비즈),경해정공 주식회사,제조업,금속가공제품 제조업; 기계 및 가구 제외,중소기업,,경기 시흥시,5,2026-08-01 02:44:01
재무건전성,경영혁신형 중소기업(메인비즈),우주벤텍주식회사,제조업,금속가공제품 제조업; 기계 및 가구 제외,중소기업,20.0,부산 사상구,5,2026-08-01 02:44:01
재무건전성,경영혁신형 중소기업(메인비즈),(주)삼보씨엠티,제조업,금속가공제품 제조업; 기계 및 가구 제외,중소기업,7.0,충북 청주시 흥덕구,5,2026-08-01 02:44:01
재무건전성,경영혁신형 중소기업(메인비즈),(주)성실엠와이,제조업,금속가공제품 제조업; 기계 및 가구 제외,중소기업,35.0,경기 화성시,5,2026-08-01 02:44:01
재무건전성,경영혁신형 중소기업(메인비즈),(주)톱테크,제조업,금속가공제품 제조업; 기계 및 가구 제외,중소기업,15.0,경기 포천시,4,2026-08-01 02:44:01
재무건전성,경영혁신형 중소기업(메인비즈),(주)대성테크,제조업,금속가공제품 제조업; 기계 및 가구 제외,중소기업,34.0,충북 음성군,4,2026-08-01 02:44:01
재무건전성,경영혁신형 중소기업(메인비즈),향상기업주식회사,제조업,금속가공제품 제조업; 기계 및 가구 제외,중소기업,22.0,전북 군산시,4,2026-08-01 02:44:01
재무건전성,경영혁신형 중소기업(메인비즈),다산플라스틱,제조업,금속가공제품 제조업; 기계 및 가구 제외,중소기업,14.0,경북 칠곡군,4,2026-08-01 02:44:01
재무건전성,경영혁신형 중소기업(메인비즈),(주)광일,제조업,금속가공제품 제조업; 기계 및 가구 제외,중소기업,40.0,,4,2026-08-01 02:44:01
재무건전성,경영혁신형 중소기업(메인비즈),(주) 코마츠코리아,제조업,금속가공제품 제조업; 기계 및 가구 제외,중소기업,20.0,서울 마포구,4,2026-08-01 02:44:01
재무건전성,경영혁신형 중소기업(메인비즈),대유단조,제조업,금속가공제품 제조업; 기계 및 가구 제외,중소기업,14.0,경기 화성시,4,2026-08-01 02:44:01
재무건전성,경영혁신형 중소기업(메인비즈),주식회사 태광금속,제조업,금속가공제품 제조업; 기계 및 가구 제외,중소기업,12.0,경기 파주시,4,2026-08-01 02:44:01
재무건전성,경영혁신형 중소기업(메인비즈),(주)바이오엔드바이오,제조업,금속가공제품 제조업; 기계 및 가구 제외,중소기업,11.0,,4,2026-08-01 02:44:01
재무건전성,경영혁신형 중소기업(메인비즈),동진아이엠테크 주식회사,제조업,금속가공제품 제조업; 기계 및 가구 제외,중소기업,12.0,경기 김포시,4,2026-08-01 02:44:01
재무건전성,경영혁신형 중소기업(메인비즈),대상시너스(주),제조업,금속가공제품 제조업; 기계 및 가구 제외,중소기업,18.0,경기 화성시,3,2026-08-01 02:44:01
재무건전성,경영혁신형 중소기업(메인비즈),주식회사 삼우이앤아이,제조업,금속가공제품 제조업; 기계 및 가구 제외,중소기업,123.0,경기 김포시,3,2026-08-01 02:44:01
재무건전성,경영혁신형 중소기업(메인비즈),(주)엔이앤티코리아,제조업,금속가공제품 제조업; 기계 및 가구 제외,중소기업,,충남 천안시 서북구,3,2026-08-01 02:44:01
재무건전성,경영혁신형 중소기업(메인비즈),주)세우정밀판금,제조업,금속가공제품 제조업; 기계 및 가구 제외,중소기업,28.0,경기 김포시,3,2026-08-01 02:44:01
재무건전성,경영혁신형 중소기업(메인비즈),삼광철강공업(주),제조업,금속가공제품 제조업; 기계 및 가구 제외,중소기업,18.0,,3,2026-08-01 02:44:01
재무건전성,경영혁신형 중소기업(메인비즈),현대기업레이저 주식회사,제조업,금속가공제품 제조업; 기계 및 가구 제외,중소기업,26.0,,3,2026-08-01 02:44:01
재무건전성,경영혁신형 중소기업(메인비즈),(주)에스앤씨산업,제조업,금속가공제품 제조업; 기계 및 가구 제외,중소기업,56.0,서울 송파구,3,2026-08-01 02:44:01
재무건전성,경영혁신형 중소기업(메인비즈),명진철강산업(주),제조업,금속가공제품 제조업; 기계 및 가구 제외,중소기업,18.0,경기 부천시 오정구,3,2026-08-01 02:44:01
재무건전성,경영혁신형 중소기업(메인비즈),오케이 주식회사,제조업,금속가공제품 제조업; 기계 및 가구 제외,중소기업,32.0,인천 남동구,3,2026-08-01 02:44:01
재무건전성,경영혁신형 중소기업(메인비즈),(주)도어리안,제조업,금속가공제품 제조업; 기계 및 가구 제외,중소기업,10.0,,3,2026-08-01 02:44:01
재무건전성,경영혁신형 중소기업(메인비즈),주식회사 디자인휀스,제조업,금속가공제품 제조업; 기계 및 가구 제외,중소기업,3.0,경기 파주시,2,2026-08-01 02:44:01
재무건전성,경영혁신형 중소기업(메인비즈),(주)성신화스너,제조업,금속가공제품 제조업; 기계 및 가구 제외,중소기업,16.0,경기 김포시,2,2026-08-01 02:44:01
재무건전성,경영혁신형 중소기업(메인비즈),주신기업(주),제조업,금속가공제품 제조업; 기계 및 가구 제외,중소기업,22.0,충북 음성군,2,2026-08-01 02:44:01
재무건전성,경영혁신형 중소기업(메인비즈),(주)천수,제조업,금속가공제품 제조업; 기계 및 가구 제외,중소기업,20.0,충북 청주시 청원구,2,2026-08-01 02:44:01
재무건전성,경영혁신형 중소기업(메인비즈),주식회사 명일,제조업,금속가공제품 제조업; 기계 및 가구 제외,중소기업,23.0,대전 대덕구,2,2026-08-01 02:44:01
재무건전성,경영혁신형 중소기업(메인비즈),대명스틸,제조업,금속가공제품 제조업; 기계 및 가구 제외,중소기업,13.0,경남 창녕군,2,2026-08-01 02:44:01
재무건전성,경영혁신형 중소기업(메인비즈),(주)대상스틸산업,제조업,금속가공제품 제조업; 기계 및 가구 제외,중소기업,22.0,경기 김포시,2,2026-08-01 02:44:01
재무건전성,경영혁신형 중소기업(메인비즈),주식회사 고센이엔지,제조업,금속가공제품 제조업; 기계 및 가구 제외,중소기업,22.0,충남 당진시,2,2026-08-01 02:44:01
재무건전성,경영혁신형 중소기업(메인비즈),금수산업,제조업,금속가공제품 제조업; 기계 및 가구 제외,중소기업,,경북 경주시,2,2026-08-01 02:44:01
재무건전성,경영혁신형 중소기업(메인비즈),주식회사 하닌팩토리,제조업,금속가공제품 제조업; 기계 및 가구 제외,중소기업,,경기 김포시,2,2026-08-01 02:44:01
재무건전성,경영혁신형 중소기업(메인비즈),(주)두성하이텍,제조업,금속가공제품 제조업; 기계 및 가구 제외,중소기업,17.0,서울 강서구,2,2026-08-01 02:44:01
재무건전성,경영혁신형 중소기업(메인비즈),보원캐스텍,제조업,금속가공제품 제조업; 기계 및 가구 제외,중소기업,18.0,인천 남동구,2,2026-08-01 02:44:01
재무건전성,경영혁신형 중소기업(메인비즈),(주)다드림산업,제조업,금속가공제품 제조업; 기계 및 가구 제외,중소기업,9.0,경기 화성시,2,2026-08-01 02:44:01
재무건전성,경영혁신형 중소기업(메인비즈),주식회사 대한전공,제조업,금속가공제품 제조업; 기계 및 가구 제외,중소기업,10.0,전북 전주시 덕진구,2,2026-08-01 02:44:01
재무건전성,경영혁신형 중소기업(메인비즈),(주)영광벤드,제조업,금속가공제품 제조업; 기계 및 가구 제외,중소기업,9.0,경기 파주시,1,2026-08-01 02:44:01
재무건전성,경영혁신형 중소기업(메인비즈),(주)화신하이테크,제조업,금속가공제품 제조업; 기계 및 가구 제외,중소기업,,부산 강서구,1,2026-08-01 02:44:01
재무건전성,경영혁신형 중소기업(메인비즈),이레산업,제조업,금속가공제품 제조업; 기계 및 가구 제외,중소기업,21.0,,1,2026-08-01 02:44:01
재무건전성,경영혁신형 중소기업(메인비즈),(주)다모아,제조업,금속가공제품 제조업; 기계 및 가구 제외,중소기업,20.0,경기 시흥시,1,2026-08-01 02:44:01
재무건전성,경영혁신형 중소기업(메인비즈),혜주산업(주),제조업,금속가공제품 제조업; 기계 및 가구 제외,중소기업,52.0,충북 음성군,1,2026-08-01 02:44:01
재무건전성,경영혁신형 중소기업(메인비즈),(주)대성기공,제조업,금속가공제품 제조업; 기계 및 가구 제외,중소기업,25.0,충북 옥천군,1,2026-08-01 02:44:01
재무건전성,경영혁신형 중소기업(메인비즈),(주)태영기공,제조업,금속가공제품 제조업; 기계 및 가구 제외,중소기업,19.0,충남 천안시 동남구,1,2026-08-01 02:44:01
재무건전성,경영혁신형 중소기업(메인비즈),(주)솔루션플러스코리아,제조업,금속가공제품 제조업; 기계 및 가구 제외,중소기업,6.0,서울 강동구,1,2026-08-01 02:44:01
재무건전성,경영혁신형 중소기업(메인비즈),주식회사 성진이엔지,제조업,금속가공제품 제조업; 기계 및 가구 제외,중소기업,7.0,경남 사천시,1,2026-08-01 02:44:01
재무건전성,경영혁신형 중소기업(메인비즈),대진금속(주),제조업,금속가공제품 제조업; 기계 및 가구 제외,중소기업,20.0,경북 경주시,1,2026-08-01 02:44:01
재무건전성,경영혁신형 중소기업(메인비즈),한국단조(주),제조업,금속가공제품 제조업; 기계 및 가구 제외,,,울산 남구,0,2026-08-01 02:44:01
재무건전성,경영혁신형 중소기업(메인비즈),(주)한맥창호,제조업,금속가공제품 제조업; 기계 및 가구 제외,,,경북 경산시,0,2026-08-01 02:44:01
재무건전성,경영혁신형 중소기업(메인비즈),비엔기술산업(주),제조업,금속가공제품 제조업; 기계 및 가구 제외,중소기업,5.0,충북 음성군,0,2026-08-01 02:44:01
재무건전성,경영혁신형 중소기업(메인비즈),(주)엘케이레이져,제조업,금속가공제품 제조업; 기계 및 가구 제외,,,경기 화성시,0,2026-08-01 02:44:01
재무건전성,경영혁신형 중소기업(메인비즈),욱일레이저,제조업,금속가공제품 제조업; 기계 및 가구 제외,,,경기 시흥시,0,2026-08-01 02:44:01
재무건전성,경영혁신형 중소기업(메인비즈),(주) 케이엠피,제조업,금속가공제품 제조업; 기계 및 가구 제외,,,경남 함안군,0,2026-08-01 02:44:01
재무건전성,경영혁신형 중소기업(메인비즈),(주)진명,제조업,금속가공제품 제조업; 기계 및 가구 제외,,,경남 김해시,0,2026-08-01 02:44:01
재무건전성,경영혁신형 중소기업(메인비즈),주식회사 에스비해양,제조업,금속가공제품 제조업; 기계 및 가구 제외,,,부산 해운대구,0,2026-08-01 02:44:01
재무건전성,경영혁신형 중소기업(메인비즈),에스텍,제조업,금속가공제품 제조업; 기계 및 가구 제외,,,부산 강서구,0,2026-08-01 02:44:01
재무건전성,경영혁신형 중소기업(메인비즈),(주)바로산업,제조업,금속가공제품 제조업; 기계 및 가구 제외,중소기업,6.0,충북 음성군,0,2026-08-01 02:44:01
재무건전성,경영혁신형 중소기업(메인비즈),경인산업,제조업,금속가공제품 제조업; 기계 및 가구 제외,,,인천 남동구,0,2026-08-01 02:44:01
재무건전성,경영혁신형 중소기업(메인비즈),(주)엔에스티,제조업,금속가공제품 제조업; 기계 및 가구 제외,중소기업,35.0,경기 화성시,0,2026-08-01 02:44:01
재무건전성,경영혁신형 중소기업(메인비즈),티앤에스 주식회사,제조업,금속가공제품 제조업; 기계 및 가구 제외,중소기업,31.0,충남 천안시 동남구,0,2026-08-01 02:44:01
재무건전성,경영혁신형 중소기업(메인비즈),덕양금속,제조업,금속가공제품 제조업; 기계 및 가구 제외,,,경북 칠곡군,0,2026-08-01 02:44:01
재무건전성,경영혁신형 중소기업(메인비즈),(주)거츠,제조업,금속가공제품 제조업; 기계 및 가구 제외,,,충북 진천군,0,2026-08-01 02:44:01
재무건전성,경영혁신형 중소기업(메인비즈),동해특장,제조업,금속가공제품 제조업; 기계 및 가구 제외,중소기업,10.0,경기 남양주시,0,2026-08-01 02:44:01
재무건전성,경영혁신형 중소기업(메인비즈),동양원색,제조업,금속가공제품 제조업; 기계 및 가구 제외,,,,0,2026-08-01 02:44:01
재무건전성,경영혁신형 중소기업(메인비즈),부광공업,제조업,금속가공제품 제조업; 기계 및 가구 제외,,,대구 서구,0,2026-08-01 02:44:01
재무건전성,경영혁신형 중소기업(메인비즈),주식회사 대우선재,제조업,금속가공제품 제조업; 기계 및 가구 제외,,,경남 밀양시,0,2026-08-01 02:44:01
재무건전성,경영혁신형 중소기업(메인비즈),주식회사 영신테크,제조업,금속가공제품 제조업; 기계 및 가구 제외,중소기업,25.0,,0,2026-08-01 02:44:01
재무건전성,경영혁신형 중소기업(메인비즈),(주)에스피씨,제조업,금속가공제품 제조업; 기계 및 가구 제외,,,,0,2026-08-01 02:44:01
재무건전성,경영혁신형 중소기업(메인비즈),남신산업,제조업,금속가공제품 제조업; 기계 및 가구 제외,,,경기 안산시 단원구,0,2026-08-01 02:44:01
재무건전성,경영혁신형 중소기업(메인비즈),주식회사 대륭,제조업,금속가공제품 제조업; 기계 및 가구 제외,중소기업,22.0,경기 안산시 단원구,0,2026-08-01 02:44:01
재무건전성,경영혁신형 중소기업(메인비즈),(주)에스이씨,제조업,금속가공제품 제조업; 기계 및 가구 제외,중소기업,45.0,경기 군포시,0,2026-08-01 02:44:01
재무건전성,경영혁신형 중소기업(메인비즈),주식회사 삼원,제조업,금속가공제품 제조업; 기계 및 가구 제외,,,경기 화성시,0,2026-08-01 02:44:01
재무건전성,경영혁신형 중소기업(메인비즈),건영스프링,제조업,금속가공제품 제조업; 기계 및 가구 제외,,,부산 강서구,0,2026-08-01 02:44:01
재무건전성,경영혁신형 중소기업(메인비즈),K.B테크,제조업,금속가공제품 제조업; 기계 및 가구 제외,,,대구 북구,0,2026-08-01 02:44:01
재무건전성,경영혁신형 중소기업(메인비즈),(주)삼원이엔지,제조업,금속가공제품 제조업; 기계 및 가구 제외,중소기업,10.0,,0,2026-08-01 02:44:01
재무건전성,경영혁신형 중소기업(메인비즈),(주)포유이엔지,제조업,금속가공제품 제조업; 기계 및 가구 제외,,,충북 음성군,0,2026-08-01 02:44:01
재무건전성,경영혁신형 중소기업(메인비즈),주식회사 부강산업,제조업,금속가공제품 제조업; 기계 및 가구 제외,중소기업,16.0,경기 평택시,0,2026-08-01 02:44:01
재무건전성,경영혁신형 중소기업(메인비즈),(주)세일,제조업,금속가공제품 제조업; 기계 및 가구 제외,,,울산 북구,0,2026-08-01 02:44:01
재무건전성,경영혁신형 중소기업(메인비즈),영진금속,제조업,금속가공제품 제조업; 기계 및 가구 제외,중소기업,16.0,경남 김해시,0,2026-08-01 02:44:01
재무건전성,경영혁신형 중소기업(메인비즈),(주)진흥유로폼,제조업,금속가공제품 제조업; 기계 및 가구 제외,,,경기 이천시,0,2026-08-01 02:44:01
재무건전성,경영혁신형 중소기업(메인비즈),대광산업(주),제조업,금속가공제품 제조업; 기계 및 가구 제외,,,충남 천안시 동남구,0,2026-08-01 02:44:01
재무건전성,경영혁신형 중소기업(메인비즈),주식회사창화금속,제조업,금속가공제품 제조업; 기계 및 가구 제외,중소기업,5.0,경남 양산시,0,2026-08-01 02:44:01
재무건전성,경영혁신형 중소기업(메인비즈),서대프랜트(주),제조업,금속가공제품 제조업; 기계 및 가구 제외,중소기업,12.0,강원 춘천시,0,2026-08-01 02:44:01
재무건전성,경영혁신형 중소기업(메인비즈),(주)동성에코테크,제조업,금속가공제품 제조업; 기계 및 가구 제외,,,경기 평택시,0,2026-08-01 02:44:01
재무건전성,경영혁신형 중소기업(메인비즈),주식회사 굿로드,제조업,금속가공제품 제조업; 기계 및 가구 제외,,,경북 포항시 남구,0,2026-08-01 02:44:01
재무건전성,경영혁신형 중소기업(메인비즈),엠에스이주식회사,제조업,"전자부품, 컴퓨터, 영상, 음향 및 통신장비 제조업",중소기업,144.0,경남 창원시 마산회원구,88,2026-08-01 02:44:01
재무건전성,경영혁신형 중소기업(메인비즈),라인테크닉스(주),제조업,"전자부품, 컴퓨터, 영상, 음향 및 통신장비 제조업",중소기업,89.0,경기 안산시 단원구,59,2026-08-01 02:44:01
재무건전성,경영혁신형 중소기업(메인비즈),지에스알 (주),제조업,"전자부품, 컴퓨터, 영상, 음향 및 통신장비 제조업",중소기업,82.0,경기 광명시,56,2026-08-01 02:44:01
재무건전성,경영혁신형 중소기업(메인비즈),주식회사 한탑,제조업,"전자부품, 컴퓨터, 영상, 음향 및 통신장비 제조업",중소기업,115.0,경기 평택시,52,2026-08-01 02:44:01
재무건전성,경영혁신형 중소기업(메인비즈),주식회사 나래전자,제조업,"전자부품, 컴퓨터, 영상, 음향 및 통신장비 제조업",중소기업,2.0,부산 사상구,49,2026-08-01 02:44:01
재무건전성,경영혁신형 중소기업(메인비즈),(주)구미텍,제조업,"전자부품, 컴퓨터, 영상, 음향 및 통신장비 제조업",중소기업,16.0,경북 구미시,46,2026-08-01 02:44:01
재무건전성,경영혁신형 중소기업(메인비즈),(주)제이테크놀러지,제조업,"전자부품, 컴퓨터, 영상, 음향 및 통신장비 제조업",중소기업,56.0,경북 구미시,44,2026-08-01 02:44:01
재무건전성,경영혁신형 중소기업(메인비즈),(주)동명써키트,제조업,"전자부품, 컴퓨터, 영상, 음향 및 통신장비 제조업",중소기업,42.0,,43,2026-08-01 02:44:01
재무건전성,경영혁신형 중소기업(메인비즈),(주)이성산업,제조업,"전자부품, 컴퓨터, 영상, 음향 및 통신장비 제조업",중소기업,3.0,경남 창원시 의창구,41,2026-08-01 02:44:01
재무건전성,경영혁신형 중소기업(메인비즈),(주)제현정공,제조업,"전자부품, 컴퓨터, 영상, 음향 및 통신장비 제조업",중소기업,22.0,경기 시흥시,33,2026-08-01 02:44:01
재무건전성,경영혁신형 중소기업(메인비즈),이레전자(주),제조업,"전자부품, 컴퓨터, 영상, 음향 및 통신장비 제조업",중소기업,146.0,,33,2026-08-01 02:44:01
재무건전성,경영혁신형 중소기업(메인비즈),(주)일진전자산업,제조업,"전자부품, 컴퓨터, 영상, 음향 및 통신장비 제조업",중소기업,122.0,경북 구미시,31,2026-08-01 02:44:01
재무건전성,경영혁신형 중소기업(메인비즈),(주)대덕피엔씨,제조업,"전자부품, 컴퓨터, 영상, 음향 및 통신장비 제조업",중소기업,35.0,인천 미추홀구,30,2026-08-01 02:44:01
재무건전성,경영혁신형 중소기업(메인비즈),(주) 필리아텔레콤,제조업,"전자부품, 컴퓨터, 영상, 음향 및 통신장비 제조업",중소기업,28.0,경기 군포시,29,2026-08-01 02:44:01
재무건전성,경영혁신형 중소기업(메인비즈),(주)엠엔씨텍,제조업,"전자부품, 컴퓨터, 영상, 음향 및 통신장비 제조업",중소기업,83.0,경기 안산시 단원구,28,2026-08-01 02:44:01
재무건전성,경영혁신형 중소기업(메인비즈),(주) 동화전자,제조업,"전자부품, 컴퓨터, 영상, 음향 및 통신장비 제조업",중소기업,79.0,경기 안산시 단원구,27,2026-08-01 02:44:01
재무건전성,경영혁신형 중소기업(메인비즈),(주)캠텍,제조업,"전자부품, 컴퓨터, 영상, 음향 및 통신장비 제조업",중소기업,47.0,충북 청주시 청원구,25,2026-08-01 02:44:01
재무건전성,경영혁신형 중소기업(메인비즈),주식회사 자이드,제조업,"전자부품, 컴퓨터, 영상, 음향 및 통신장비 제조업",중소기업,34.0,경기 군포시,25,2026-08-01 02:44:01
재무건전성,경영혁신형 중소기업(메인비즈),무등이피(주),제조업,"전자부품, 컴퓨터, 영상, 음향 및 통신장비 제조업",중소기업,19.0,,25,2026-08-01 02:44:01
재무건전성,경영혁신형 중소기업(메인비즈),주식회사 파인,제조업,"전자부품, 컴퓨터, 영상, 음향 및 통신장비 제조업",중소기업,15.0,경기 수원시 영통구,25,2026-08-01 02:44:01
재무건전성,경영혁신형 중소기업(메인비즈),(주)신성하인스,제조업,"전자부품, 컴퓨터, 영상, 음향 및 통신장비 제조업",중소기업,,경기 화성시,22,2026-08-01 02:44:01
재무건전성,경영혁신형 중소기업(메인비즈),(주)세림전자,제조업,"전자부품, 컴퓨터, 영상, 음향 및 통신장비 제조업",중소기업,62.0,,21,2026-08-01 02:44:01
재무건전성,경영혁신형 중소기업(메인비즈),주식회사진산디케이씨,제조업,"전자부품, 컴퓨터, 영상, 음향 및 통신장비 제조업",중소기업,25.0,경기 부천시,20,2026-08-01 02:44:01
재무건전성,경영혁신형 중소기업(메인비즈),주식회사 에이이티,제조업,"전자부품, 컴퓨터, 영상, 음향 및 통신장비 제조업",중소기업,11.0,경북 구미시,16,2026-08-01 02:44:01
재무건전성,경영혁신형 중소기업(메인비즈),(주) 동양전자,제조업,"전자부품, 컴퓨터, 영상, 음향 및 통신장비 제조업",중소기업,10.0,,16,2026-08-01 02:44:01
재무건전성,경영혁신형 중소기업(메인비즈),(주)마이크로티에스,제조업,"전자부품, 컴퓨터, 영상, 음향 및 통신장비 제조업",중소기업,13.0,충남 천안시 서북구,16,2026-08-01 02:44:01
재무건전성,경영혁신형 중소기업(메인비즈),금호전자(주),제조업,"전자부품, 컴퓨터, 영상, 음향 및 통신장비 제조업",중소기업,15.0,경남 양산시,16,2026-08-01 02:44:01
재무건전성,경영혁신형 중소기업(메인비즈),주식회사 한국아이오티기술원,제조업,"전자부품, 컴퓨터, 영상, 음향 및 통신장비 제조업",중소기업,12.0,경기 의왕시,14,2026-08-01 02:44:01
재무건전성,경영혁신형 중소기업(메인비즈),(주)지맥,제조업,"전자부품, 컴퓨터, 영상, 음향 및 통신장비 제조업",중소기업,23.0,,14,2026-08-01 02:44:01
재무건전성,경영혁신형 중소기업(메인비즈),주식회사 애니일렉트로닉스,제조업,"전자부품, 컴퓨터, 영상, 음향 및 통신장비 제조업",중소기업,22.0,경기 군포시,14,2026-08-01 02:44:01
재무건전성,경영혁신형 중소기업(메인비즈),(주)에스아이,제조업,"전자부품, 컴퓨터, 영상, 음향 및 통신장비 제조업",중소기업,29.0,경기 안양시 동안구,13,2026-08-01 02:44:01
재무건전성,경영혁신형 중소기업(메인비즈),주식회사 세광솔루션,제조업,"전자부품, 컴퓨터, 영상, 음향 및 통신장비 제조업",중소기업,,충남 천안시 서북구,13,2026-08-01 02:44:01
재무건전성,경영혁신형 중소기업(메인비즈),성신테크주식회사,제조업,"전자부품, 컴퓨터, 영상, 음향 및 통신장비 제조업",중소기업,29.0,경기 화성시,13,2026-08-01 02:44:01
재무건전성,경영혁신형 중소기업(메인비즈),주식회사 누리폰즈,제조업,"전자부품, 컴퓨터, 영상, 음향 및 통신장비 제조업",중소기업,20.0,대전 유성구,12,2026-08-01 02:44:01
재무건전성,경영혁신형 중소기업(메인비즈),(주)동광특수금속,제조업,"전자부품, 컴퓨터, 영상, 음향 및 통신장비 제조업",중소기업,11.0,경기 부천시 오정구,12,2026-08-01 02:44:01
재무건전성,경영혁신형 중소기업(메인비즈),주식회사 엘엔티,제조업,"전자부품, 컴퓨터, 영상, 음향 및 통신장비 제조업",중소기업,56.0,대전 대덕구,11,2026-08-01 02:44:01
재무건전성,경영혁신형 중소기업(메인비즈),(주)에스투엠코리아,제조업,"전자부품, 컴퓨터, 영상, 음향 및 통신장비 제조업",중소기업,15.0,경기 안성시,11,2026-08-01 02:44:01
재무건전성,경영혁신형 중소기업(메인비즈),준아이엔티주식회사,제조업,"전자부품, 컴퓨터, 영상, 음향 및 통신장비 제조업",중소기업,16.0,경북 구미시,10,2026-08-01 02:44:01
재무건전성,경영혁신형 중소기업(메인비즈),주식회사 세일테크놀러지,제조업,"전자부품, 컴퓨터, 영상, 음향 및 통신장비 제조업",중소기업,15.0,경기 군포시,9,2026-08-01 02:44:01
재무건전성,경영혁신형 중소기업(메인비즈),(주)디에스이앤티,제조업,"전자부품, 컴퓨터, 영상, 음향 및 통신장비 제조업",중소기업,79.0,서울 영등포구,9,2026-08-01 02:44:01
재무건전성,경영혁신형 중소기업(메인비즈),주식회사 남경,제조업,"전자부품, 컴퓨터, 영상, 음향 및 통신장비 제조업",중소기업,20.0,경기 부천시 오정구,9,2026-08-01 02:44:01
재무건전성,경영혁신형 중소기업(메인비즈),주식회사 오테크닉스,제조업,"전자부품, 컴퓨터, 영상, 음향 및 통신장비 제조업",중소기업,5.0,경기 안산시 상록구,9,2026-08-01 02:44:01
재무건전성,경영혁신형 중소기업(메인비즈),(주)P&T,제조업,"전자부품, 컴퓨터, 영상, 음향 및 통신장비 제조업",중소기업,37.0,경기 안산시 단원구,9,2026-08-01 02:44:01
재무건전성,경영혁신형 중소기업(메인비즈),준하이테크(주),제조업,"전자부품, 컴퓨터, 영상, 음향 및 통신장비 제조업",중소기업,,경기 안산시 단원구,9,2026-08-01 02:44:01
재무건전성,경영혁신형 중소기업(메인비즈),주식회사 디에스엘,제조업,"전자부품, 컴퓨터, 영상, 음향 및 통신장비 제조업",중소기업,10.0,경기 화성시,9,2026-08-01 02:44:01
재무건전성,경영혁신형 중소기업(메인비즈),주식회사 이케이,제조업,"전자부품, 컴퓨터, 영상, 음향 및 통신장비 제조업",중소기업,32.0,충남 천안시 서북구,8,2026-08-01 02:44:01
재무건전성,경영혁신형 중소기업(메인비즈),(주)에이텍,제조업,"전자부품, 컴퓨터, 영상, 음향 및 통신장비 제조업",중소기업,34.0,경남 김해시,8,2026-08-01 02:44:01
재무건전성,경영혁신형 중소기업(메인비즈),두리전자주식회사,제조업,"전자부품, 컴퓨터, 영상, 음향 및 통신장비 제조업",중소기업,36.0,,8,2026-08-01 02:44:01
재무건전성,경영혁신형 중소기업(메인비즈),나린그룹 주식회사,제조업,"전자부품, 컴퓨터, 영상, 음향 및 통신장비 제조업",중소기업,10.0,경기 오산시,8,2026-08-01 02:44:01
재무건전성,경영혁신형 중소기업(메인비즈),(주)다산정보통신,제조업,"전자부품, 컴퓨터, 영상, 음향 및 통신장비 제조업",중소기업,29.0,,8,2026-08-01 02:44:01
재무건전성,경영혁신형 중소기업(메인비즈),(주)에이테크,제조업,"전자부품, 컴퓨터, 영상, 음향 및 통신장비 제조업",중소기업,,경기 화성시,7,2026-08-01 02:44:01
재무건전성,경영혁신형 중소기업(메인비즈),주식회사 티에이치테크,제조업,"전자부품, 컴퓨터, 영상, 음향 및 통신장비 제조업",중소기업,24.0,경기 이천시,6,2026-08-01 02:44:01
재무건전성,경영혁신형 중소기업(메인비즈),주식회사 이엘테크,제조업,"전자부품, 컴퓨터, 영상, 음향 및 통신장비 제조업",중소기업,43.0,경기 안산시 단원구,6,2026-08-01 02:44:01
재무건전성,경영혁신형 중소기업(메인비즈),주식회사 한빛티엔에스,제조업,"전자부품, 컴퓨터, 영상, 음향 및 통신장비 제조업",중소기업,9.0,경기 고양시 덕양구,6,2026-08-01 02:44:01
재무건전성,경영혁신형 중소기업(메인비즈),(주)파크시스템,제조업,"전자부품, 컴퓨터, 영상, 음향 및 통신장비 제조업",중소기업,89.0,경기 용인시 처인구,6,2026-08-01 02:44:01
재무건전성,경영혁신형 중소기업(메인비즈),주식회사 스위치코리아,제조업,"전자부품, 컴퓨터, 영상, 음향 및 통신장비 제조업",중소기업,23.0,인천 남동구,6,2026-08-01 02:44:01
재무건전성,경영혁신형 중소기업(메인비즈),주식회사 티제이이노베이션,제조업,"전자부품, 컴퓨터, 영상, 음향 및 통신장비 제조업",중소기업,26.0,경기 부천시,6,2026-08-01 02:44:01
재무건전성,경영혁신형 중소기업(메인비즈),(주)엔텍,제조업,"전자부품, 컴퓨터, 영상, 음향 및 통신장비 제조업",중소기업,18.0,충남 아산시,6,2026-08-01 02:44:01
재무건전성,경영혁신형 중소기업(메인비즈),주식회사 나래,제조업,"전자부품, 컴퓨터, 영상, 음향 및 통신장비 제조업",중소기업,13.0,경기 안산시 단원구,5,2026-08-01 02:44:01
재무건전성,경영혁신형 중소기업(메인비즈),(주)세화테크놀로지,제조업,"전자부품, 컴퓨터, 영상, 음향 및 통신장비 제조업",중소기업,,경기 안성시,5,2026-08-01 02:44:01
재무건전성,경영혁신형 중소기업(메인비즈),주식회사 이디엠코리아,제조업,"전자부품, 컴퓨터, 영상, 음향 및 통신장비 제조업",중소기업,40.0,경기 안산시 단원구,5,2026-08-01 02:44:01
재무건전성,경영혁신형 중소기업(메인비즈),주식회사 동안전자,제조업,"전자부품, 컴퓨터, 영상, 음향 및 통신장비 제조업",중소기업,11.0,경기 용인시 처인구,5,2026-08-01 02:44:01
재무건전성,경영혁신형 중소기업(메인비즈),성호반도체(주),제조업,"전자부품, 컴퓨터, 영상, 음향 및 통신장비 제조업",중소기업,31.0,서울 구로구,5,2026-08-01 02:44:01
재무건전성,경영혁신형 중소기업(메인비즈),(주)아이엔아이,제조업,"전자부품, 컴퓨터, 영상, 음향 및 통신장비 제조업",중소기업,35.0,경기 안양시 동안구,5,2026-08-01 02:44:01
재무건전성,경영혁신형 중소기업(메인비즈),(주)그린이엔지,제조업,"전자부품, 컴퓨터, 영상, 음향 및 통신장비 제조업",중소기업,12.0,경기 안산시 단원구,5,2026-08-01 02:44:01
재무건전성,경영혁신형 중소기업(메인비즈),(주)비엔에스테크,제조업,"전자부품, 컴퓨터, 영상, 음향 및 통신장비 제조업",중소기업,35.0,경기 성남시 중원구,5,2026-08-01 02:44:01
재무건전성,경영혁신형 중소기업(메인비즈),주식회사 토야테크,제조업,"전자부품, 컴퓨터, 영상, 음향 및 통신장비 제조업",중소기업,9.0,경기 화성시,5,2026-08-01 02:44:01
재무건전성,경영혁신형 중소기업(메인비즈),주식회사 남해전자,제조업,"전자부품, 컴퓨터, 영상, 음향 및 통신장비 제조업",중소기업,9.0,인천 계양구,4,2026-08-01 02:44:01
재무건전성,경영혁신형 중소기업(메인비즈),웍스탭 주식회사 (WSC),제조업,"전자부품, 컴퓨터, 영상, 음향 및 통신장비 제조업",중소기업,,경기 안양시 만안구,4,2026-08-01 02:44:01
재무건전성,경영혁신형 중소기업(메인비즈),(주)에이디알에프코리아,제조업,"전자부품, 컴퓨터, 영상, 음향 및 통신장비 제조업",중소기업,53.0,경기 이천시,4,2026-08-01 02:44:01
재무건전성,경영혁신형 중소기업(메인비즈),두원아이엔디 주식회사,제조업,"전자부품, 컴퓨터, 영상, 음향 및 통신장비 제조업",중소기업,,대구 북구,4,2026-08-01 02:44:01
재무건전성,경영혁신형 중소기업(메인비즈),주식회사신진테크,제조업,"전자부품, 컴퓨터, 영상, 음향 및 통신장비 제조업",중소기업,,경남 김해시,4,2026-08-01 02:44:01
재무건전성,경영혁신형 중소기업(메인비즈),에코엘이디 주식회사,제조업,"전자부품, 컴퓨터, 영상, 음향 및 통신장비 제조업",중소기업,67.0,인천 연수구,4,2026-08-01 02:44:01
재무건전성,경영혁신형 중소기업(메인비즈),주식회사 미라클,제조업,"전자부품, 컴퓨터, 영상, 음향 및 통신장비 제조업",중소기업,11.0,인천 미추홀구,4,2026-08-01 02:44:01
재무건전성,경영혁신형 중소기업(메인비즈),주식회사 다맥,제조업,"전자부품, 컴퓨터, 영상, 음향 및 통신장비 제조업",중소기업,7.0,경기 화성시,4,2026-08-01 02:44:01
재무건전성,경영혁신형 중소기업(메인비즈),(주)대성정밀,제조업,"전자부품, 컴퓨터, 영상, 음향 및 통신장비 제조업",중소기업,16.0,충남 논산시,4,2026-08-01 02:44:01
재무건전성,경영혁신형 중소기업(메인비즈),(주)어크로스웨이브즈,제조업,"전자부품, 컴퓨터, 영상, 음향 및 통신장비 제조업",중소기업,10.0,경기 용인시 처인구,4,2026-08-01 02:44:01
재무건전성,경영혁신형 중소기업(메인비즈),(주)엘레파츠,제조업,"전자부품, 컴퓨터, 영상, 음향 및 통신장비 제조업",중소기업,45.0,서울 금천구,3,2026-08-01 02:44:01
재무건전성,경영혁신형 중소기업(메인비즈),(주)엘엠텍,제조업,"전자부품, 컴퓨터, 영상, 음향 및 통신장비 제조업",중소기업,47.0,충남 천안시 서북구,3,2026-08-01 02:44:01
재무건전성,경영혁신형 중소기업(메인비즈),(주)진선테크,제조업,"전자부품, 컴퓨터, 영상, 음향 및 통신장비 제조업",중소기업,56.0,충남 천안시 서북구,3,2026-08-01 02:44:01
재무건전성,경영혁신형 중소기업(메인비즈),(주)싸이닉솔루션,제조업,"전자부품, 컴퓨터, 영상, 음향 및 통신장비 제조업",중견기업,45.0,경기 성남시 수정구,3,2026-08-01 02:44:01
재무건전성,경영혁신형 중소기업(메인비즈),주식회사 이엔비,제조업,"전자부품, 컴퓨터, 영상, 음향 및 통신장비 제조업",중소기업,20.0,충북 영동군,3,2026-08-01 02:44:01
재무건전성,경영혁신형 중소기업(메인비즈),주식회사 엠제이텍,제조업,"전자부품, 컴퓨터, 영상, 음향 및 통신장비 제조업",중소기업,,경기 안양시 동안구,3,2026-08-01 02:44:01
재무건전성,경영혁신형 중소기업(메인비즈),(주)유비테크,제조업,"전자부품, 컴퓨터, 영상, 음향 및 통신장비 제조업",중소기업,21.0,,2,2026-08-01 02:44:01
재무건전성,경영혁신형 중소기업(메인비즈),주식회사 지2터치,제조업,"전자부품, 컴퓨터, 영상, 음향 및 통신장비 제조업",중소기업,66.0,경기 성남시 분당구,2,2026-08-01 02:44:01
재무건전성,경영혁신형 중소기업(메인비즈),(주)제스트솔루션,제조업,"전자부품, 컴퓨터, 영상, 음향 및 통신장비 제조업",중소기업,10.0,경북 구미시,2,2026-08-01 02:44:01
재무건전성,경영혁신형 중소기업(메인비즈),(주)승아지티씨,제조업,"전자부품, 컴퓨터, 영상, 음향 및 통신장비 제조업",중소기업,14.0,경기 부천시,2,2026-08-01 02:44:01
재무건전성,경영혁신형 중소기업(메인비즈),주식회사 티제이테크놀러지,제조업,"전자부품, 컴퓨터, 영상, 음향 및 통신장비 제조업",중소기업,13.0,경기 안성시,1,2026-08-01 02:44:01
재무건전성,경영혁신형 중소기업(메인비즈),주식회사 현테크씨앤아이,제조업,"전자부품, 컴퓨터, 영상, 음향 및 통신장비 제조업",중소기업,26.0,경기 부천시 오정구,1,2026-08-01 02:44:01
재무건전성,경영혁신형 중소기업(메인비즈),대국테크놀로지 주식회사,제조업,"전자부품, 컴퓨터, 영상, 음향 및 통신장비 제조업",중소기업,8.0,충남 보령시,1,2026-08-01 02:44:01
재무건전성,경영혁신형 중소기업(메인비즈),주식회사 에스트론,제조업,"전자부품, 컴퓨터, 영상, 음향 및 통신장비 제조업",중소기업,26.0,경기 부천시,1,2026-08-01 02:44:01
재무건전성,경영혁신형 중소기업(메인비즈),(주)에스에스티,제조업,"전자부품, 컴퓨터, 영상, 음향 및 통신장비 제조업",중소기업,15.0,전북 익산시,1,2026-08-01 02:44:01
재무건전성,경영혁신형 중소기업(메인비즈),서부네트웍스(주),제조업,"전자부품, 컴퓨터, 영상, 음향 및 통신장비 제조업",중소기업,7.0,,1,2026-08-01 02:44:01
재무건전성,경영혁신형 중소기업(메인비즈),주식회사 제이.에이.씨,제조업,"전자부품, 컴퓨터, 영상, 음향 및 통신장비 제조업",중소기업,63.0,,1,2026-08-01 02:44:01
재무건전성,경영혁신형 중소기업(메인비즈),주식회사 누리에,제조업,"전자부품, 컴퓨터, 영상, 음향 및 통신장비 제조업",중소기업,6.0,경기 파주시,1,2026-08-01 02:44:01
재무건전성,경영혁신형 중소기업(메인비즈),조이테크,제조업,"전자부품, 컴퓨터, 영상, 음향 및 통신장비 제조업",,,충북 청주시 흥덕구,0,2026-08-01 02:44:01
재무건전성,경영혁신형 중소기업(메인비즈),주식회사셀빛,제조업,"전자부품, 컴퓨터, 영상, 음향 및 통신장비 제조업",,,경기 용인시 처인구,0,2026-08-01 02:44:01
재무건전성,경영혁신형 중소기업(메인비즈),(주)에이앤티글로벌,제조업,"전자부품, 컴퓨터, 영상, 음향 및 통신장비 제조업",,,경남 양산시,0,2026-08-01 02:44:01
재무건전성,경영혁신형 중소기업(메인비즈),(주)코앤링크,제조업,"전자부품, 컴퓨터, 영상, 음향 및 통신장비 제조업",,,서울 용산구,0,2026-08-01 02:44:01
재무건전성,경영혁신형 중소기업(메인비즈),주식회사 쓰리윈즈,제조업,"전자부품, 컴퓨터, 영상, 음향 및 통신장비 제조업",중소기업,15.0,서울 금천구,0,2026-08-01 02:44:01
재무건전성,경영혁신형 중소기업(메인비즈),주식회사 디케이에스,제조업,"전자부품, 컴퓨터, 영상, 음향 및 통신장비 제조업",,,충남 천안시 서북구,0,2026-08-01 02:44:01
재무건전성,경영혁신형 중소기업(메인비즈),(주)우불텍코리아,제조업,"전자부품, 컴퓨터, 영상, 음향 및 통신장비 제조업",중소기업,12.0,인천 계양구,0,2026-08-01 02:44:01
재무건전성,경영혁신형 중소기업(메인비즈),경신금속 주식회사,제조업,"전자부품, 컴퓨터, 영상, 음향 및 통신장비 제조업",중소기업,113.0,경기 김포시,0,2026-08-01 02:44:01
재무건전성,경영혁신형 중소기업(메인비즈),(주)해성,제조업,"전자부품, 컴퓨터, 영상, 음향 및 통신장비 제조업",중소기업,27.0,경기 안성시,0,2026-08-01 02:44:01
재무건전성,경영혁신형 중소기업(메인비즈),(주)에이번,제조업,"전자부품, 컴퓨터, 영상, 음향 및 통신장비 제조업",중소기업,28.0,서울 강서구,0,2026-08-01 02:44:01
재무건전성,경영혁신형 중소기업(메인비즈),싸니코전자 주식회사,제조업,"전자부품, 컴퓨터, 영상, 음향 및 통신장비 제조업",중소기업,40.0,경기 성남시 중원구,0,2026-08-01 02:44:01
재무건전성,경영혁신형 중소기업(메인비즈),(주)포스텔,제조업,"전자부품, 컴퓨터, 영상, 음향 및 통신장비 제조업",,,충남 아산시,0,2026-08-01 02:44:01
재무건전성,경영혁신형 중소기업(메인비즈),주식회사 이노링크,제조업,"전자부품, 컴퓨터, 영상, 음향 및 통신장비 제조업",,,경기 군포시,0,2026-08-01 02:44:01
재무건전성,경영혁신형 중소기업(메인비즈),(주)동안넥스,제조업,"전자부품, 컴퓨터, 영상, 음향 및 통신장비 제조업",중소기업,13.0,인천 남동구,0,2026-08-01 02:44:01
재무건전성,경영혁신형 중소기업(메인비즈),(주)한맥아이티,제조업,"전자부품, 컴퓨터, 영상, 음향 및 통신장비 제조업",중소기업,12.0,서울 성동구,0,2026-08-01 02:44:01
재무건전성,경영혁신형 중소기업(메인비즈),주식회사 중부테크,제조업,"전자부품, 컴퓨터, 영상, 음향 및 통신장비 제조업",,,충남 천안시 서북구,0,2026-08-01 02:44:01
재무건전성,경영혁신형 중소기업(메인비즈),주식회사에이치앤에이치,제조업,"전자부품, 컴퓨터, 영상, 음향 및 통신장비 제조업",,,경기 안성시,0,2026-08-01 02:44:01
재무건전성,경영혁신형 중소기업(메인비즈),주식회사 이레시스템,제조업,"전자부품, 컴퓨터, 영상, 음향 및 통신장비 제조업",중소기업,11.0,충남 아산시,0,2026-08-01 02:44:01
재무건전성,경영혁신형 중소기업(메인비즈),(주)엠에스티엔지니어링,제조업,"전자부품, 컴퓨터, 영상, 음향 및 통신장비 제조업",,,충남 천안시 서북구,0,2026-08-01 02:44:01
재무건전성,경영혁신형 중소기업(메인비즈),주식회사지아이티,제조업,"전자부품, 컴퓨터, 영상, 음향 및 통신장비 제조업",중소기업,16.0,강원 춘천시,0,2026-08-01 02:44:01
재무건전성,경영혁신형 중소기업(메인비즈),주식회사 에코프린,제조업,"전자부품, 컴퓨터, 영상, 음향 및 통신장비 제조업",중소기업,,경기 화성시,0,2026-08-01 02:44:01
재무건전성,경영혁신형 중소기업(메인비즈),(주)태흥아이에스,제조업,"전자부품, 컴퓨터, 영상, 음향 및 통신장비 제조업",중소기업,39.0,서울 서초구,0,2026-08-01 02:44:01
재무건전성,경영혁신형 중소기업(메인비즈),(주)지테크시스템,제조업,"전자부품, 컴퓨터, 영상, 음향 및 통신장비 제조업",,,서울 금천구,0,2026-08-01 02:44:01
재무건전성,경영혁신형 중소기업(메인비즈),(주)무한산업,제조업,"전자부품, 컴퓨터, 영상, 음향 및 통신장비 제조업",중소기업,14.0,세종,0,2026-08-01 02:44:01
재무건전성,경영혁신형 중소기업(메인비즈),(주)테스트테크,제조업,"의료, 정밀, 광학기기 및 시계 제조업",중소기업,370.0,충북 청주시 청원구,83,2026-08-01 02:44:01
재무건전성,경영혁신형 중소기업(메인비즈),(주) E.O.S,제조업,"의료, 정밀, 광학기기 및 시계 제조업",중소기업,88.0,대구 동구,73,2026-08-01 02:44:01
재무건전성,경영혁신형 중소기업(메인비즈),주식회사 서일플랜트,제조업,"의료, 정밀, 광학기기 및 시계 제조업",중소기업,13.0,대구 달서구,65,2026-08-01 02:44:01
재무건전성,경영혁신형 중소기업(메인비즈),(주)우수이엔지,제조업,"의료, 정밀, 광학기기 및 시계 제조업",중소기업,32.0,경기 김포시,39,2026-08-01 02:44:01
재무건전성,경영혁신형 중소기업(메인비즈),한국건설자재시험연구원(주),제조업,"의료, 정밀, 광학기기 및 시계 제조업",중소기업,41.0,경기 안산시 상록구,32,2026-08-01 02:44:01
재무건전성,경영혁신형 중소기업(메인비즈),(주)명지산업,제조업,"의료, 정밀, 광학기기 및 시계 제조업",중소기업,19.0,,26,2026-08-01 02:44:01
재무건전성,경영혁신형 중소기업(메인비즈),에이비메디컬 주식회사,제조업,"의료, 정밀, 광학기기 및 시계 제조업",중소기업,83.0,,25,2026-08-01 02:44:01
재무건전성,경영혁신형 중소기업(메인비즈),비엔테크 주식회사,제조업,"의료, 정밀, 광학기기 및 시계 제조업",중소기업,,경남 김해시,25,2026-08-01 02:44:01
재무건전성,경영혁신형 중소기업(메인비즈),(주)에스이이엔지,제조업,"의료, 정밀, 광학기기 및 시계 제조업",중소기업,25.0,대전 유성구,22,2026-08-01 02:44:01
재무건전성,경영혁신형 중소기업(메인비즈),주식회사비에스,제조업,"의료, 정밀, 광학기기 및 시계 제조업",중소기업,6.0,경북 포항시 북구,20,2026-08-01 02:44:01
재무건전성,경영혁신형 중소기업(메인비즈),(주)진성티앤피,제조업,"의료, 정밀, 광학기기 및 시계 제조업",중소기업,20.0,서울 금천구,16,2026-08-01 02:44:01
재무건전성,경영혁신형 중소기업(메인비즈),(주)메디피아,제조업,"의료, 정밀, 광학기기 및 시계 제조업",중소기업,10.0,경기 부천시,14,2026-08-01 02:44:01
재무건전성,경영혁신형 중소기업(메인비즈),주식회사 모엔,제조업,"의료, 정밀, 광학기기 및 시계 제조업",중소기업,9.0,경기 수원시 권선구,12,2026-08-01 02:44:01
재무건전성,경영혁신형 중소기업(메인비즈),민성정밀(주),제조업,"의료, 정밀, 광학기기 및 시계 제조업",중소기업,,경북 칠곡군,11,2026-08-01 02:44:01
재무건전성,경영혁신형 중소기업(메인비즈),주식회사 제이에스테크,제조업,"의료, 정밀, 광학기기 및 시계 제조업",중소기업,15.0,경북 경산시,8,2026-08-01 02:44:01
재무건전성,경영혁신형 중소기업(메인비즈),주식회사 모디넥스(MODINEX Corp.),제조업,"의료, 정밀, 광학기기 및 시계 제조업",중소기업,,강원 원주시,8,2026-08-01 02:44:01
재무건전성,경영혁신형 중소기업(메인비즈),경도양행(주),제조업,"의료, 정밀, 광학기기 및 시계 제조업",중소기업,41.0,서울 강남구,6,2026-08-01 02:44:01
재무건전성,경영혁신형 중소기업(메인비즈),(주)로이엔텍,제조업,"의료, 정밀, 광학기기 및 시계 제조업",중소기업,14.0,경기 안양시 만안구,5,2026-08-01 02:44:01
재무건전성,경영혁신형 중소기업(메인비즈),이정치과기공(주),제조업,"의료, 정밀, 광학기기 및 시계 제조업",중소기업,49.0,경기 수원시 권선구,4,2026-08-01 02:44:01
재무건전성,경영혁신형 중소기업(메인비즈),위텍시스템(주),제조업,"의료, 정밀, 광학기기 및 시계 제조업",중소기업,15.0,경남 거창군,3,2026-08-01 02:44:01
재무건전성,경영혁신형 중소기업(메인비즈),(주) 덕인,제조업,"의료, 정밀, 광학기기 및 시계 제조업",중소기업,23.0,경기 화성시,2,2026-08-01 02:44:01
재무건전성,경영혁신형 중소기업(메인비즈),주식회사 와이투아이,제조업,"의료, 정밀, 광학기기 및 시계 제조업",중소기업,12.0,충남 계룡시,2,2026-08-01 02:44:01
재무건전성,경영혁신형 중소기업(메인비즈),호진산업기연(주),제조업,"의료, 정밀, 광학기기 및 시계 제조업",중소기업,94.0,서울 강남구,1,2026-08-01 02:44:01
재무건전성,경영혁신형 중소기업(메인비즈),(주)오디씨티,제조업,"의료, 정밀, 광학기기 및 시계 제조업",중소기업,,경기 용인시 처인구,1,2026-08-01 02:44:01
재무건전성,경영혁신형 중소기업(메인비즈),(주)유니오텍,제조업,"의료, 정밀, 광학기기 및 시계 제조업",,,대전 유성구,0,2026-08-01 02:44:01
재무건전성,경영혁신형 중소기업(메인비즈),(주)티에스엠,제조업,"의료, 정밀, 광학기기 및 시계 제조업",중소기업,20.0,경기 성남시 중원구,0,2026-08-01 02:44:01
재무건전성,경영혁신형 중소기업(메인비즈),주식회사 엔피에스,제조업,"의료, 정밀, 광학기기 및 시계 제조업",,,충북 청주시 흥덕구,0,2026-08-01 02:44:01
재무건전성,경영혁신형 중소기업(메인비즈),씨피알코리아메디칼 (주),제조업,"의료, 정밀, 광학기기 및 시계 제조업",중소기업,8.0,서울 송파구,0,2026-08-01 02:44:01
재무건전성,경영혁신형 중소기업(메인비즈),리튼에이치앤 주식회사,제조업,"의료, 정밀, 광학기기 및 시계 제조업",중소기업,8.0,대구 동구,0,2026-08-01 02:44:01
재무건전성,경영혁신형 중소기업(메인비즈),(주)에이티이기술,제조업,"의료, 정밀, 광학기기 및 시계 제조업",중소기업,35.0,대구 달서구,0,2026-08-01 02:44:01
재무건전성,경영혁신형 중소기업(메인비즈),(주)이에프,제조업,"의료, 정밀, 광학기기 및 시계 제조업",중소기업,17.0,경기 김포시,0,2026-08-01 02:44:01
재무건전성,경영혁신형 중소기업(메인비즈),(주)제너럴네트,제조업,"의료, 정밀, 광학기기 및 시계 제조업",,,서울 강남구,0,2026-08-01 02:44:01
재무건전성,경영혁신형 중소기업(메인비즈),(주)초위스컴퍼니,제조업,"의료, 정밀, 광학기기 및 시계 제조업",,,경기 용인시 기흥구,0,2026-08-01 02:44:01
재무건전성,경영혁신형 중소기업(메인비즈),(주)센트릭덴탈솔루션,제조업,"의료, 정밀, 광학기기 및 시계 제조업",중소기업,,서울 관악구,0,2026-08-01 02:44:01
재무건전성,경영혁신형 중소기업(메인비즈),(주)에코프로머티리얼즈,제조업,전기장비 제조업,중견기업,557.0,경북 포항시 북구,275,2026-08-01 02:44:01
재무건전성,경영혁신형 중소기업(메인비즈),영풍전자(주),제조업,전기장비 제조업,중소기업,294.0,경남 창원시 의창구,170,2026-08-01 02:44:01
재무건전성,경영혁신형 중소기업(메인비즈),주식회사대현단자,제조업,전기장비 제조업,중소기업,105.0,,42,2026-08-01 02:44:01
재무건전성,경영혁신형 중소기업(메인비즈),(주)링크텍,제조업,전기장비 제조업,중소기업,54.0,경기 화성시,39,2026-08-01 02:44:01
재무건전성,경영혁신형 중소기업(메인비즈),한국그린에너지(주),제조업,전기장비 제조업,중소기업,34.0,전북 완주군,37,2026-08-01 02:44:01
재무건전성,경영혁신형 중소기업(메인비즈),주식회사 에이티씨,제조업,전기장비 제조업,중소기업,16.0,경기 고양시 덕양구,35,2026-08-01 02:44:01
재무건전성,경영혁신형 중소기업(메인비즈),(주)리더스테크,제조업,전기장비 제조업,중소기업,60.0,경기 부천시,29,2026-08-01 02:44:01
재무건전성,경영혁신형 중소기업(메인비즈),주식회사삼원절연,제조업,전기장비 제조업,중소기업,44.0,경기 화성시,27,2026-08-01 02:44:01
재무건전성,경영혁신형 중소기업(메인비즈),인버터기술 주식회사,제조업,전기장비 제조업,중소기업,14.0,,27,2026-08-01 02:44:01
재무건전성,경영혁신형 중소기업(메인비즈),주식회사 우진,제조업,전기장비 제조업,중소기업,9.0,강원 원주시,26,2026-08-01 02:44:01
재무건전성,경영혁신형 중소기업(메인비즈),덕산정밀(주),제조업,전기장비 제조업,중소기업,114.0,경북 경산시,24,2026-08-01 02:44:01
재무건전성,경영혁신형 중소기업(메인비즈),(주)대륭전선,제조업,전기장비 제조업,중소기업,62.0,충북 진천군,24,2026-08-01 02:44:01
재무건전성,경영혁신형 중소기업(메인비즈),주식회사 에코이엠,제조업,전기장비 제조업,중소기업,12.0,경기 김포시,23,2026-08-01 02:44:01
재무건전성,경영혁신형 중소기업(메인비즈),두원전선 주식회사,제조업,전기장비 제조업,중소기업,51.0,충남 보령시,23,2026-08-01 02:44:01
재무건전성,경영혁신형 중소기업(메인비즈),디스플레이허브 주식회사,제조업,전기장비 제조업,중소기업,32.0,서울 중랑구,22,2026-08-01 02:44:01
재무건전성,경영혁신형 중소기업(메인비즈),영준기업(주),제조업,전기장비 제조업,중소기업,38.0,경기 광주시,21,2026-08-01 02:44:01
재무건전성,경영혁신형 중소기업(메인비즈),(주)티엠텍,제조업,전기장비 제조업,중소기업,43.0,경기 평택시,21,2026-08-01 02:44:01
재무건전성,경영혁신형 중소기업(메인비즈),(주)금화전선,제조업,전기장비 제조업,중소기업,56.0,충북 음성군,19,2026-08-01 02:44:01
재무건전성,경영혁신형 중소기업(메인비즈),(주)이레이,제조업,전기장비 제조업,중소기업,74.0,경남 창원시 성산구,18,2026-08-01 02:44:01
재무건전성,경영혁신형 중소기업(메인비즈),상동산업(주),제조업,전기장비 제조업,중소기업,28.0,인천 남동구,16,2026-08-01 02:44:01
재무건전성,경영혁신형 중소기업(메인비즈),중일전기(주),제조업,전기장비 제조업,중소기업,15.0,경남 양산시,16,2026-08-01 02:44:01
재무건전성,경영혁신형 중소기업(메인비즈),(주)아시아전선,제조업,전기장비 제조업,중소기업,31.0,충북 음성군,15,2026-08-01 02:44:01
재무건전성,경영혁신형 중소기업(메인비즈),(주)대창일렉컴,제조업,전기장비 제조업,중소기업,24.0,경기 이천시,15,2026-08-01 02:44:01
재무건전성,경영혁신형 중소기업(메인비즈),(주)드림,제조업,전기장비 제조업,중소기업,46.0,경기 수원시 영통구,14,2026-08-01 02:44:01
재무건전성,경영혁신형 중소기업(메인비즈),주식회사 아리,제조업,전기장비 제조업,중소기업,20.0,경기 화성시,14,2026-08-01 02:44:01
재무건전성,경영혁신형 중소기업(메인비즈),일산전선 주식회사,제조업,전기장비 제조업,중소기업,45.0,충북 음성군,13,2026-08-01 02:44:01
재무건전성,경영혁신형 중소기업(메인비즈),한국이엔엠주식회사,제조업,전기장비 제조업,대기업,51.0,경기 안양시 동안구,12,2026-08-01 02:44:01
재무건전성,경영혁신형 중소기업(메인비즈),(주)보보코퍼레이션,제조업,전기장비 제조업,중소기업,53.0,서울 서초구,12,2026-08-01 02:44:01
재무건전성,경영혁신형 중소기업(메인비즈),(주) 카리스,제조업,전기장비 제조업,중소기업,20.0,경기 김포시,12,2026-08-01 02:44:01
재무건전성,경영혁신형 중소기업(메인비즈),주식회사 에이치에스해성,제조업,전기장비 제조업,중소기업,40.0,경북 구미시,10,2026-08-01 02:44:01
재무건전성,경영혁신형 중소기업(메인비즈),씨엔아이전자(주),제조업,전기장비 제조업,중소기업,52.0,강원 원주시,9,2026-08-01 02:44:01
재무건전성,경영혁신형 중소기업(메인비즈),남호전기(주),제조업,전기장비 제조업,중소기업,10.0,대구 북구,9,2026-08-01 02:44:01
재무건전성,경영혁신형 중소기업(메인비즈),주식회사 세종시스템,제조업,전기장비 제조업,중소기업,,충남 아산시,8,2026-08-01 02:44:01
재무건전성,경영혁신형 중소기업(메인비즈),한원계전(주),제조업,전기장비 제조업,중소기업,5.0,경기 포천시,7,2026-08-01 02:44:01
재무건전성,경영혁신형 중소기업(메인비즈),(주)비알피,제조업,전기장비 제조업,중소기업,8.0,경남 김해시,7,2026-08-01 02:44:01
재무건전성,경영혁신형 중소기업(메인비즈),주식회사이호,제조업,전기장비 제조업,중소기업,26.0,경남 밀양시,6,2026-08-01 02:44:01
재무건전성,경영혁신형 중소기업(메인비즈),주식회사 바이빔,제조업,전기장비 제조업,중소기업,17.0,경기 남양주시,6,2026-08-01 02:44:01
재무건전성,경영혁신형 중소기업(메인비즈),신화산업(주),제조업,전기장비 제조업,중소기업,40.0,경기 광주시,6,2026-08-01 02:44:01
재무건전성,경영혁신형 중소기업(메인비즈),(주)빛글,제조업,전기장비 제조업,중소기업,12.0,경기 안양시 동안구,5,2026-08-01 02:44:01
재무건전성,경영혁신형 중소기업(메인비즈),(주)금강파워텍,제조업,전기장비 제조업,중소기업,18.0,충남 아산시,5,2026-08-01 02:44:01
재무건전성,경영혁신형 중소기업(메인비즈),(주)선세이브,제조업,전기장비 제조업,중소기업,22.0,경기 안산시 단원구,5,2026-08-01 02:44:01
재무건전성,경영혁신형 중소기업(메인비즈),대륙전선(주),제조업,전기장비 제조업,중소기업,46.0,경북 영천시,5,2026-08-01 02:44:01
재무건전성,경영혁신형 중소기업(메인비즈),주식회사 미래기전,제조업,전기장비 제조업,중소기업,35.0,충남 금산군,4,2026-08-01 02:44:01
재무건전성,경영혁신형 중소기업(메인비즈),(주)진성하이테크놀로지,제조업,전기장비 제조업,중소기업,82.0,인천 미추홀구,4,2026-08-01 02:44:01
재무건전성,경영혁신형 중소기업(메인비즈),씨엔아이케이블(주),제조업,전기장비 제조업,중소기업,22.0,충북 충주시,4,2026-08-01 02:44:01
재무건전성,경영혁신형 중소기업(메인비즈),제이씨케미칼(주),제조업,전기장비 제조업,중소기업,13.0,충북 진천군,4,2026-08-01 02:44:01
재무건전성,경영혁신형 중소기업(메인비즈),성화금속(주),제조업,전기장비 제조업,중소기업,25.0,경기 화성시,3,2026-08-01 02:44:01
재무건전성,경영혁신형 중소기업(메인비즈),(주)테라에프에이,제조업,전기장비 제조업,중소기업,15.0,대전 유성구,3,2026-08-01 02:44:01
재무건전성,경영혁신형 중소기업(메인비즈),세진전선(주),제조업,전기장비 제조업,중소기업,,충북 음성군,3,2026-08-01 02:44:01
재무건전성,경영혁신형 중소기업(메인비즈),(주)대륙건설광고공사,제조업,전기장비 제조업,중소기업,7.0,부산 연제구,3,2026-08-01 02:44:01
재무건전성,경영혁신형 중소기업(메인비즈),주식회사 유니텍코리아,제조업,전기장비 제조업,중소기업,16.0,부산 강서구,3,2026-08-01 02:44:01
재무건전성,경영혁신형 중소기업(메인비즈),주식회사제일전기,제조업,전기장비 제조업,중소기업,20.0,충남 천안시 동남구,2,2026-08-01 02:44:01
재무건전성,경영혁신형 중소기업(메인비즈),(주)효성파워택,제조업,전기장비 제조업,중소기업,22.0,경남 양산시,2,2026-08-01 02:44:01
재무건전성,경영혁신형 중소기업(메인비즈),서부이엔지 주식회사,제조업,전기장비 제조업,중소기업,8.0,경기 김포시,2,2026-08-01 02:44:01
재무건전성,경영혁신형 중소기업(메인비즈),(주)코스모비전,제조업,전기장비 제조업,중소기업,11.0,경기 안산시 상록구,2,2026-08-01 02:44:01
재무건전성,경영혁신형 중소기업(메인비즈),(주) 유창이앤씨,제조업,전기장비 제조업,중소기업,27.0,경기 화성시,2,2026-08-01 02:44:01
재무건전성,경영혁신형 중소기업(메인비즈),(주)센트로닉스,제조업,전기장비 제조업,중소기업,14.0,충남 천안시 서북구,2,2026-08-01 02:44:01
재무건전성,경영혁신형 중소기업(메인비즈),대흥시스텍 주식회사,제조업,전기장비 제조업,중소기업,6.0,부산 사상구,2,2026-08-01 02:44:01
재무건전성,경영혁신형 중소기업(메인비즈),현대기전(주),제조업,전기장비 제조업,중소기업,22.0,경북 경주시,1,2026-08-01 02:44:01
재무건전성,경영혁신형 중소기업(메인비즈),주식회사 위너젠,제조업,전기장비 제조업,중소기업,,경기 수원시 권선구,1,2026-08-01 02:44:01
재무건전성,경영혁신형 중소기업(메인비즈),선덕베스텍주식회사,제조업,전기장비 제조업,중소기업,14.0,경남 김해시,1,2026-08-01 02:44:01
재무건전성,경영혁신형 중소기업(메인비즈),(주)선진하이테크,제조업,전기장비 제조업,중소기업,12.0,경기 화성시,1,2026-08-01 02:44:01
재무건전성,경영혁신형 중소기업(메인비즈),머스코코리아 유한회사,제조업,전기장비 제조업,,,인천 연수구,0,2026-08-01 02:44:01
재무건전성,경영혁신형 중소기업(메인비즈),엠제이엠엔에스,제조업,전기장비 제조업,,,경남 김해시,0,2026-08-01 02:44:01
재무건전성,경영혁신형 중소기업(메인비즈),KS전기제어,제조업,전기장비 제조업,,,대전 서구,0,2026-08-01 02:44:01
재무건전성,경영혁신형 중소기업(메인비즈),우진전기공업,제조업,전기장비 제조업,,,경기 김포시,0,2026-08-01 02:44:01
재무건전성,경영혁신형 중소기업(메인비즈),(주)미광-케이아이,제조업,전기장비 제조업,중소기업,9.0,경기 군포시,0,2026-08-01 02:44:01
재무건전성,경영혁신형 중소기업(메인비즈),주식회사우신하이텍,제조업,전기장비 제조업,,,경북 구미시,0,2026-08-01 02:44:01
재무건전성,경영혁신형 중소기업(메인비즈),(주)제이에스앤씨(JS&C),제조업,전기장비 제조업,,,경기 안산시 상록구,0,2026-08-01 02:44:01
재무건전성,경영혁신형 중소기업(메인비즈),(주)혜성전기,제조업,전기장비 제조업,중소기업,20.0,경북 의성군,0,2026-08-01 02:44:01
재무건전성,경영혁신형 중소기업(메인비즈),경일아이엔디주식회사,제조업,전기장비 제조업,,,충남 천안시 서북구,0,2026-08-01 02:44:01
재무건전성,경영혁신형 중소기업(메인비즈),(주)대동계전,제조업,전기장비 제조업,중소기업,13.0,,0,2026-08-01 02:44:01
재무건전성,경영혁신형 중소기업(메인비즈),주식회사 여명라이팅,제조업,전기장비 제조업,중소기업,14.0,경남 창원시 마산회원구,0,2026-08-01 02:44:01
재무건전성,경영혁신형 중소기업(메인비즈),(주)금정기전,제조업,전기장비 제조업,중소기업,12.0,,0,2026-08-01 02:44:01
재무건전성,경영혁신형 중소기업(메인비즈),(주)현세엔티아이,제조업,전기장비 제조업,중소기업,26.0,충남 천안시 서북구,0,2026-08-01 02:44:01
재무건전성,경영혁신형 중소기업(메인비즈),(주)미래바이텍,제조업,전기장비 제조업,,,서울 금천구,0,2026-08-01 02:44:01
재무건전성,경영혁신형 중소기업(메인비즈),주식회사 용성이엔지,제조업,전기장비 제조업,중소기업,11.0,경기 화성시,0,2026-08-01 02:44:01
재무건전성,경영혁신형 중소기업(메인비즈),주식회사비엔피시스템,제조업,전기장비 제조업,,,경기 안산시 단원구,0,2026-08-01 02:44:01
재무건전성,경영혁신형 중소기업(메인비즈),주식회사파인,제조업,기타 기계 및 장비 제조업,중소기업,155.0,경남 창원시 성산구,133,2026-08-01 02:44:01
재무건전성,경영혁신형 중소기업(메인비즈),(주)지원엠텍,제조업,기타 기계 및 장비 제조업,중소기업,50.0,경남 김해시,64,2026-08-01 02:44:01
재무건전성,경영혁신형 중소기업(메인비즈),광신기계공업(주),제조업,기타 기계 및 장비 제조업,중소기업,161.0,경남 함안군,63,2026-08-01 02:44:01
재무건전성,경영혁신형 중소기업(메인비즈),한성엠텍(주),제조업,기타 기계 및 장비 제조업,중소기업,25.0,경기 김포시,61,2026-08-01 02:44:01
재무건전성,경영혁신형 중소기업(메인비즈),(주)동아기업,제조업,기타 기계 및 장비 제조업,중소기업,103.0,울산 북구,57,2026-08-01 02:44:01
재무건전성,경영혁신형 중소기업(메인비즈),주식회사 화인씨앤엠,제조업,기타 기계 및 장비 제조업,중소기업,47.0,울산 남구,56,2026-08-01 02:44:01
재무건전성,경영혁신형 중소기업(메인비즈),주식회사 대아펌프,제조업,기타 기계 및 장비 제조업,중소기업,58.0,경기 평택시,52,2026-08-01 02:44:01
재무건전성,경영혁신형 중소기업(메인비즈),동은정공(주),제조업,기타 기계 및 장비 제조업,중소기업,85.0,경남 김해시,52,2026-08-01 02:44:01
재무건전성,경영혁신형 중소기업(메인비즈),(주)아이더블유케이,제조업,기타 기계 및 장비 제조업,중소기업,40.0,인천 남동구,51,2026-08-01 02:44:01
재무건전성,경영혁신형 중소기업(메인비즈),"주식회사 다산(DASAN Co., Ltd)",제조업,기타 기계 및 장비 제조업,중소기업,29.0,경기 김포시,50,2026-08-01 02:44:01
재무건전성,경영혁신형 중소기업(메인비즈),(주) 현대정밀,제조업,기타 기계 및 장비 제조업,중소기업,45.0,경남 창원시 의창구,47,2026-08-01 02:44:01
재무건전성,경영혁신형 중소기업(메인비즈),유신에이치알 주식회사,제조업,기타 기계 및 장비 제조업,중소기업,58.0,부산 기장군,47,2026-08-01 02:44:01
재무건전성,경영혁신형 중소기업(메인비즈),(주)베스텍,제조업,기타 기계 및 장비 제조업,중소기업,144.0,경남 밀양시,46,2026-08-01 02:44:01
재무건전성,경영혁신형 중소기업(메인비즈),코스모이엔텍(주),제조업,기타 기계 및 장비 제조업,중소기업,9.0,경기 안양시 동안구,45,2026-08-01 02:44:01
재무건전성,경영혁신형 중소기업(메인비즈),(주)린도,제조업,기타 기계 및 장비 제조업,중소기업,44.0,경북 포항시 북구,42,2026-08-01 02:44:01
재무건전성,경영혁신형 중소기업(메인비즈),주식회사 와우텍,제조업,기타 기계 및 장비 제조업,중소기업,42.0,대구 달성군,38,2026-08-01 02:44:01
재무건전성,경영혁신형 중소기업(메인비즈),주식회사 하이테크디젤,제조업,기타 기계 및 장비 제조업,중소기업,9.0,대구 달성군,37,2026-08-01 02:44:01
재무건전성,경영혁신형 중소기업(메인비즈),(주)덕원환경산업기술,제조업,기타 기계 및 장비 제조업,중소기업,,부산 강서구,37,2026-08-01 02:44:01
재무건전성,경영혁신형 중소기업(메인비즈),(주)대성후드텍,제조업,기타 기계 및 장비 제조업,중소기업,105.0,경기 수원시 권선구,36,2026-08-01 02:44:01
재무건전성,경영혁신형 중소기업(메인비즈),밸프주식회사,제조업,기타 기계 및 장비 제조업,중소기업,12.0,경북 포항시 남구,34,2026-08-01 02:44:01
재무건전성,경영혁신형 중소기업(메인비즈),주식회사 꼬레본,제조업,기타 기계 및 장비 제조업,중소기업,66.0,경기 안산시 단원구,33,2026-08-01 02:44:01
재무건전성,경영혁신형 중소기업(메인비즈),(주)BnC,제조업,기타 기계 및 장비 제조업,중소기업,13.0,경기 평택시,32,2026-08-01 02:44:01
재무건전성,경영혁신형 중소기업(메인비즈),(유)성원엘리베이터,제조업,기타 기계 및 장비 제조업,중소기업,39.0,전북 전주시 덕진구,30,2026-08-01 02:44:01
재무건전성,경영혁신형 중소기업(메인비즈),(주)에스앤에이치이엔지,제조업,기타 기계 및 장비 제조업,중소기업,35.0,경기 안성시,29,2026-08-01 02:44:01
재무건전성,경영혁신형 중소기업(메인비즈),유피아이,제조업,기타 기계 및 장비 제조업,중소기업,41.0,대구 달서구,28,2026-08-01 02:44:01
재무건전성,경영혁신형 중소기업(메인비즈),대우금속(주),제조업,기타 기계 및 장비 제조업,중소기업,15.0,부산 사상구,28,2026-08-01 02:44:01
재무건전성,경영혁신형 중소기업(메인비즈),(주)거봉한진,제조업,기타 기계 및 장비 제조업,중소기업,23.0,,28,2026-08-01 02:44:01
재무건전성,경영혁신형 중소기업(메인비즈),(주)대덕,제조업,기타 기계 및 장비 제조업,중소기업,40.0,경남 창원시 마산회원구,27,2026-08-01 02:44:01
재무건전성,경영혁신형 중소기업(메인비즈),(주)두진,제조업,기타 기계 및 장비 제조업,중소기업,40.0,,25,2026-08-01 02:44:01
재무건전성,경영혁신형 중소기업(메인비즈),(주)다인이엔지,제조업,기타 기계 및 장비 제조업,중소기업,19.0,경기 안산시 단원구,25,2026-08-01 02:44:01
재무건전성,경영혁신형 중소기업(메인비즈),화빈기계(주),제조업,기타 기계 및 장비 제조업,중소기업,47.0,충남 당진시,24,2026-08-01 02:44:01
재무건전성,경영혁신형 중소기업(메인비즈),해동중공업 주식회사,제조업,기타 기계 및 장비 제조업,중소기업,8.0,부산 사상구,24,2026-08-01 02:44:01
재무건전성,경영혁신형 중소기업(메인비즈),주식회사 케이제이,제조업,기타 기계 및 장비 제조업,중소기업,,충남 아산시,23,2026-08-01 02:44:01
재무건전성,경영혁신형 중소기업(메인비즈),(주)동아테크놀로지,제조업,기타 기계 및 장비 제조업,중소기업,23.0,울산 울주군,22,2026-08-01 02:44:01
재무건전성,경영혁신형 중소기업(메인비즈),삼웅철강주식회사,제조업,기타 기계 및 장비 제조업,중소기업,20.0,경기 김포시,22,2026-08-01 02:44:01
재무건전성,경영혁신형 중소기업(메인비즈),(주)신세계정공,제조업,기타 기계 및 장비 제조업,중소기업,34.0,경북 구미시,22,2026-08-01 02:44:01
재무건전성,경영혁신형 중소기업(메인비즈),주식회사에이치앤텍,제조업,기타 기계 및 장비 제조업,중소기업,36.0,제주 제주시,21,2026-08-01 02:44:01
재무건전성,경영혁신형 중소기업(메인비즈),(주)유진기공,제조업,기타 기계 및 장비 제조업,중소기업,130.0,충남 아산시,20,2026-08-01 02:44:01
재무건전성,경영혁신형 중소기업(메인비즈),주식회사 금우이엔지,제조업,기타 기계 및 장비 제조업,중소기업,46.0,경남 진주시,20,2026-08-01 02:44:01
재무건전성,경영혁신형 중소기업(메인비즈),(주)대협정기,제조업,기타 기계 및 장비 제조업,중소기업,27.0,,20,2026-08-01 02:44:01
재무건전성,경영혁신형 중소기업(메인비즈),주식회사 에스케이호이스트크레인,제조업,기타 기계 및 장비 제조업,중소기업,13.0,,19,2026-08-01 02:44:01
재무건전성,경영혁신형 중소기업(메인비즈),(주)남부정밀,제조업,기타 기계 및 장비 제조업,중소기업,,경북 포항시 남구,18,2026-08-01 02:44:01
재무건전성,경영혁신형 중소기업(메인비즈),주식회사 청운알엠,제조업,기타 기계 및 장비 제조업,중소기업,14.0,부산 사상구,18,2026-08-01 02:44:01
재무건전성,경영혁신형 중소기업(메인비즈),주식회사 에스앤디코리아,제조업,기타 기계 및 장비 제조업,중소기업,6.0,경기 시흥시,17,2026-08-01 02:44:01
재무건전성,경영혁신형 중소기업(메인비즈),(주)일신,제조업,기타 기계 및 장비 제조업,중소기업,25.0,경기 김포시,16,2026-08-01 02:44:01
재무건전성,경영혁신형 중소기업(메인비즈),진우디이브이(주),제조업,기타 기계 및 장비 제조업,중소기업,13.0,경기 김포시,16,2026-08-01 02:44:01
재무건전성,경영혁신형 중소기업(메인비즈),신일기계(주),제조업,기타 기계 및 장비 제조업,중소기업,18.0,부산 사상구,16,2026-08-01 02:44:01
재무건전성,경영혁신형 중소기업(메인비즈),도원정밀(주),제조업,기타 기계 및 장비 제조업,중소기업,30.0,경남 창원시 마산회원구,15,2026-08-01 02:44:01
재무건전성,경영혁신형 중소기업(메인비즈),주식회사 한국엔텍,제조업,기타 기계 및 장비 제조업,중소기업,14.0,대전 대덕구,15,2026-08-01 02:44:01
재무건전성,경영혁신형 중소기업(메인비즈),(주)에이제이에프에프,제조업,기타 기계 및 장비 제조업,중소기업,12.0,부산 강서구,15,2026-08-01 02:44:01
재무건전성,경영혁신형 중소기업(메인비즈),(주)송산메카,제조업,기타 기계 및 장비 제조업,중소기업,,인천 남동구,15,2026-08-01 02:44:01
재무건전성,경영혁신형 중소기업(메인비즈),(주)유한지엔아이,제조업,기타 기계 및 장비 제조업,중소기업,19.0,경기 안산시 단원구,15,2026-08-01 02:44:01
재무건전성,경영혁신형 중소기업(메인비즈),주식회사월드머신,제조업,기타 기계 및 장비 제조업,중소기업,11.0,부산 강서구,15,2026-08-01 02:44:01
재무건전성,경영혁신형 중소기업(메인비즈),(주) 우신기연,제조업,기타 기계 및 장비 제조업,중소기업,83.0,경기 화성시,14,2026-08-01 02:44:01
재무건전성,경영혁신형 중소기업(메인비즈),고이께코리아엔지니어링(주),제조업,기타 기계 및 장비 제조업,중소기업,35.0,경북 김천시,14,2026-08-01 02:44:01
재무건전성,경영혁신형 중소기업(메인비즈),아산정밀,제조업,기타 기계 및 장비 제조업,중소기업,29.0,경기 화성시,14,2026-08-01 02:44:01
재무건전성,경영혁신형 중소기업(메인비즈),(주)해원오직,제조업,기타 기계 및 장비 제조업,중소기업,18.0,경남 창원시 성산구,14,2026-08-01 02:44:01
재무건전성,경영혁신형 중소기업(메인비즈),주식회사 진성,제조업,기타 기계 및 장비 제조업,중소기업,6.0,경기 시흥시,13,2026-08-01 02:44:01
재무건전성,경영혁신형 중소기업(메인비즈),주식회사 하나플라텍,제조업,기타 기계 및 장비 제조업,중소기업,54.0,충북 청주시 흥덕구,13,2026-08-01 02:44:01
재무건전성,경영혁신형 중소기업(메인비즈),주식회사대흥금속,제조업,기타 기계 및 장비 제조업,중소기업,44.0,충남 아산시,13,2026-08-01 02:44:01
재무건전성,경영혁신형 중소기업(메인비즈),(주)대선,제조업,기타 기계 및 장비 제조업,중소기업,40.0,,13,2026-08-01 02:44:01
재무건전성,경영혁신형 중소기업(메인비즈),(주)금명하이텍,제조업,기타 기계 및 장비 제조업,중소기업,38.0,,13,2026-08-01 02:44:01
재무건전성,경영혁신형 중소기업(메인비즈),길진정밀,제조업,기타 기계 및 장비 제조업,중소기업,10.0,경남 김해시,12,2026-08-01 02:44:01
재무건전성,경영혁신형 중소기업(메인비즈),(주)디에스케스텍,제조업,기타 기계 및 장비 제조업,중소기업,20.0,경남 김해시,12,2026-08-01 02:44:01
재무건전성,경영혁신형 중소기업(메인비즈),더세이프티 주식회사,제조업,기타 기계 및 장비 제조업,중소기업,63.0,부산 강서구,12,2026-08-01 02:44:01
재무건전성,경영혁신형 중소기업(메인비즈),한울이엔텍(주),제조업,기타 기계 및 장비 제조업,중소기업,40.0,충남 서천군,12,2026-08-01 02:44:01
재무건전성,경영혁신형 중소기업(메인비즈),주식회사 신와코리아,제조업,기타 기계 및 장비 제조업,중소기업,8.0,경기 김포시,12,2026-08-01 02:44:01
재무건전성,경영혁신형 중소기업(메인비즈),한국밸브(주),제조업,기타 기계 및 장비 제조업,중소기업,45.0,경남 김해시,11,2026-08-01 02:44:01
재무건전성,경영혁신형 중소기업(메인비즈),신라파이어(주),제조업,기타 기계 및 장비 제조업,중소기업,65.0,인천 남동구,11,2026-08-01 02:44:01
재무건전성,경영혁신형 중소기업(메인비즈),디에스이테크 주식회사,제조업,기타 기계 및 장비 제조업,중소기업,88.0,경기 용인시 처인구,11,2026-08-01 02:44:01
재무건전성,경영혁신형 중소기업(메인비즈),주식회사 아시아산업,제조업,기타 기계 및 장비 제조업,중소기업,5.0,울산 북구,11,2026-08-01 02:44:01
재무건전성,경영혁신형 중소기업(메인비즈),(주)제일티엔아이,제조업,기타 기계 및 장비 제조업,중소기업,14.0,,10,2026-08-01 02:44:01
재무건전성,경영혁신형 중소기업(메인비즈),(주)한진필터,제조업,기타 기계 및 장비 제조업,중소기업,35.0,경남 양산시,10,2026-08-01 02:44:01
재무건전성,경영혁신형 중소기업(메인비즈),(주)스트롱홀드테크놀로지,제조업,기타 기계 및 장비 제조업,중소기업,80.0,서울 금천구,10,2026-08-01 02:44:01
재무건전성,경영혁신형 중소기업(메인비즈),홍주리더스 주식회사,제조업,기타 기계 및 장비 제조업,중소기업,11.0,,10,2026-08-01 02:44:01
재무건전성,경영혁신형 중소기업(메인비즈),주식회사 디티에스,제조업,기타 기계 및 장비 제조업,중견기업,120.0,전북 군산시,10,2026-08-01 02:44:01
재무건전성,경영혁신형 중소기업(메인비즈),주식회사 에스에이엔지니어링,제조업,기타 기계 및 장비 제조업,중소기업,116.0,대전 대덕구,10,2026-08-01 02:44:01
재무건전성,경영혁신형 중소기업(메인비즈),반도체인공업 (주),제조업,기타 기계 및 장비 제조업,중소기업,35.0,경기 김포시,10,2026-08-01 02:44:01
재무건전성,경영혁신형 중소기업(메인비즈),(주)에스더블유피,제조업,기타 기계 및 장비 제조업,중소기업,32.0,경기 화성시,10,2026-08-01 02:44:01
재무건전성,경영혁신형 중소기업(메인비즈),엠피텍(주),제조업,기타 기계 및 장비 제조업,중소기업,32.0,충남 아산시,10,2026-08-01 02:44:01
재무건전성,경영혁신형 중소기업(메인비즈),(주)제이에스엔지니어링,제조업,기타 기계 및 장비 제조업,중소기업,24.0,경기 시흥시,9,2026-08-01 02:44:01
재무건전성,경영혁신형 중소기업(메인비즈),주식회사 에코필텍,제조업,기타 기계 및 장비 제조업,중소기업,8.0,경기 화성시,9,2026-08-01 02:44:01
재무건전성,경영혁신형 중소기업(메인비즈),대경기업(주),제조업,기타 기계 및 장비 제조업,중소기업,39.0,경남 김해시,9,2026-08-01 02:44:01
재무건전성,경영혁신형 중소기업(메인비즈),(주)삼미기계,제조업,기타 기계 및 장비 제조업,중소기업,48.0,울산 북구,9,2026-08-01 02:44:01
재무건전성,경영혁신형 중소기업(메인비즈),(유)한국엔지니어링,제조업,기타 기계 및 장비 제조업,중소기업,11.0,,9,2026-08-01 02:44:01
재무건전성,경영혁신형 중소기업(메인비즈),에코스마트주식회사,제조업,기타 기계 및 장비 제조업,중소기업,15.0,경기 화성시,8,2026-08-01 02:44:01
재무건전성,경영혁신형 중소기업(메인비즈),농업회사법인(유)참푸른글로벌,제조업,기타 기계 및 장비 제조업,중소기업,37.0,,8,2026-08-01 02:44:01
재무건전성,경영혁신형 중소기업(메인비즈),(주)제이아이테크,제조업,기타 기계 및 장비 제조업,중소기업,,경기 평택시,8,2026-08-01 02:44:01
재무건전성,경영혁신형 중소기업(메인비즈),주식회사 서림산기제1공장,제조업,기타 기계 및 장비 제조업,중소기업,24.0,경남 창원시 성산구,8,2026-08-01 02:44:01
재무건전성,경영혁신형 중소기업(메인비즈),주식회사 대광이엔지,제조업,기타 기계 및 장비 제조업,중소기업,11.0,경기 김포시,8,2026-08-01 02:44:01
재무건전성,경영혁신형 중소기업(메인비즈),(주)청오엔지니어링,제조업,기타 기계 및 장비 제조업,중소기업,40.0,대전 대덕구,7,2026-08-01 02:44:01
재무건전성,경영혁신형 중소기업(메인비즈),(주)청우엔지니어링,제조업,기타 기계 및 장비 제조업,중소기업,20.0,경남 김해시,7,2026-08-01 02:44:01
재무건전성,경영혁신형 중소기업(메인비즈),(주)금오중공업,제조업,기타 기계 및 장비 제조업,중소기업,55.0,경남 창녕군,7,2026-08-01 02:44:01
재무건전성,경영혁신형 중소기업(메인비즈),(주)태진,제조업,기타 기계 및 장비 제조업,중소기업,62.0,경남 양산시,7,2026-08-01 02:44:01
재무건전성,경영혁신형 중소기업(메인비즈),(주)에스앤티,제조업,기타 기계 및 장비 제조업,중소기업,30.0,경기 화성시,7,2026-08-01 02:44:01
재무건전성,경영혁신형 중소기업(메인비즈),(주)우성아이디에스엘리베이터,제조업,기타 기계 및 장비 제조업,중소기업,12.0,서울 영등포구,7,2026-08-01 02:44:01
재무건전성,경영혁신형 중소기업(메인비즈),(주)다원산업,제조업,기타 기계 및 장비 제조업,중소기업,45.0,경기 화성시,7,2026-08-01 02:44:01
재무건전성,경영혁신형 중소기업(메인비즈),(주)운광,제조업,기타 기계 및 장비 제조업,중소기업,11.0,대전 대덕구,7,2026-08-01 02:44:01
재무건전성,경영혁신형 중소기업(메인비즈),주식회사 동산밸브,제조업,기타 기계 및 장비 제조업,중소기업,39.0,경남 김해시,7,2026-08-01 02:44:01
재무건전성,경영혁신형 중소기업(메인비즈),(주)삼영필텍,제조업,기타 기계 및 장비 제조업,중소기업,13.0,경기 부천시,7,2026-08-01 02:44:01
재무건전성,경영혁신형 중소기업(메인비즈),주식회사 대동메탈,제조업,기타 기계 및 장비 제조업,중소기업,,부산 사상구,7,2026-08-01 02:44:01
재무건전성,경영혁신형 중소기업(메인비즈),주식회사 지씨이,제조업,기타 기계 및 장비 제조업,중소기업,30.0,경기 안산시 단원구,6,2026-08-01 02:44:01
재무건전성,경영혁신형 중소기업(메인비즈),(주)레프코리아,제조업,기타 기계 및 장비 제조업,중소기업,12.0,부산 강서구,6,2026-08-01 02:44:01
재무건전성,경영혁신형 중소기업(메인비즈),(주)미호이.엔.씨,제조업,기타 기계 및 장비 제조업,중소기업,20.0,경기 부천시 오정구,6,2026-08-01 02:44:01
재무건전성,경영혁신형 중소기업(메인비즈),주식회사 클레슨,제조업,기타 기계 및 장비 제조업,중소기업,30.0,세종,6,2026-08-01 02:44:01
재무건전성,경영혁신형 중소기업(메인비즈),한라인더스트리(주),제조업,기타 기계 및 장비 제조업,중소기업,33.0,경기 화성시,6,2026-08-01 02:44:01
재무건전성,경영혁신형 중소기업(메인비즈),(주)동부엘리베이터,제조업,기타 기계 및 장비 제조업,중소기업,74.0,부산 해운대구,6,2026-08-01 02:44:01
재무건전성,경영혁신형 중소기업(메인비즈),(주)글로코,제조업,기타 기계 및 장비 제조업,중소기업,50.0,경기 화성시,6,2026-08-01 02:44:01
재무건전성,경영혁신형 중소기업(메인비즈),신도열기(주),제조업,기타 기계 및 장비 제조업,중소기업,33.0,경기 김포시,5,2026-08-01 02:44:01
재무건전성,경영혁신형 중소기업(메인비즈),(주)서경테크칼,제조업,기타 기계 및 장비 제조업,중소기업,15.0,충남 공주시,5,2026-08-01 02:44:01
재무건전성,경영혁신형 중소기업(메인비즈),(주)퓨림(FURIM),제조업,기타 기계 및 장비 제조업,중소기업,20.0,경기 부천시 원미구,5,2026-08-01 02:44:01
재무건전성,경영혁신형 중소기업(메인비즈),(주)구도이엔지,제조업,기타 기계 및 장비 제조업,중소기업,11.0,경기 화성시,4,2026-08-01 02:44:01
재무건전성,경영혁신형 중소기업(메인비즈),디더블유메탈주식회사,제조업,기타 기계 및 장비 제조업,중소기업,23.0,경기 시흥시,4,2026-08-01 02:44:01
재무건전성,경영혁신형 중소기업(메인비즈),(주) 함창,제조업,기타 기계 및 장비 제조업,중소기업,39.0,경기 안산시 단원구,4,2026-08-01 02:44:01
재무건전성,경영혁신형 중소기업(메인비즈),(주)로얄이지,제조업,기타 기계 및 장비 제조업,중소기업,65.0,경기 안산시 단원구,4,2026-08-01 02:44:01
재무건전성,경영혁신형 중소기업(메인비즈),주식회사 피앤에스인터내셔날,제조업,기타 기계 및 장비 제조업,중소기업,42.0,인천 남동구,4,2026-08-01 02:44:01
재무건전성,경영혁신형 중소기업(메인비즈),(주)금영이엔씨,제조업,기타 기계 및 장비 제조업,중소기업,27.0,경기 화성시,4,2026-08-01 02:44:01
재무건전성,경영혁신형 중소기업(메인비즈),주식회사경원테크,제조업,기타 기계 및 장비 제조업,중소기업,8.0,경북 칠곡군,4,2026-08-01 02:44:01
재무건전성,경영혁신형 중소기업(메인비즈),거성산업(주),제조업,기타 기계 및 장비 제조업,중소기업,39.0,,4,2026-08-01 02:44:01
재무건전성,경영혁신형 중소기업(메인비즈),주식회사 엘에스이,제조업,기타 기계 및 장비 제조업,중소기업,,충남 천안시 서북구,3,2026-08-01 02:44:01
재무건전성,경영혁신형 중소기업(메인비즈),주식회사 정백,제조업,기타 기계 및 장비 제조업,중소기업,4.0,,3,2026-08-01 02:44:01
재무건전성,경영혁신형 중소기업(메인비즈),주식회사텔콤,제조업,기타 기계 및 장비 제조업,중소기업,12.0,대전 대덕구,3,2026-08-01 02:44:01
재무건전성,경영혁신형 중소기업(메인비즈),주식회사 에이스중공업,제조업,기타 기계 및 장비 제조업,중소기업,20.0,전북 김제시,3,2026-08-01 02:44:01
재무건전성,경영혁신형 중소기업(메인비즈),동미스틸코리아주식회사,제조업,기타 기계 및 장비 제조업,중소기업,10.0,경기 안성시,3,2026-08-01 02:44:01
재무건전성,경영혁신형 중소기업(메인비즈),(주)경원정공,제조업,기타 기계 및 장비 제조업,중소기업,40.0,대구 달서구,3,2026-08-01 02:44:01
재무건전성,경영혁신형 중소기업(메인비즈),(주)한성이엔지,제조업,기타 기계 및 장비 제조업,중소기업,,충남 아산시,3,2026-08-01 02:44:01
재무건전성,경영혁신형 중소기업(메인비즈),주식회사 아일,제조업,기타 기계 및 장비 제조업,중소기업,30.0,울산 북구,2,2026-08-01 02:44:01
재무건전성,경영혁신형 중소기업(메인비즈),주식회사 태산에프에이,제조업,기타 기계 및 장비 제조업,중소기업,30.0,경기 안산시 단원구,2,2026-08-01 02:44:01
재무건전성,경영혁신형 중소기업(메인비즈),(주)이디에스,제조업,기타 기계 및 장비 제조업,중소기업,,경북 구미시,2,2026-08-01 02:44:01
재무건전성,경영혁신형 중소기업(메인비즈),주식회사 동양엘리베이터,제조업,기타 기계 및 장비 제조업,중소기업,23.0,충남 천안시 서북구,2,2026-08-01 02:44:01
재무건전성,경영혁신형 중소기업(메인비즈),주식회사 엠앤에스시스템,제조업,기타 기계 및 장비 제조업,중소기업,14.0,경기 김포시,2,2026-08-01 02:44:01
재무건전성,경영혁신형 중소기업(메인비즈),주식회사웨스텍,제조업,기타 기계 및 장비 제조업,중소기업,10.0,경북 칠곡군,2,2026-08-01 02:44:01
재무건전성,경영혁신형 중소기업(메인비즈),주식회사 비티알,제조업,기타 기계 및 장비 제조업,중소기업,21.0,경기 화성시,2,2026-08-01 02:44:01
재무건전성,경영혁신형 중소기업(메인비즈),(주)에스와이티컴퍼니,제조업,기타 기계 및 장비 제조업,중소기업,31.0,대구 달서구,2,2026-08-01 02:44:01
재무건전성,경영혁신형 중소기업(메인비즈),주식회사 케이피티씨,제조업,기타 기계 및 장비 제조업,중소기업,,경기 안산시 단원구,2,2026-08-01 02:44:01
재무건전성,경영혁신형 중소기업(메인비즈),(주)대양이엔지,제조업,기타 기계 및 장비 제조업,중소기업,11.0,경남 양산시,2,2026-08-01 02:44:01
재무건전성,경영혁신형 중소기업(메인비즈),엠테크노 주식회사,제조업,기타 기계 및 장비 제조업,중소기업,28.0,경기 이천시,2,2026-08-01 02:44:01
재무건전성,경영혁신형 중소기업(메인비즈),선다코리아주식회사,제조업,기타 기계 및 장비 제조업,중소기업,15.0,경기 이천시,2,2026-08-01 02:44:01
재무건전성,경영혁신형 중소기업(메인비즈),주식회사 아이엠에스,제조업,기타 기계 및 장비 제조업,중소기업,12.0,,2,2026-08-01 02:44:01
재무건전성,경영혁신형 중소기업(메인비즈),주식회사 지티피에스,제조업,기타 기계 및 장비 제조업,중소기업,16.0,인천 남동구,2,2026-08-01 02:44:01
재무건전성,경영혁신형 중소기업(메인비즈),(주) 세진코리아,제조업,기타 기계 및 장비 제조업,중소기업,38.0,경기 안산시 상록구,2,2026-08-01 02:44:01
재무건전성,경영혁신형 중소기업(메인비즈),주식회사 광성기술,제조업,기타 기계 및 장비 제조업,중소기업,5.0,인천 남동구,2,2026-08-01 02:44:01
재무건전성,경영혁신형 중소기업(메인비즈),주식회사 티엘에스,제조업,기타 기계 및 장비 제조업,중소기업,13.0,충북 진천군,1,2026-08-01 02:44:01
재무건전성,경영혁신형 중소기업(메인비즈),(주)대일아쿠아,제조업,기타 기계 및 장비 제조업,중소기업,35.0,경남 김해시,1,2026-08-01 02:44:01
재무건전성,경영혁신형 중소기업(메인비즈),유환엔지니어링(주),제조업,기타 기계 및 장비 제조업,중소기업,33.0,충북 보은군,1,2026-08-01 02:44:01
재무건전성,경영혁신형 중소기업(메인비즈),주식회사 태성공업,제조업,기타 기계 및 장비 제조업,중소기업,,,1,2026-08-01 02:44:01
재무건전성,경영혁신형 중소기업(메인비즈),비엔지테크놀로지 주식회사,제조업,기타 기계 및 장비 제조업,중소기업,11.0,경기 시흥시,1,2026-08-01 02:44:01
재무건전성,경영혁신형 중소기업(메인비즈),성도밸브(주),제조업,기타 기계 및 장비 제조업,중소기업,53.0,경기 시흥시,1,2026-08-01 02:44:01
재무건전성,경영혁신형 중소기업(메인비즈),(주)승원씨앤디,제조업,기타 기계 및 장비 제조업,중소기업,22.0,서울 금천구,1,2026-08-01 02:44:01
재무건전성,경영혁신형 중소기업(메인비즈),(주)계암,제조업,기타 기계 및 장비 제조업,중소기업,28.0,서울 종로구,1,2026-08-01 02:44:01
재무건전성,경영혁신형 중소기업(메인비즈),주식회사 엔에스엔텍,제조업,기타 기계 및 장비 제조업,중소기업,23.0,경기 화성시,1,2026-08-01 02:44:01
재무건전성,경영혁신형 중소기업(메인비즈),거암엔지니어링(주),제조업,기타 기계 및 장비 제조업,중소기업,13.0,경남 김해시,1,2026-08-01 02:44:01
재무건전성,경영혁신형 중소기업(메인비즈),주식회사 포시스,제조업,기타 기계 및 장비 제조업,중소기업,22.0,인천 남동구,1,2026-08-01 02:44:01
재무건전성,경영혁신형 중소기업(메인비즈),(주)석우,제조업,기타 기계 및 장비 제조업,중소기업,8.0,충남 천안시 서북구,1,2026-08-01 02:44:01
재무건전성,경영혁신형 중소기업(메인비즈),칸비즈(주),제조업,기타 기계 및 장비 제조업,중소기업,15.0,인천 남동구,1,2026-08-01 02:44:01
재무건전성,경영혁신형 중소기업(메인비즈),화신기계공업(주),제조업,기타 기계 및 장비 제조업,중소기업,36.0,부산 기장군,1,2026-08-01 02:44:01
재무건전성,경영혁신형 중소기업(메인비즈),(주)티에스이,제조업,기타 기계 및 장비 제조업,중소기업,23.0,경기 화성시,1,2026-08-01 02:44:01
재무건전성,경영혁신형 중소기업(메인비즈),장록정밀,제조업,기타 기계 및 장비 제조업,,,경북 칠곡군,0,2026-08-01 02:44:01
재무건전성,경영혁신형 중소기업(메인비즈),(주)진양펌프상사,제조업,기타 기계 및 장비 제조업,,,부산 영도구,0,2026-08-01 02:44:01
재무건전성,경영혁신형 중소기업(메인비즈),송원테크,제조업,기타 기계 및 장비 제조업,,,경기 김포시,0,2026-08-01 02:44:01
재무건전성,경영혁신형 중소기업(메인비즈),(주)오엠코리아,제조업,기타 기계 및 장비 제조업,,,경기 용인시 처인구,0,2026-08-01 02:44:01
재무건전성,경영혁신형 중소기업(메인비즈),(주)제니스이엔지,제조업,기타 기계 및 장비 제조업,중소기업,18.0,충남 아산시,0,2026-08-01 02:44:01
재무건전성,경영혁신형 중소기업(메인비즈),주식회사서명,제조업,기타 기계 및 장비 제조업,,,경북 경산시,0,2026-08-01 02:44:01
재무건전성,경영혁신형 중소기업(메인비즈),한국몰드(주),제조업,기타 기계 및 장비 제조업,,,충북 음성군,0,2026-08-01 02:44:01
재무건전성,경영혁신형 중소기업(메인비즈),(주)신양테크,제조업,기타 기계 및 장비 제조업,,,부산 기장군,0,2026-08-01 02:44:01
재무건전성,경영혁신형 중소기업(메인비즈),(주)원진이엔지,제조업,기타 기계 및 장비 제조업,중소기업,12.0,경기 화성시,0,2026-08-01 02:44:01
재무건전성,경영혁신형 중소기업(메인비즈),(주)엠씨웍스,제조업,기타 기계 및 장비 제조업,,,경기 화성시,0,2026-08-01 02:44:01
재무건전성,경영혁신형 중소기업(메인비즈),(주)유니코어텍,제조업,기타 기계 및 장비 제조업,,,충북 청주시 흥덕구,0,2026-08-01 02:44:01
재무건전성,경영혁신형 중소기업(메인비즈),가나샌딩,제조업,기타 기계 및 장비 제조업,,,경남 김해시,0,2026-08-01 02:44:01
재무건전성,경영혁신형 중소기업(메인비즈),고려정기,제조업,기타 기계 및 장비 제조업,,,대구 북구,0,2026-08-01 02:44:01
재무건전성,경영혁신형 중소기업(메인비즈),하나테크,제조업,기타 기계 및 장비 제조업,,,충북 청주시 흥덕구,0,2026-08-01 02:44:01
재무건전성,경영혁신형 중소기업(메인비즈),대청정밀공업사,제조업,기타 기계 및 장비 제조업,,,경남 함안군,0,2026-08-01 02:44:01
재무건전성,경영혁신형 중소기업(메인비즈),(주)케이엠 티엘에스,제조업,기타 기계 및 장비 제조업,,,충남 아산시,0,2026-08-01 02:44:01
재무건전성,경영혁신형 중소기업(메인비즈),(주)코스믹대영,제조업,기타 기계 및 장비 제조업,중소기업,9.0,경기 김포시,0,2026-08-01 02:44:01
재무건전성,경영혁신형 중소기업(메인비즈),삼오정밀,제조업,기타 기계 및 장비 제조업,,,인천 남동구,0,2026-08-01 02:44:01
재무건전성,경영혁신형 중소기업(메인비즈),하트메이드,제조업,기타 기계 및 장비 제조업,,,경기 화성시,0,2026-08-01 02:44:01
재무건전성,경영혁신형 중소기업(메인비즈),(주)에바커머스,제조업,기타 기계 및 장비 제조업,중소기업,10.0,서울 강남구,0,2026-08-01 02:44:01
재무건전성,경영혁신형 중소기업(메인비즈),주식회사 타스코,제조업,기타 기계 및 장비 제조업,,,경기 시흥시,0,2026-08-01 02:44:01
재무건전성,경영혁신형 중소기업(메인비즈),주식회사 버텍스테크놀러지,제조업,기타 기계 및 장비 제조업,중소기업,,경기 화성시,0,2026-08-01 02:44:01
재무건전성,경영혁신형 중소기업(메인비즈),삼공주식회사,제조업,기타 기계 및 장비 제조업,중소기업,13.0,충남 금산군,0,2026-08-01 02:44:01
재무건전성,경영혁신형 중소기업(메인비즈),대일정공,제조업,기타 기계 및 장비 제조업,,,인천 계양구,0,2026-08-01 02:44:01
재무건전성,경영혁신형 중소기업(메인비즈),(주)코리아카누트,제조업,기타 기계 및 장비 제조업,,,부산 사하구,0,2026-08-01 02:44:01
재무건전성,경영혁신형 중소기업(메인비즈),삼호기계,제조업,기타 기계 및 장비 제조업,,,충북 청주시 흥덕구,0,2026-08-01 02:44:01
재무건전성,경영혁신형 중소기업(메인비즈),한일산업,제조업,기타 기계 및 장비 제조업,,,경기 군포시,0,2026-08-01 02:44:01
재무건전성,경영혁신형 중소기업(메인비즈),오웰테크(주),제조업,기타 기계 및 장비 제조업,,,울산 울주군,0,2026-08-01 02:44:01
재무건전성,경영혁신형 중소기업(메인비즈),(주)제이에스,제조업,기타 기계 및 장비 제조업,중소기업,27.0,경북 구미시,0,2026-08-01 02:44:01
재무건전성,경영혁신형 중소기업(메인비즈),동성다이케스팅,제조업,기타 기계 및 장비 제조업,,,경기 화성시,0,2026-08-01 02:44:01
재무건전성,경영혁신형 중소기업(메인비즈),(주)라임텍,제조업,기타 기계 및 장비 제조업,중소기업,,경기 김포시,0,2026-08-01 02:44:01
재무건전성,경영혁신형 중소기업(메인비즈),(주)정상엔씨티,제조업,기타 기계 및 장비 제조업,,,인천 남동구,0,2026-08-01 02:44:01
재무건전성,경영혁신형 중소기업(메인비즈),(주)이륜,제조업,기타 기계 및 장비 제조업,중소기업,8.0,경기 안산시 단원구,0,2026-08-01 02:44:01
재무건전성,경영혁신형 중소기업(메인비즈),주식회사 젬마그린,제조업,기타 기계 및 장비 제조업,중소기업,10.0,경기 광명시,0,2026-08-01 02:44:01
재무건전성,경영혁신형 중소기업(메인비즈),동양기전 주식회사,제조업,기타 기계 및 장비 제조업,중소기업,,경기 김포시,0,2026-08-01 02:44:01
재무건전성,경영혁신형 중소기업(메인비즈),주식회사 대호기술산업,제조업,기타 기계 및 장비 제조업,,,,0,2026-08-01 02:44:01
재무건전성,경영혁신형 중소기업(메인비즈),길엔지니어링(주),제조업,기타 기계 및 장비 제조업,,,울산 북구,0,2026-08-01 02:44:01
재무건전성,경영혁신형 중소기업(메인비즈),새론에스엔아이 주식회사,제조업,기타 기계 및 장비 제조업,중소기업,17.0,대전 유성구,0,2026-08-01 02:44:01
재무건전성,경영혁신형 중소기업(메인비즈),제일플라텍(주),제조업,기타 기계 및 장비 제조업,,,충남 천안시 서북구,0,2026-08-01 02:44:01
재무건전성,경영혁신형 중소기업(메인비즈),K.S.COMPRESSOR(주),제조업,기타 기계 및 장비 제조업,,,,0,2026-08-01 02:44:01
재무건전성,경영혁신형 중소기업(메인비즈),신영기공(주),제조업,기타 기계 및 장비 제조업,중소기업,21.0,경북 경주시,0,2026-08-01 02:44:01
재무건전성,경영혁신형 중소기업(메인비즈),에프유(주),제조업,자동차 및 트레일러 제조업,중소기업,200.0,울산 북구,143,2026-08-01 02:44:01
재무건전성,경영혁신형 중소기업(메인비즈),씨아이엠 주식회사,제조업,자동차 및 트레일러 제조업,중소기업,211.0,울산 북구,134,2026-08-01 02:44:01
재무건전성,경영혁신형 중소기업(메인비즈),신평산업(주),제조업,자동차 및 트레일러 제조업,중소기업,128.0,전북 익산시,124,2026-08-01 02:44:01
재무건전성,경영혁신형 중소기업(메인비즈),(주)대일산업,제조업,자동차 및 트레일러 제조업,중소기업,87.0,울산 북구,117,2026-08-01 02:44:01
재무건전성,경영혁신형 중소기업(메인비즈),대광테크윈 주식회사,제조업,자동차 및 트레일러 제조업,중소기업,32.0,경남 창원시 진해구,92,2026-08-01 02:44:01
재무건전성,경영혁신형 중소기업(메인비즈),(주)중원산업,제조업,자동차 및 트레일러 제조업,중소기업,98.0,경북 경산시,86,2026-08-01 02:44:01
재무건전성,경영혁신형 중소기업(메인비즈),(주)태진에이엔티,제조업,자동차 및 트레일러 제조업,중소기업,199.0,경북 구미시,80,2026-08-01 02:44:01
재무건전성,경영혁신형 중소기업(메인비즈),주식회사 디엠모티브,제조업,자동차 및 트레일러 제조업,중소기업,38.0,경남 창원시 진해구,78,2026-08-01 02:44:01
재무건전성,경영혁신형 중소기업(메인비즈),대우전자부품 (주),제조업,자동차 및 트레일러 제조업,중소기업,310.0,전북 정읍시,74,2026-08-01 02:44:01
재무건전성,경영혁신형 중소기업(메인비즈),(주)성우플라텍,제조업,자동차 및 트레일러 제조업,중소기업,290.0,경북 칠곡군,73,2026-08-01 02:44:01
재무건전성,경영혁신형 중소기업(메인비즈),(주)범우정밀,제조업,자동차 및 트레일러 제조업,중소기업,83.0,경남 진주시,67,2026-08-01 02:44:01
재무건전성,경영혁신형 중소기업(메인비즈),주식회사 우진큐피디,제조업,자동차 및 트레일러 제조업,중소기업,112.0,경기 화성시,63,2026-08-01 02:44:01
재무건전성,경영혁신형 중소기업(메인비즈),도림공업(주),제조업,자동차 및 트레일러 제조업,중소기업,67.0,울산 북구,61,2026-08-01 02:44:01
재무건전성,경영혁신형 중소기업(메인비즈),(주)송현테크,제조업,자동차 및 트레일러 제조업,중소기업,72.0,인천 남동구,56,2026-08-01 02:44:01
재무건전성,경영혁신형 중소기업(메인비즈),주식회사조일,제조업,자동차 및 트레일러 제조업,중소기업,156.0,충남 예산군,54,2026-08-01 02:44:01
재무건전성,경영혁신형 중소기업(메인비즈),(주)태화,제조업,자동차 및 트레일러 제조업,중소기업,40.0,경남 양산시,50,2026-08-01 02:44:01
재무건전성,경영혁신형 중소기업(메인비즈),(주)원풍산업,제조업,자동차 및 트레일러 제조업,중소기업,43.0,부산 기장군,50,2026-08-01 02:44:01
재무건전성,경영혁신형 중소기업(메인비즈),유성정밀공업주식회사,제조업,자동차 및 트레일러 제조업,중소기업,78.0,대구 달성군,49,2026-08-01 02:44:01
재무건전성,경영혁신형 중소기업(메인비즈),(주)티에스오토모티브,제조업,자동차 및 트레일러 제조업,중소기업,145.0,경북 경주시,49,2026-08-01 02:44:01
재무건전성,경영혁신형 중소기업(메인비즈),(주)아이엘케이,제조업,자동차 및 트레일러 제조업,중소기업,104.0,강원 횡성군,46,2026-08-01 02:44:01
재무건전성,경영혁신형 중소기업(메인비즈),(주)제일금속,제조업,자동차 및 트레일러 제조업,중소기업,80.0,경북 경주시,44,2026-08-01 02:44:01
재무건전성,경영혁신형 중소기업(메인비즈),(주)동성피에스씨,제조업,자동차 및 트레일러 제조업,중소기업,50.0,울산 북구,42,2026-08-01 02:44:01
재무건전성,경영혁신형 중소기업(메인비즈),주식회사 제영에스엠티,제조업,자동차 및 트레일러 제조업,중소기업,184.0,울산 북구,40,2026-08-01 02:44:01
재무건전성,경영혁신형 중소기업(메인비즈),(주) 기광,제조업,자동차 및 트레일러 제조업,중소기업,131.0,전북 완주군,38,2026-08-01 02:44:01
재무건전성,경영혁신형 중소기업(메인비즈),(주)화신정공,제조업,자동차 및 트레일러 제조업,중소기업,137.0,경북 칠곡군,38,2026-08-01 02:44:01
재무건전성,경영혁신형 중소기업(메인비즈),(주)진우공업,제조업,자동차 및 트레일러 제조업,중소기업,178.0,울산 북구,36,2026-08-01 02:44:01
재무건전성,경영혁신형 중소기업(메인비즈),(주)대일정공,제조업,자동차 및 트레일러 제조업,중소기업,100.0,전북 익산시,35,2026-08-01 02:44:01
재무건전성,경영혁신형 중소기업(메인비즈),(주)에이치에스씨,제조업,자동차 및 트레일러 제조업,중소기업,46.0,울산 울주군,35,2026-08-01 02:44:01
재무건전성,경영혁신형 중소기업(메인비즈),(주)유성전자,제조업,자동차 및 트레일러 제조업,중소기업,254.0,경기 화성시,34,2026-08-01 02:44:01
재무건전성,경영혁신형 중소기업(메인비즈),신진에스피이(주),제조업,자동차 및 트레일러 제조업,중소기업,26.0,인천 남동구,33,2026-08-01 02:44:01
재무건전성,경영혁신형 중소기업(메인비즈),(주)제이엔케이티,제조업,자동차 및 트레일러 제조업,중소기업,14.0,경남 김해시,33,2026-08-01 02:44:01
재무건전성,경영혁신형 중소기업(메인비즈),(주)금영이티에스,제조업,자동차 및 트레일러 제조업,중소기업,30.0,울산 북구,31,2026-08-01 02:44:01
재무건전성,경영혁신형 중소기업(메인비즈),(주)유성,제조업,자동차 및 트레일러 제조업,중소기업,126.0,경북 영천시,30,2026-08-01 02:44:01
재무건전성,경영혁신형 중소기업(메인비즈),(주)경광기업,제조업,자동차 및 트레일러 제조업,중소기업,28.0,,30,2026-08-01 02:44:01
재무건전성,경영혁신형 중소기업(메인비즈),디앨 주식회사,제조업,자동차 및 트레일러 제조업,중소기업,70.0,경기 화성시,28,2026-08-01 02:44:01
재무건전성,경영혁신형 중소기업(메인비즈),(주) 태형,제조업,자동차 및 트레일러 제조업,중소기업,63.0,전북 익산시,24,2026-08-01 02:44:01
재무건전성,경영혁신형 중소기업(메인비즈),주식회사 오리엔트신소재,제조업,자동차 및 트레일러 제조업,중소기업,52.0,경북 경산시,23,2026-08-01 02:44:01
재무건전성,경영혁신형 중소기업(메인비즈),이든텍(주),제조업,자동차 및 트레일러 제조업,중소기업,100.0,부산 강서구,21,2026-08-01 02:44:01
재무건전성,경영혁신형 중소기업(메인비즈),대성브이디산업(주),제조업,자동차 및 트레일러 제조업,중소기업,7.0,대구 달서구,21,2026-08-01 02:44:01
재무건전성,경영혁신형 중소기업(메인비즈),동광스프링,제조업,자동차 및 트레일러 제조업,중소기업,17.0,충북 영동군,20,2026-08-01 02:44:01
재무건전성,경영혁신형 중소기업(메인비즈),주식회사 정운,제조업,자동차 및 트레일러 제조업,중소기업,99.0,울산 울주군,20,2026-08-01 02:44:01
재무건전성,경영혁신형 중소기업(메인비즈),(주)지에스씨,제조업,자동차 및 트레일러 제조업,중소기업,166.0,경기 화성시,19,2026-08-01 02:44:01
재무건전성,경영혁신형 중소기업(메인비즈),주식회사 효령,제조업,자동차 및 트레일러 제조업,중소기업,46.0,경북 경산시,18,2026-08-01 02:44:01
재무건전성,경영혁신형 중소기업(메인비즈),(주)영준산업,제조업,자동차 및 트레일러 제조업,중소기업,24.0,경기 화성시,18,2026-08-01 02:44:01
재무건전성,경영혁신형 중소기업(메인비즈),주식회사 대영테크,제조업,자동차 및 트레일러 제조업,중소기업,24.0,인천 미추홀구,17,2026-08-01 02:44:01
재무건전성,경영혁신형 중소기업(메인비즈),주식회사 대산화스너,제조업,자동차 및 트레일러 제조업,중소기업,33.0,인천 남동구,15,2026-08-01 02:44:01
재무건전성,경영혁신형 중소기업(메인비즈),(주)비에스이엔지,제조업,자동차 및 트레일러 제조업,중소기업,25.0,전북 익산시,14,2026-08-01 02:44:01
재무건전성,경영혁신형 중소기업(메인비즈),영진기업(주),제조업,자동차 및 트레일러 제조업,중소기업,73.0,경북 경주시,14,2026-08-01 02:44:01
재무건전성,경영혁신형 중소기업(메인비즈),덕창기계주식회사,제조업,자동차 및 트레일러 제조업,중소기업,26.0,인천 남동구,13,2026-08-01 02:44:01
재무건전성,경영혁신형 중소기업(메인비즈),금호기업(주),제조업,자동차 및 트레일러 제조업,중소기업,35.0,강원 원주시,13,2026-08-01 02:44:01
재무건전성,경영혁신형 중소기업(메인비즈),대량산업(주),제조업,자동차 및 트레일러 제조업,중소기업,25.0,경남 김해시,12,2026-08-01 02:44:01
재무건전성,경영혁신형 중소기업(메인비즈),(주)대림,제조업,자동차 및 트레일러 제조업,중소기업,16.0,경남 양산시,12,2026-08-01 02:44:01
재무건전성,경영혁신형 중소기업(메인비즈),(주)대영정밀,제조업,자동차 및 트레일러 제조업,중소기업,94.0,경기 안산시 단원구,11,2026-08-01 02:44:01
재무건전성,경영혁신형 중소기업(메인비즈),삼일 이. 엔. 지,제조업,자동차 및 트레일러 제조업,중소기업,26.0,부산 금정구,11,2026-08-01 02:44:01
재무건전성,경영혁신형 중소기업(메인비즈),융진기업(주),제조업,자동차 및 트레일러 제조업,중소기업,117.0,경기 안산시 단원구,11,2026-08-01 02:44:01
재무건전성,경영혁신형 중소기업(메인비즈),세진정공(주),제조업,자동차 및 트레일러 제조업,중소기업,66.0,경북 경주시,10,2026-08-01 02:44:01
재무건전성,경영혁신형 중소기업(메인비즈),(주)타모스,제조업,자동차 및 트레일러 제조업,중소기업,50.0,전북 군산시,10,2026-08-01 02:44:01
재무건전성,경영혁신형 중소기업(메인비즈),(주)엠텍,제조업,자동차 및 트레일러 제조업,중소기업,21.0,충남 아산시,10,2026-08-01 02:44:01
재무건전성,경영혁신형 중소기업(메인비즈),동성테크 주식회사,제조업,자동차 및 트레일러 제조업,중소기업,35.0,충남 논산시,9,2026-08-01 02:44:01
재무건전성,경영혁신형 중소기업(메인비즈),이지케이(주),제조업,자동차 및 트레일러 제조업,중소기업,75.0,경남 양산시,9,2026-08-01 02:44:01
재무건전성,경영혁신형 중소기업(메인비즈),아남정밀주식회사,제조업,자동차 및 트레일러 제조업,중소기업,16.0,부산 강서구,9,2026-08-01 02:44:01
재무건전성,경영혁신형 중소기업(메인비즈),(주)코선,제조업,자동차 및 트레일러 제조업,중소기업,33.0,부산 강서구,9,2026-08-01 02:44:01
재무건전성,경영혁신형 중소기업(메인비즈),(주) 유로오토,제조업,자동차 및 트레일러 제조업,중소기업,9.0,전북 김제시,9,2026-08-01 02:44:01
재무건전성,경영혁신형 중소기업(메인비즈),주식회사 청명,제조업,자동차 및 트레일러 제조업,중소기업,29.0,충남 서산시,8,2026-08-01 02:44:01
재무건전성,경영혁신형 중소기업(메인비즈),(주)강호,제조업,자동차 및 트레일러 제조업,중소기업,3.0,충남 보령시,8,2026-08-01 02:44:01
재무건전성,경영혁신형 중소기업(메인비즈),성우이지텍주식회사,제조업,자동차 및 트레일러 제조업,중소기업,20.0,경기 평택시,8,2026-08-01 02:44:01
재무건전성,경영혁신형 중소기업(메인비즈),주식회사 금동메탈,제조업,자동차 및 트레일러 제조업,중소기업,27.0,경남 진주시,7,2026-08-01 02:44:01
재무건전성,경영혁신형 중소기업(메인비즈),주식회사 정우테크놀러지,제조업,자동차 및 트레일러 제조업,중소기업,13.0,충북 청주시 청원구,7,2026-08-01 02:44:01
재무건전성,경영혁신형 중소기업(메인비즈),금정코리아 주식회사,제조업,자동차 및 트레일러 제조업,중소기업,23.0,경북 경주시,7,2026-08-01 02:44:01
재무건전성,경영혁신형 중소기업(메인비즈),인지산업(주),제조업,자동차 및 트레일러 제조업,중소기업,24.0,경기 평택시,6,2026-08-01 02:44:01
재무건전성,경영혁신형 중소기업(메인비즈),천안상용현대서비스(주),제조업,자동차 및 트레일러 제조업,중소기업,10.0,충남 천안시 서북구,6,2026-08-01 02:44:01
재무건전성,경영혁신형 중소기업(메인비즈),(주)은성공업,제조업,자동차 및 트레일러 제조업,중소기업,,경북 칠곡군,6,2026-08-01 02:44:01
재무건전성,경영혁신형 중소기업(메인비즈),(주)남양공업,제조업,자동차 및 트레일러 제조업,중소기업,15.0,경남 사천시,6,2026-08-01 02:44:01
재무건전성,경영혁신형 중소기업(메인비즈),청익산업(주),제조업,자동차 및 트레일러 제조업,중소기업,9.0,충남 천안시 서북구,5,2026-08-01 02:44:01
재무건전성,경영혁신형 중소기업(메인비즈),주식회사 장원에스알,제조업,자동차 및 트레일러 제조업,중소기업,21.0,경기 평택시,5,2026-08-01 02:44:01
재무건전성,경영혁신형 중소기업(메인비즈),(주)아도,제조업,자동차 및 트레일러 제조업,중소기업,27.0,경기 화성시,4,2026-08-01 02:44:01
재무건전성,경영혁신형 중소기업(메인비즈),(주) 디에스,제조업,자동차 및 트레일러 제조업,중소기업,20.0,전북 완주군,4,2026-08-01 02:44:01
재무건전성,경영혁신형 중소기업(메인비즈),(주)솔텍,제조업,자동차 및 트레일러 제조업,중소기업,79.0,경기 화성시,4,2026-08-01 02:44:01
재무건전성,경영혁신형 중소기업(메인비즈),대성공업주식회사,제조업,자동차 및 트레일러 제조업,중소기업,92.0,경기 화성시,4,2026-08-01 02:44:01
재무건전성,경영혁신형 중소기업(메인비즈),덕성인더스트리(주),제조업,자동차 및 트레일러 제조업,중소기업,23.0,충남 아산시,4,2026-08-01 02:44:01
재무건전성,경영혁신형 중소기업(메인비즈),(주)밀알오토캠프,제조업,자동차 및 트레일러 제조업,중소기업,16.0,경기 파주시,4,2026-08-01 02:44:01
재무건전성,경영혁신형 중소기업(메인비즈),주식회사진,제조업,자동차 및 트레일러 제조업,중소기업,9.0,경북 경산시,3,2026-08-01 02:44:01
재무건전성,경영혁신형 중소기업(메인비즈),주식회사 유로티엠오토파트,제조업,자동차 및 트레일러 제조업,중소기업,24.0,부산 강서구,3,2026-08-01 02:44:01
재무건전성,경영혁신형 중소기업(메인비즈),(주)유엠에스,제조업,자동차 및 트레일러 제조업,중소기업,66.0,경기 화성시,3,2026-08-01 02:44:01
재무건전성,경영혁신형 중소기업(메인비즈),성원에이씨공업(주),제조업,자동차 및 트레일러 제조업,중소기업,11.0,서울 구로구,3,2026-08-01 02:44:01
재무건전성,경영혁신형 중소기업(메인비즈),주식회사 세범,제조업,자동차 및 트레일러 제조업,중소기업,30.0,충남 서산시,3,2026-08-01 02:44:01
재무건전성,경영혁신형 중소기업(메인비즈),(주)한라정공,제조업,자동차 및 트레일러 제조업,중소기업,39.0,인천 남동구,2,2026-08-01 02:44:01
재무건전성,경영혁신형 중소기업(메인비즈),주식회사 케이앤씨,제조업,자동차 및 트레일러 제조업,중소기업,24.0,강원 춘천시,2,2026-08-01 02:44:01
재무건전성,경영혁신형 중소기업(메인비즈),주식회사 동일공사,제조업,자동차 및 트레일러 제조업,중소기업,22.0,인천 남동구,2,2026-08-01 02:44:01
재무건전성,경영혁신형 중소기업(메인비즈),주식회사 에이엔원 인터내셔널,제조업,자동차 및 트레일러 제조업,중소기업,,충남 천안시 동남구,2,2026-08-01 02:44:01
재무건전성,경영혁신형 중소기업(메인비즈),주식회사 세은테크,제조업,자동차 및 트레일러 제조업,중소기업,28.0,충남 아산시,2,2026-08-01 02:44:01
재무건전성,경영혁신형 중소기업(메인비즈),주식회사 동남,제조업,자동차 및 트레일러 제조업,중소기업,12.0,대전 유성구,1,2026-08-01 02:44:01
재무건전성,경영혁신형 중소기업(메인비즈),주식회사 쌍진기업,제조업,자동차 및 트레일러 제조업,중소기업,38.0,경기 화성시,1,2026-08-01 02:44:01
재무건전성,경영혁신형 중소기업(메인비즈),(주)제이디테크,제조업,자동차 및 트레일러 제조업,중소기업,89.0,충남 천안시 서북구,1,2026-08-01 02:44:01
재무건전성,경영혁신형 중소기업(메인비즈),주식회사에스에이치테크,제조업,자동차 및 트레일러 제조업,중소기업,11.0,,0,2026-08-01 02:44:01
재무건전성,경영혁신형 중소기업(메인비즈),영일특장 주식회사,제조업,자동차 및 트레일러 제조업,중소기업,10.0,충남 천안시 서북구,0,2026-08-01 02:44:01
재무건전성,경영혁신형 중소기업(메인비즈),(주)퀀텀캣,제조업,자동차 및 트레일러 제조업,중소기업,,경기 안산시 상록구,0,2026-08-01 02:44:01
재무건전성,경영혁신형 중소기업(메인비즈),동일산업,제조업,자동차 및 트레일러 제조업,,,경기 화성시,0,2026-08-01 02:44:01
재무건전성,경영혁신형 중소기업(메인비즈),주식회사 타라코리아,제조업,자동차 및 트레일러 제조업,,,경기 고양시 일산서구,0,2026-08-01 02:44:01
재무건전성,경영혁신형 중소기업(메인비즈),대림테크(주),제조업,자동차 및 트레일러 제조업,,,충남 아산시,0,2026-08-01 02:44:01
재무건전성,경영혁신형 중소기업(메인비즈),저스트 주식회사,제조업,자동차 및 트레일러 제조업,,,경남 김해시,0,2026-08-01 02:44:01
재무건전성,경영혁신형 중소기업(메인비즈),(주)세림하이텍,제조업,자동차 및 트레일러 제조업,,,충북 진천군,0,2026-08-01 02:44:01
재무건전성,경영혁신형 중소기업(메인비즈),(주)제이아이텍,제조업,자동차 및 트레일러 제조업,,,경남 창원시 마산회원구,0,2026-08-01 02:44:01
재무건전성,경영혁신형 중소기업(메인비즈),주식회사 엘테크,제조업,자동차 및 트레일러 제조업,중소기업,38.0,경기 용인시 처인구,0,2026-08-01 02:44:01
재무건전성,경영혁신형 중소기업(메인비즈),(주) 지노모터스,제조업,자동차 및 트레일러 제조업,,,전북 정읍시,0,2026-08-01 02:44:01
재무건전성,경영혁신형 중소기업(메인비즈),주식회사 디올테크,제조업,자동차 및 트레일러 제조업,,,충남 서산시,0,2026-08-01 02:44:01
재무건전성,경영혁신형 중소기업(메인비즈),(주)한울,제조업,자동차 및 트레일러 제조업,중소기업,,경남 김해시,0,2026-08-01 02:44:01
재무건전성,경영혁신형 중소기업(메인비즈),현성기업(주),제조업,기타 운송장비 제조업,중소기업,55.0,경남 김해시,108,2026-08-01 02:44:01
재무건전성,경영혁신형 중소기업(메인비즈),(주)세원에스엔피,제조업,기타 운송장비 제조업,중소기업,73.0,울산 울주군,74,2026-08-01 02:44:01
재무건전성,경영혁신형 중소기업(메인비즈),(주)삼녹,제조업,기타 운송장비 제조업,중소기업,176.0,경남 거제시,56,2026-08-01 02:44:01
재무건전성,경영혁신형 중소기업(메인비즈),로만시스 주식회사,제조업,기타 운송장비 제조업,중소기업,270.0,경남 창원시 성산구,35,2026-08-01 02:44:01
재무건전성,경영혁신형 중소기업(메인비즈),(주)보원엠앤피,제조업,기타 운송장비 제조업,중소기업,57.0,,34,2026-08-01 02:44:01
재무건전성,경영혁신형 중소기업(메인비즈),(주)캐스,제조업,기타 운송장비 제조업,중소기업,89.0,충남 아산시,33,2026-08-01 02:44:01
재무건전성,경영혁신형 중소기업(메인비즈),(주)일운기업,제조업,기타 운송장비 제조업,중소기업,160.0,경남 거제시,30,2026-08-01 02:44:01
재무건전성,경영혁신형 중소기업(메인비즈),동영M&T,제조업,기타 운송장비 제조업,중소기업,38.0,경남 사천시,20,2026-08-01 02:44:01
재무건전성,경영혁신형 중소기업(메인비즈),(주)디엔엠,제조업,기타 운송장비 제조업,중소기업,13.0,경남 창원시 의창구,19,2026-08-01 02:44:01
재무건전성,경영혁신형 중소기업(메인비즈),주식회사 대불조선,제조업,기타 운송장비 제조업,중소기업,24.0,,19,2026-08-01 02:44:01
재무건전성,경영혁신형 중소기업(메인비즈),(주)뉴원이앤씨,제조업,기타 운송장비 제조업,중소기업,26.0,,14,2026-08-01 02:44:01
재무건전성,경영혁신형 중소기업(메인비즈),(주)디에스이,제조업,기타 운송장비 제조업,중소기업,64.0,경남 김해시,13,2026-08-01 02:44:01
재무건전성,경영혁신형 중소기업(메인비즈),주식회사 순흥,제조업,기타 운송장비 제조업,중소기업,153.0,경남 거제시,13,2026-08-01 02:44:01
재무건전성,경영혁신형 중소기업(메인비즈),(주)엠에스알,제조업,기타 운송장비 제조업,중소기업,8.0,,12,2026-08-01 02:44:01
재무건전성,경영혁신형 중소기업(메인비즈),(주)선진엔텍,제조업,기타 운송장비 제조업,중소기업,62.0,부산 사하구,10,2026-08-01 02:44:01
재무건전성,경영혁신형 중소기업(메인비즈),(주)삼주,제조업,기타 운송장비 제조업,중소기업,30.0,,9,2026-08-01 02:44:01
재무건전성,경영혁신형 중소기업(메인비즈),(주)세원공업,제조업,기타 운송장비 제조업,중소기업,48.0,경남 함안군,6,2026-08-01 02:44:01
재무건전성,경영혁신형 중소기업(메인비즈),선보하이텍주식회사,제조업,기타 운송장비 제조업,중소기업,38.0,,6,2026-08-01 02:44:01
재무건전성,경영혁신형 중소기업(메인비즈),주식회사 정동중공업,제조업,기타 운송장비 제조업,중소기업,33.0,,5,2026-08-01 02:44:01
재무건전성,경영혁신형 중소기업(메인비즈),주식회사 현광,제조업,기타 운송장비 제조업,중소기업,16.0,부산 남구,3,2026-08-01 02:44:01
재무건전성,경영혁신형 중소기업(메인비즈),아시아조선(주),제조업,기타 운송장비 제조업,중소기업,9.0,경남 거제시,3,2026-08-01 02:44:01
재무건전성,경영혁신형 중소기업(메인비즈),주식회사 삼부티에스,제조업,기타 운송장비 제조업,중소기업,30.0,경남 진주시,3,2026-08-01 02:44:01
재무건전성,경영혁신형 중소기업(메인비즈),유한회사 더블유,제조업,기타 운송장비 제조업,중소기업,160.0,,2,2026-08-01 02:44:01
재무건전성,경영혁신형 중소기업(메인비즈),(주)다윈프릭션,제조업,기타 운송장비 제조업,중소기업,62.0,인천 남동구,2,2026-08-01 02:44:01
재무건전성,경영혁신형 중소기업(메인비즈),(유)대양조선,제조업,기타 운송장비 제조업,중소기업,15.0,,1,2026-08-01 02:44:01
재무건전성,경영혁신형 중소기업(메인비즈),유한회사 원진기업,제조업,기타 운송장비 제조업,중소기업,30.0,,1,2026-08-01 02:44:01
재무건전성,경영혁신형 중소기업(메인비즈),주식회사 유아용품연구소,제조업,기타 운송장비 제조업,중소기업,17.0,서울 마포구,0,2026-08-01 02:44:01
재무건전성,경영혁신형 중소기업(메인비즈),(주)하나이엔지,제조업,기타 운송장비 제조업,,,경남 고성군,0,2026-08-01 02:44:01
재무건전성,경영혁신형 중소기업(메인비즈),(주)비알케이,제조업,가구 제조업,중소기업,27.0,경기 김포시,36,2026-08-01 02:44:01
재무건전성,경영혁신형 중소기업(메인비즈),(주)유림하이텍,제조업,가구 제조업,중소기업,,경기 광주시,33,2026-08-01 02:44:01
재무건전성,경영혁신형 중소기업(메인비즈),(주)리빙키친,제조업,가구 제조업,중소기업,47.0,충남 예산군,26,2026-08-01 02:44:01
재무건전성,경영혁신형 중소기업(메인비즈),에스와이라이프 주식회사,제조업,가구 제조업,중소기업,86.0,경기 포천시,21,2026-08-01 02:44:01
재무건전성,경영혁신형 중소기업(메인비즈),재경가구산업(주),제조업,가구 제조업,중소기업,204.0,경기 남양주시,18,2026-08-01 02:44:01
재무건전성,경영혁신형 중소기업(메인비즈),(주)퍼니원,제조업,가구 제조업,중소기업,27.0,경기 김포시,16,2026-08-01 02:44:01
재무건전성,경영혁신형 중소기업(메인비즈),(주)넥시스,제조업,가구 제조업,중소기업,102.0,경북 고령군,13,2026-08-01 02:44:01
재무건전성,경영혁신형 중소기업(메인비즈),(주)명성산업개발,제조업,가구 제조업,중소기업,14.0,,11,2026-08-01 02:44:01
재무건전성,경영혁신형 중소기업(메인비즈),(주)송아퍼니처,제조업,가구 제조업,중소기업,36.0,충북 음성군,10,2026-08-01 02:44:01
재무건전성,경영혁신형 중소기업(메인비즈),(주) 마켓비,제조업,가구 제조업,중소기업,61.0,경기 파주시,10,2026-08-01 02:44:01
재무건전성,경영혁신형 중소기업(메인비즈),주식회사 라이브러리엔,제조업,가구 제조업,중소기업,36.0,경기 포천시,10,2026-08-01 02:44:01
재무건전성,경영혁신형 중소기업(메인비즈),주식회사 리버스(LIVEUS),제조업,가구 제조업,중소기업,24.0,경기 안산시 단원구,8,2026-08-01 02:44:01
재무건전성,경영혁신형 중소기업(메인비즈),주식회사 가온테크,제조업,가구 제조업,중소기업,10.0,경기 남양주시,7,2026-08-01 02:44:01
재무건전성,경영혁신형 중소기업(메인비즈),에스에프훼미리주식회사,제조업,가구 제조업,중소기업,75.0,,5,2026-08-01 02:44:01
재무건전성,경영혁신형 중소기업(메인비즈),주식회사 공간아트,제조업,가구 제조업,중소기업,15.0,인천 남동구,4,2026-08-01 02:44:01
재무건전성,경영혁신형 중소기업(메인비즈),장인가구(주),제조업,가구 제조업,중소기업,42.0,인천 남동구,4,2026-08-01 02:44:01
재무건전성,경영혁신형 중소기업(메인비즈),(주)식스티세컨즈,제조업,가구 제조업,중소기업,,서울 강남구,3,2026-08-01 02:44:01
재무건전성,경영혁신형 중소기업(메인비즈),(주)미광,제조업,가구 제조업,중소기업,21.0,경기 김포시,3,2026-08-01 02:44:01
재무건전성,경영혁신형 중소기업(메인비즈),(주)삼익T.D.F,제조업,가구 제조업,중소기업,15.0,인천 미추홀구,3,2026-08-01 02:44:01
재무건전성,경영혁신형 중소기업(메인비즈),준디자인 (주),제조업,가구 제조업,중소기업,9.0,경기 파주시,2,2026-08-01 02:44:01
재무건전성,경영혁신형 중소기업(메인비즈),주식회사핀란디아,제조업,가구 제조업,중소기업,25.0,경기 파주시,2,2026-08-01 02:44:01
재무건전성,경영혁신형 중소기업(메인비즈),뷰로맥스주식회사,제조업,가구 제조업,중소기업,50.0,경기 파주시,1,2026-08-01 02:44:01
재무건전성,경영혁신형 중소기업(메인비즈),(주)우아미,제조업,가구 제조업,중소기업,36.0,경기 김포시,0,2026-08-01 02:44:01
재무건전성,경영혁신형 중소기업(메인비즈),솔로몬,제조업,가구 제조업,,,경기 김포시,0,2026-08-01 02:44:01
재무건전성,경영혁신형 중소기업(메인비즈),주식회사 엔에이치,제조업,가구 제조업,중소기업,43.0,경기 남양주시,0,2026-08-01 02:44:01
재무건전성,경영혁신형 중소기업(메인비즈),(주)하이퍼스,제조업,가구 제조업,,,,0,2026-08-01 02:44:01
재무건전성,경영혁신형 중소기업(메인비즈),주식회사 제이씨,제조업,가구 제조업,중소기업,16.0,경기 고양시 일산서구,0,2026-08-01 02:44:01
재무건전성,경영혁신형 중소기업(메인비즈),금강침대(주),제조업,가구 제조업,중소기업,18.0,충남 천안시 서북구,0,2026-08-01 02:44:01
재무건전성,경영혁신형 중소기업(메인비즈),(주)가우테크닉스,제조업,가구 제조업,,,경기 남양주시,0,2026-08-01 02:44:01
재무건전성,경영혁신형 중소기업(메인비즈),(주)동광시스템,제조업,가구 제조업,중소기업,25.0,경기 고양시 일산동구,0,2026-08-01 02:44:01
재무건전성,경영혁신형 중소기업(메인비즈),주식회사 아이앤지퍼니처,제조업,가구 제조업,,,경기 의정부시,0,2026-08-01 02:44:01
재무건전성,경영혁신형 중소기업(메인비즈),(주)대주,제조업,가구 제조업,중소기업,68.0,경기 파주시,0,2026-08-01 02:44:01
재무건전성,경영혁신형 중소기업(메인비즈),(주)에이플러스디자인,제조업,가구 제조업,중소기업,16.0,경기 남양주시,0,2026-08-01 02:44:01
재무건전성,경영혁신형 중소기업(메인비즈),주식회사 에프알에너지,제조업,기타 제품 제조업,중소기업,16.0,경기 평택시,40,2026-08-01 02:44:01
재무건전성,경영혁신형 중소기업(메인비즈),(주)재규어테크,제조업,기타 제품 제조업,중소기업,16.0,경기 부천시,30,2026-08-01 02:44:01
재무건전성,경영혁신형 중소기업(메인비즈),(주)바낙스,제조업,기타 제품 제조업,중소기업,108.0,,28,2026-08-01 02:44:01
재무건전성,경영혁신형 중소기업(메인비즈),(주)세종몰,제조업,기타 제품 제조업,중소기업,17.0,경기 포천시,24,2026-08-01 02:44:01
재무건전성,경영혁신형 중소기업(메인비즈),인성테크 주식회사,제조업,기타 제품 제조업,중소기업,41.0,서울 용산구,19,2026-08-01 02:44:01
재무건전성,경영혁신형 중소기업(메인비즈),(주) 보광기획,제조업,기타 제품 제조업,중소기업,22.0,경기 고양시 일산동구,17,2026-08-01 02:44:01
재무건전성,경영혁신형 중소기업(메인비즈),(주)용원이엔씨,제조업,기타 제품 제조업,중소기업,40.0,경기 양주시,16,2026-08-01 02:44:01
재무건전성,경영혁신형 중소기업(메인비즈),주식회사 에버라인,제조업,기타 제품 제조업,중소기업,62.0,서울 강서구,12,2026-08-01 02:44:01
재무건전성,경영혁신형 중소기업(메인비즈),(주)국제프린트,제조업,기타 제품 제조업,중소기업,,대전 동구,10,2026-08-01 02:44:01
재무건전성,경영혁신형 중소기업(메인비즈),(주)휴먼씨,제조업,기타 제품 제조업,중소기업,42.0,충북 청주시 흥덕구,9,2026-08-01 02:44:01
재무건전성,경영혁신형 중소기업(메인비즈),(주)동호산업,제조업,기타 제품 제조업,중소기업,21.0,충북 음성군,6,2026-08-01 02:44:01
재무건전성,경영혁신형 중소기업(메인비즈),(주)한결,제조업,기타 제품 제조업,중소기업,6.0,,4,2026-08-01 02:44:01
재무건전성,경영혁신형 중소기업(메인비즈),디자인올림(주),제조업,기타 제품 제조업,중소기업,15.0,서울 마포구,3,2026-08-01 02:44:01
재무건전성,경영혁신형 중소기업(메인비즈),주식회사 제이더블유아이앤씨,제조업,기타 제품 제조업,중소기업,17.0,경기 김포시,1,2026-08-01 02:44:01
재무건전성,경영혁신형 중소기업(메인비즈),주식회사 매직큐브,제조업,기타 제품 제조업,중소기업,45.0,경기 화성시,1,2026-08-01 02:44:01
재무건전성,경영혁신형 중소기업(메인비즈),주식회사 엑시옴(XIOM),제조업,기타 제품 제조업,중소기업,28.0,충북 음성군,1,2026-08-01 02:44:01
재무건전성,경영혁신형 중소기업(메인비즈),배이산업(주),제조업,기타 제품 제조업,중소기업,16.0,서울 광진구,1,2026-08-01 02:44:01
재무건전성,경영혁신형 중소기업(메인비즈),주식회사 예인디앤에이,제조업,기타 제품 제조업,중소기업,9.0,경기 안산시 단원구,0,2026-08-01 02:44:01
재무건전성,경영혁신형 중소기업(메인비즈),(주)아덱스,제조업,기타 제품 제조업,중소기업,14.0,경기 고양시 일산동구,0,2026-08-01 02:44:01
재무건전성,경영혁신형 중소기업(메인비즈),주식회사 제이에스엘디자인,제조업,기타 제품 제조업,중소기업,,서울 금천구,0,2026-08-01 02:44:01
재무건전성,경영혁신형 중소기업(메인비즈),(주)케이에프이,제조업,기타 제품 제조업,,,경기 안성시,0,2026-08-01 02:44:01
재무건전성,경영혁신형 중소기업(메인비즈),(주)지브이엠,제조업,기타 제품 제조업,,,경기 광주시,0,2026-08-01 02:44:01
재무건전성,경영혁신형 중소기업(메인비즈),(주)6형제바둑,제조업,기타 제품 제조업,,,경기 남양주시,0,2026-08-01 02:44:01
재무건전성,경영혁신형 중소기업(메인비즈),(주)원포인트듀오,제조업,기타 제품 제조업,중소기업,12.0,서울 강북구,0,2026-08-01 02:44:01
재무건전성,경영혁신형 중소기업(메인비즈),주식회사 에이피스토리지,제조업,기타 제품 제조업,,,경기 양주시,0,2026-08-01 02:44:01
재무건전성,경영혁신형 중소기업(메인비즈),주식회사 파란디앤에스,제조업,기타 제품 제조업,중소기업,11.0,경기 파주시,0,2026-08-01 02:44:01
재무건전성,경영혁신형 중소기업(메인비즈),소나무,제조업,기타 제품 제조업,,,대구 북구,0,2026-08-01 02:44:01
재무건전성,경영혁신형 중소기업(메인비즈),주식회사 텍코드,제조업,산업용 기계 및 장비 수리업,중소기업,28.0,대전 유성구,19,2026-08-01 02:44:01
재무건전성,경영혁신형 중소기업(메인비즈),(주)피디텍,제조업,산업용 기계 및 장비 수리업,중소기업,75.0,,18,2026-08-01 02:44:01
재무건전성,경영혁신형 중소기업(메인비즈),(주)여수해양,제조업,산업용 기계 및 장비 수리업,중소기업,48.0,,15,2026-08-01 02:44:01
재무건전성,경영혁신형 중소기업(메인비즈),(주)한얼미디어시스템,제조업,산업용 기계 및 장비 수리업,중소기업,12.0,인천 남동구,6,2026-08-01 02:44:01
재무건전성,경영혁신형 중소기업(메인비즈),주식회사 천일에너지,"전기, 가스, 증기 및 공기조절 공급업","전기, 가스, 증기 및 공기조절 공급업",중소기업,31.0,경기 포천시,63,2026-08-01 02:44:01
재무건전성,경영혁신형 중소기업(메인비즈),MS종합가스(주),"전기, 가스, 증기 및 공기조절 공급업","전기, 가스, 증기 및 공기조절 공급업",중소기업,58.0,경남 양산시,5,2026-08-01 02:44:01
재무건전성,경영혁신형 중소기업(메인비즈),인성코퍼레이션(주),"수도, 하수 및 폐기물 처리, 원료 재생업","폐기물 수집, 운반, 처리 및 원료 재생업",중소기업,38.0,,81,2026-08-01 02:44:01
재무건전성,경영혁신형 중소기업(메인비즈),(주)뉴그린,"수도, 하수 및 폐기물 처리, 원료 재생업","폐기물 수집, 운반, 처리 및 원료 재생업",중소기업,63.0,경기 평택시,78,2026-08-01 02:44:01
재무건전성,경영혁신형 중소기업(메인비즈),주식회사 아이케이,"수도, 하수 및 폐기물 처리, 원료 재생업","폐기물 수집, 운반, 처리 및 원료 재생업",중소기업,105.0,,77,2026-08-01 02:44:01
재무건전성,경영혁신형 중소기업(메인비즈),동우바이오주식회사,"수도, 하수 및 폐기물 처리, 원료 재생업","폐기물 수집, 운반, 처리 및 원료 재생업",중견기업,55.0,경기 용인시 처인구,77,2026-08-01 02:44:01
재무건전성,경영혁신형 중소기업(메인비즈),주식회사 토탈,"수도, 하수 및 폐기물 처리, 원료 재생업","폐기물 수집, 운반, 처리 및 원료 재생업",중소기업,27.0,울산 남구,72,2026-08-01 02:44:01
재무건전성,경영혁신형 중소기업(메인비즈),(유)대신신재생산업,"수도, 하수 및 폐기물 처리, 원료 재생업","폐기물 수집, 운반, 처리 및 원료 재생업",중소기업,31.0,전북 김제시,68,2026-08-01 02:44:01
재무건전성,경영혁신형 중소기업(메인비즈),주식회사 주원,"수도, 하수 및 폐기물 처리, 원료 재생업","폐기물 수집, 운반, 처리 및 원료 재생업",중소기업,23.0,경기 평택시,55,2026-08-01 02:44:01
재무건전성,경영혁신형 중소기업(메인비즈),(주)한얼환경산업,"수도, 하수 및 폐기물 처리, 원료 재생업","폐기물 수집, 운반, 처리 및 원료 재생업",중소기업,23.0,,52,2026-08-01 02:44:01
재무건전성,경영혁신형 중소기업(메인비즈),한국환경개발(주),"수도, 하수 및 폐기물 처리, 원료 재생업","폐기물 수집, 운반, 처리 및 원료 재생업",중견기업,54.0,경기 안산시 단원구,44,2026-08-01 02:44:01
재무건전성,경영혁신형 중소기업(메인비즈),삼흥산업개발(주),"수도, 하수 및 폐기물 처리, 원료 재생업","폐기물 수집, 운반, 처리 및 원료 재생업",중소기업,45.0,경기 화성시,43,2026-08-01 02:44:01
재무건전성,경영혁신형 중소기업(메인비즈),(주)부영개발,"수도, 하수 및 폐기물 처리, 원료 재생업","폐기물 수집, 운반, 처리 및 원료 재생업",중소기업,41.0,부산 사하구,37,2026-08-01 02:44:01
재무건전성,경영혁신형 중소기업(메인비즈),(주) 케이비아이국인산업,"수도, 하수 및 폐기물 처리, 원료 재생업","폐기물 수집, 운반, 처리 및 원료 재생업",중견기업,96.0,경북 구미시,36,2026-08-01 02:44:01
재무건전성,경영혁신형 중소기업(메인비즈),(주)다나에너지솔루션,"수도, 하수 및 폐기물 처리, 원료 재생업","폐기물 수집, 운반, 처리 및 원료 재생업",중견기업,40.0,충북 청주시 청원구,35,2026-08-01 02:44:01
재무건전성,경영혁신형 중소기업(메인비즈),주식회사 카원,"수도, 하수 및 폐기물 처리, 원료 재생업","폐기물 수집, 운반, 처리 및 원료 재생업",중소기업,16.0,경남 양산시,26,2026-08-01 02:44:01
재무건전성,경영혁신형 중소기업(메인비즈),(주)녹색환경산업,"수도, 하수 및 폐기물 처리, 원료 재생업","폐기물 수집, 운반, 처리 및 원료 재생업",중소기업,30.0,,22,2026-08-01 02:44:01
재무건전성,경영혁신형 중소기업(메인비즈),청운개발 주식회사,"수도, 하수 및 폐기물 처리, 원료 재생업","폐기물 수집, 운반, 처리 및 원료 재생업",중소기업,21.0,,22,2026-08-01 02:44:01
재무건전성,경영혁신형 중소기업(메인비즈),대림종합개발(주),"수도, 하수 및 폐기물 처리, 원료 재생업","폐기물 수집, 운반, 처리 및 원료 재생업",중소기업,19.0,충북 청주시 흥덕구,20,2026-08-01 02:44:01
재무건전성,경영혁신형 중소기업(메인비즈),청호환경산업주식회사,"수도, 하수 및 폐기물 처리, 원료 재생업","폐기물 수집, 운반, 처리 및 원료 재생업",중소기업,6.0,경남 함안군,17,2026-08-01 02:44:01
재무건전성,경영혁신형 중소기업(메인비즈),호남산업(주),"수도, 하수 및 폐기물 처리, 원료 재생업","폐기물 수집, 운반, 처리 및 원료 재생업",중소기업,27.0,,17,2026-08-01 02:44:01
재무건전성,경영혁신형 중소기업(메인비즈),주식회사 우리산업,"수도, 하수 및 폐기물 처리, 원료 재생업","폐기물 수집, 운반, 처리 및 원료 재생업",중소기업,64.0,경기 포천시,17,2026-08-01 02:44:01
재무건전성,경영혁신형 중소기업(메인비즈),현대환경산업개발 주식회사,"수도, 하수 및 폐기물 처리, 원료 재생업","폐기물 수집, 운반, 처리 및 원료 재생업",중소기업,25.0,,16,2026-08-01 02:44:01
재무건전성,경영혁신형 중소기업(메인비즈),(주)거단산업,"수도, 하수 및 폐기물 처리, 원료 재생업","폐기물 수집, 운반, 처리 및 원료 재생업",중소기업,44.0,경기 평택시,15,2026-08-01 02:44:01
재무건전성,경영혁신형 중소기업(메인비즈),(주)동우,"수도, 하수 및 폐기물 처리, 원료 재생업","폐기물 수집, 운반, 처리 및 원료 재생업",중소기업,28.0,충남 천안시 서북구,14,2026-08-01 02:44:01
재무건전성,경영혁신형 중소기업(메인비즈),주식회사 디에스아이,"수도, 하수 및 폐기물 처리, 원료 재생업","폐기물 수집, 운반, 처리 및 원료 재생업",중소기업,21.0,경남 하동군,13,2026-08-01 02:44:01
재무건전성,경영혁신형 중소기업(메인비즈),(주)한강건설환경,"수도, 하수 및 폐기물 처리, 원료 재생업","폐기물 수집, 운반, 처리 및 원료 재생업",중소기업,31.0,인천 강화군,11,2026-08-01 02:44:01
재무건전성,경영혁신형 중소기업(메인비즈),(주) 서원건설산업,"수도, 하수 및 폐기물 처리, 원료 재생업","폐기물 수집, 운반, 처리 및 원료 재생업",중소기업,20.0,전북 군산시,10,2026-08-01 02:44:01
재무건전성,경영혁신형 중소기업(메인비즈),주식회사 하람코퍼레이션,"수도, 하수 및 폐기물 처리, 원료 재생업","폐기물 수집, 운반, 처리 및 원료 재생업",중소기업,14.0,경기 화성시,10,2026-08-01 02:44:01
재무건전성,경영혁신형 중소기업(메인비즈),(주)성인,"수도, 하수 및 폐기물 처리, 원료 재생업","폐기물 수집, 운반, 처리 및 원료 재생업",중소기업,55.0,경기 성남시 분당구,10,2026-08-01 02:44:01
재무건전성,경영혁신형 중소기업(메인비즈),무진환경 주식회사,"수도, 하수 및 폐기물 처리, 원료 재생업","폐기물 수집, 운반, 처리 및 원료 재생업",중소기업,35.0,충북 음성군,10,2026-08-01 02:44:01
재무건전성,경영혁신형 중소기업(메인비즈),(유)삼려환경,"수도, 하수 및 폐기물 처리, 원료 재생업","폐기물 수집, 운반, 처리 및 원료 재생업",중소기업,20.0,,9,2026-08-01 02:44:01
재무건전성,경영혁신형 중소기업(메인비즈),(주)케이비아이텍,"수도, 하수 및 폐기물 처리, 원료 재생업","폐기물 수집, 운반, 처리 및 원료 재생업",중소기업,58.0,,9,2026-08-01 02:44:01
재무건전성,경영혁신형 중소기업(메인비즈),(주)복천,"수도, 하수 및 폐기물 처리, 원료 재생업","폐기물 수집, 운반, 처리 및 원료 재생업",중소기업,17.0,경기 안산시 단원구,8,2026-08-01 02:44:01
재무건전성,경영혁신형 중소기업(메인비즈),어송환경산업주식회사,"수도, 하수 및 폐기물 처리, 원료 재생업","폐기물 수집, 운반, 처리 및 원료 재생업",중소기업,9.0,충남 태안군,8,2026-08-01 02:44:01
재무건전성,경영혁신형 중소기업(메인비즈),유한회사 대성환경산업,"수도, 하수 및 폐기물 처리, 원료 재생업","폐기물 수집, 운반, 처리 및 원료 재생업",중소기업,13.0,전북 전주시 완산구,7,2026-08-01 02:44:01
재무건전성,경영혁신형 중소기업(메인비즈),삼원환경산업(주),"수도, 하수 및 폐기물 처리, 원료 재생업","폐기물 수집, 운반, 처리 및 원료 재생업",중소기업,30.0,충남 보령시,7,2026-08-01 02:44:01
재무건전성,경영혁신형 중소기업(메인비즈),주식회사 대일에코,"수도, 하수 및 폐기물 처리, 원료 재생업","폐기물 수집, 운반, 처리 및 원료 재생업",중소기업,,경북 김천시,6,2026-08-01 02:44:01
재무건전성,경영혁신형 중소기업(메인비즈),(유) 서구,"수도, 하수 및 폐기물 처리, 원료 재생업","폐기물 수집, 운반, 처리 및 원료 재생업",중소기업,20.0,전북 군산시,6,2026-08-01 02:44:01
재무건전성,경영혁신형 중소기업(메인비즈),대진환경산업(주),"수도, 하수 및 폐기물 처리, 원료 재생업","폐기물 수집, 운반, 처리 및 원료 재생업",중소기업,49.0,충북 제천시,5,2026-08-01 02:44:01
재무건전성,경영혁신형 중소기업(메인비즈),(주)대방,"수도, 하수 및 폐기물 처리, 원료 재생업","폐기물 수집, 운반, 처리 및 원료 재생업",중소기업,22.0,경북 김천시,5,2026-08-01 02:44:01
재무건전성,경영혁신형 중소기업(메인비즈),(유)우주산업,"수도, 하수 및 폐기물 처리, 원료 재생업","폐기물 수집, 운반, 처리 및 원료 재생업",중소기업,11.0,전북 군산시,4,2026-08-01 02:44:01
재무건전성,경영혁신형 중소기업(메인비즈),이엔래비스 (주),"수도, 하수 및 폐기물 처리, 원료 재생업","폐기물 수집, 운반, 처리 및 원료 재생업",중소기업,13.0,경기 화성시,3,2026-08-01 02:44:01
재무건전성,경영혁신형 중소기업(메인비즈),강원산업(주),"수도, 하수 및 폐기물 처리, 원료 재생업","폐기물 수집, 운반, 처리 및 원료 재생업",중소기업,17.0,경기 화성시,3,2026-08-01 02:44:01
재무건전성,경영혁신형 중소기업(메인비즈),나라환경주식회사,"수도, 하수 및 폐기물 처리, 원료 재생업","폐기물 수집, 운반, 처리 및 원료 재생업",중소기업,9.0,충북 단양군,3,2026-08-01 02:44:01
재무건전성,경영혁신형 중소기업(메인비즈),(주)대한환경,"수도, 하수 및 폐기물 처리, 원료 재생업","폐기물 수집, 운반, 처리 및 원료 재생업",중소기업,17.0,서울 강서구,3,2026-08-01 02:44:01
재무건전성,경영혁신형 중소기업(메인비즈),주식회사 삼우,"수도, 하수 및 폐기물 처리, 원료 재생업","폐기물 수집, 운반, 처리 및 원료 재생업",중소기업,3.0,충남 계룡시,2,2026-08-01 02:44:01
재무건전성,경영혁신형 중소기업(메인비즈),(주)수목환경,"수도, 하수 및 폐기물 처리, 원료 재생업","폐기물 수집, 운반, 처리 및 원료 재생업",중소기업,18.0,충남 당진시,2,2026-08-01 02:44:01
재무건전성,경영혁신형 중소기업(메인비즈),현대이엔티 주식회사,"수도, 하수 및 폐기물 처리, 원료 재생업","폐기물 수집, 운반, 처리 및 원료 재생업",중소기업,13.0,,2,2026-08-01 02:44:01
재무건전성,경영혁신형 중소기업(메인비즈),(주)네이처이앤티 경주,"수도, 하수 및 폐기물 처리, 원료 재생업","폐기물 수집, 운반, 처리 및 원료 재생업",중소기업,17.0,경북 경주시,1,2026-08-01 02:44:01
재무건전성,경영혁신형 중소기업(메인비즈),(주)하이원리싸이클링,"수도, 하수 및 폐기물 처리, 원료 재생업","폐기물 수집, 운반, 처리 및 원료 재생업",중소기업,11.0,경기 화성시,1,2026-08-01 02:44:01
재무건전성,경영혁신형 중소기업(메인비즈),주식회사 우룡실업,"수도, 하수 및 폐기물 처리, 원료 재생업","폐기물 수집, 운반, 처리 및 원료 재생업",중소기업,60.0,충남 아산시,1,2026-08-01 02:44:01
재무건전성,경영혁신형 중소기업(메인비즈),대경스틸(주),"수도, 하수 및 폐기물 처리, 원료 재생업","폐기물 수집, 운반, 처리 및 원료 재생업",중소기업,11.0,,1,2026-08-01 02:44:01
재무건전성,경영혁신형 중소기업(메인비즈),주식회사 성화환경,"수도, 하수 및 폐기물 처리, 원료 재생업","폐기물 수집, 운반, 처리 및 원료 재생업",,,충남 당진시,0,2026-08-01 02:44:01
재무건전성,경영혁신형 중소기업(메인비즈),한국고용정보원,"수도, 하수 및 폐기물 처리, 원료 재생업","폐기물 수집, 운반, 처리 및 원료 재생업",,,경기 시흥시,0,2026-08-01 02:44:01
재무건전성,경영혁신형 중소기업(메인비즈),(주)씨에스그린,"수도, 하수 및 폐기물 처리, 원료 재생업","폐기물 수집, 운반, 처리 및 원료 재생업",,,경기 시흥시,0,2026-08-01 02:44:01
재무건전성,경영혁신형 중소기업(메인비즈),청목환경(주),"수도, 하수 및 폐기물 처리, 원료 재생업","폐기물 수집, 운반, 처리 및 원료 재생업",중소기업,30.0,충남 아산시,0,2026-08-01 02:44:01
재무건전성,경영혁신형 중소기업(메인비즈),유한회사 대한청정환경,"수도, 하수 및 폐기물 처리, 원료 재생업","폐기물 수집, 운반, 처리 및 원료 재생업",중소기업,21.0,충남 당진시,0,2026-08-01 02:44:01
재무건전성,경영혁신형 중소기업(메인비즈),씨엠케미칼,"수도, 하수 및 폐기물 처리, 원료 재생업","폐기물 수집, 운반, 처리 및 원료 재생업",,,충남 천안시 서북구,0,2026-08-01 02:44:01
재무건전성,경영혁신형 중소기업(메인비즈),(주)대정골프엔지니어링,건설업,종합 건설업,중소기업,261.0,경기 용인시 처인구,153,2026-08-01 02:44:01
재무건전성,경영혁신형 중소기업(메인비즈),정인건설(주),건설업,종합 건설업,중소기업,85.0,경남 함안군,72,2026-08-01 02:44:01
재무건전성,경영혁신형 중소기업(메인비즈),에스지건설(주),건설업,종합 건설업,중견기업,75.0,강원 원주시,60,2026-08-01 02:44:01
재무건전성,경영혁신형 중소기업(메인비즈),주식회사 크레이,건설업,종합 건설업,중소기업,87.0,,53,2026-08-01 02:44:01
재무건전성,경영혁신형 중소기업(메인비즈),티오피종합건설(주),건설업,종합 건설업,중소기업,21.0,인천 연수구,51,2026-08-01 02:44:01
재무건전성,경영혁신형 중소기업(메인비즈),금성건설(주),건설업,종합 건설업,중소기업,59.0,대전 중구,50,2026-08-01 02:44:01
재무건전성,경영혁신형 중소기업(메인비즈),서천건설(주),건설업,종합 건설업,중견기업,140.0,서울 강남구,48,2026-08-01 02:44:01
재무건전성,경영혁신형 중소기업(메인비즈),(주)대명이십일,건설업,종합 건설업,중소기업,53.0,서울 강서구,33,2026-08-01 02:44:01
재무건전성,경영혁신형 중소기업(메인비즈),(주)한창종합건설,건설업,종합 건설업,중소기업,36.0,경기 고양시 일산서구,31,2026-08-01 02:44:01
재무건전성,경영혁신형 중소기업(메인비즈),(주)대양,건설업,종합 건설업,중소기업,44.0,강원 춘천시,24,2026-08-01 02:44:01
재무건전성,경영혁신형 중소기업(메인비즈),(주)금도건설,건설업,종합 건설업,중소기업,135.0,전북 군산시,22,2026-08-01 02:44:01
재무건전성,경영혁신형 중소기업(메인비즈),주식회사 수성,건설업,종합 건설업,중소기업,1.0,경남 합천군,22,2026-08-01 02:44:01
재무건전성,경영혁신형 중소기업(메인비즈),영인산업(주),건설업,종합 건설업,중소기업,32.0,대전 유성구,17,2026-08-01 02:44:01
재무건전성,경영혁신형 중소기업(메인비즈),보민종합건설주식회사,건설업,종합 건설업,중소기업,24.0,대구 달성군,17,2026-08-01 02:44:01
재무건전성,경영혁신형 중소기업(메인비즈),일일종합건설주식회사,건설업,종합 건설업,중소기업,24.0,경북 봉화군,15,2026-08-01 02:44:01
재무건전성,경영혁신형 중소기업(메인비즈),명가종합건설(주),건설업,종합 건설업,중소기업,46.0,대구 군위군,15,2026-08-01 02:44:01
재무건전성,경영혁신형 중소기업(메인비즈),(주)전월,건설업,종합 건설업,중소기업,47.0,세종,14,2026-08-01 02:44:01
재무건전성,경영혁신형 중소기업(메인비즈),(주)신동양건설,건설업,종합 건설업,중소기업,31.0,충남 서산시,13,2026-08-01 02:44:01
재무건전성,경영혁신형 중소기업(메인비즈),부경산업개발(주),건설업,종합 건설업,중소기업,62.0,경기 성남시 분당구,11,2026-08-01 02:44:01
재무건전성,경영혁신형 중소기업(메인비즈),(주)대흥종합건설,건설업,종합 건설업,중견기업,36.0,충북 충주시,10,2026-08-01 02:44:01
재무건전성,경영혁신형 중소기업(메인비즈),지오종합건설 주식회사,건설업,종합 건설업,중소기업,74.0,경북 경주시,9,2026-08-01 02:44:01
재무건전성,경영혁신형 중소기업(메인비즈),광성산업개발주식회사,건설업,종합 건설업,중소기업,34.0,경기 부천시 원미구,9,2026-08-01 02:44:01
재무건전성,경영혁신형 중소기업(메인비즈),경우종합건설(주),건설업,종합 건설업,중소기업,29.0,인천 남동구,9,2026-08-01 02:44:01
재무건전성,경영혁신형 중소기업(메인비즈),(주)한울건설,건설업,종합 건설업,중소기업,37.0,경기 수원시 권선구,8,2026-08-01 02:44:01
재무건전성,경영혁신형 중소기업(메인비즈),(주)명신하이넷,건설업,종합 건설업,중소기업,19.0,부산 수영구,7,2026-08-01 02:44:01
재무건전성,경영혁신형 중소기업(메인비즈),태령종합건설(주),건설업,종합 건설업,중소기업,35.0,경북 경산시,7,2026-08-01 02:44:01
재무건전성,경영혁신형 중소기업(메인비즈),(주)케이에스씨건설,건설업,종합 건설업,중소기업,53.0,경기 용인시 기흥구,6,2026-08-01 02:44:01
재무건전성,경영혁신형 중소기업(메인비즈),대웅건설(주),건설업,종합 건설업,중소기업,45.0,충남 태안군,6,2026-08-01 02:44:01
재무건전성,경영혁신형 중소기업(메인비즈),(주)한라공영,건설업,종합 건설업,중소기업,14.0,대구 수성구,5,2026-08-01 02:44:01
재무건전성,경영혁신형 중소기업(메인비즈),크로스건설(주),건설업,종합 건설업,중소기업,49.0,대전 서구,4,2026-08-01 02:44:01
재무건전성,경영혁신형 중소기업(메인비즈),(주)현창건설,건설업,종합 건설업,중소기업,35.0,대구 동구,3,2026-08-01 02:44:01
재무건전성,경영혁신형 중소기업(메인비즈),경일건설주식회사,건설업,종합 건설업,중소기업,64.0,경북 경산시,2,2026-08-01 02:44:01
재무건전성,경영혁신형 중소기업(메인비즈),일신건설(주),건설업,종합 건설업,중소기업,84.0,경기 평택시,2,2026-08-01 02:44:01
재무건전성,경영혁신형 중소기업(메인비즈),대승종합건설주식회사,건설업,종합 건설업,중소기업,18.0,충남 천안시 동남구,2,2026-08-01 02:44:01
재무건전성,경영혁신형 중소기업(메인비즈),삼양건설산업(주),건설업,종합 건설업,중소기업,19.0,서울 서초구,2,2026-08-01 02:44:01
재무건전성,경영혁신형 중소기업(메인비즈),동남공영(주),건설업,종합 건설업,중소기업,43.0,서울 강남구,2,2026-08-01 02:44:01
재무건전성,경영혁신형 중소기업(메인비즈),지엘 주식회사,건설업,종합 건설업,중소기업,38.0,전북 김제시,1,2026-08-01 02:44:01
재무건전성,경영혁신형 중소기업(메인비즈),청운건설산업주식회사,건설업,종합 건설업,중소기업,29.0,충남 청양군,1,2026-08-01 02:44:01
재무건전성,경영혁신형 중소기업(메인비즈),성진종합건설(합),건설업,종합 건설업,중소기업,35.0,강원 인제군,1,2026-08-01 02:44:01
재무건전성,경영혁신형 중소기업(메인비즈),중일건설(주),건설업,종합 건설업,중소기업,39.0,경기 성남시 중원구,1,2026-08-01 02:44:01
재무건전성,경영혁신형 중소기업(메인비즈),한울건설(주),건설업,종합 건설업,중소기업,21.0,,0,2026-08-01 02:44:01
재무건전성,경영혁신형 중소기업(메인비즈),골드홈공업주식회사,건설업,종합 건설업,,,경기 광주시,0,2026-08-01 02:44:01
재무건전성,경영혁신형 중소기업(메인비즈),홍용종합건설(주),건설업,종합 건설업,,,서울 강동구,0,2026-08-01 02:44:01
재무건전성,경영혁신형 중소기업(메인비즈),(주)서진산업개발,건설업,종합 건설업,,,경북 영천시,0,2026-08-01 02:44:01
재무건전성,경영혁신형 중소기업(메인비즈),(주)삼흥전력,건설업,전문직별 공사업,중소기업,228.0,,95,2026-08-01 02:44:01
재무건전성,경영혁신형 중소기업(메인비즈),금풍건설이엔씨주식회사,건설업,전문직별 공사업,중견기업,185.0,부산 수영구,68,2026-08-01 02:44:01
재무건전성,경영혁신형 중소기업(메인비즈),(주)태영정보,건설업,전문직별 공사업,중소기업,14.0,대구 동구,63,2026-08-01 02:44:01
재무건전성,경영혁신형 중소기업(메인비즈),광명통신안전(주),건설업,전문직별 공사업,중소기업,12.0,서울 강남구,61,2026-08-01 02:44:01
재무건전성,경영혁신형 중소기업(메인비즈),(주)젤루텍,건설업,전문직별 공사업,중소기업,30.0,서울 영등포구,60,2026-08-01 02:44:01
재무건전성,경영혁신형 중소기업(메인비즈),진응건설(주),건설업,전문직별 공사업,중소기업,88.0,,46,2026-08-01 02:44:01
재무건전성,경영혁신형 중소기업(메인비즈),(유)주원산업개발,건설업,전문직별 공사업,중소기업,11.0,전북 전주시 덕진구,42,2026-08-01 02:44:01
재무건전성,경영혁신형 중소기업(메인비즈),남경설비(주),건설업,전문직별 공사업,중소기업,56.0,부산 연제구,42,2026-08-01 02:44:01
재무건전성,경영혁신형 중소기업(메인비즈),승주건설(주),건설업,전문직별 공사업,중소기업,36.0,서울 송파구,41,2026-08-01 02:44:01
재무건전성,경영혁신형 중소기업(메인비즈),(주) 화신파워텍,건설업,전문직별 공사업,중소기업,103.0,경기 하남시,40,2026-08-01 02:44:01
재무건전성,경영혁신형 중소기업(메인비즈),해솔정보통신 주식회사,건설업,전문직별 공사업,중소기업,80.0,대전 서구,36,2026-08-01 02:44:01
재무건전성,경영혁신형 중소기업(메인비즈),주식회사 정강통신,건설업,전문직별 공사업,중소기업,32.0,,35,2026-08-01 02:44:01
재무건전성,경영혁신형 중소기업(메인비즈),(주)유인엔지니어링,건설업,전문직별 공사업,중소기업,23.0,대구 수성구,35,2026-08-01 02:44:01
재무건전성,경영혁신형 중소기업(메인비즈),영진(주),건설업,전문직별 공사업,중소기업,314.0,울산 남구,35,2026-08-01 02:44:01
재무건전성,경영혁신형 중소기업(메인비즈),금강통신(주),건설업,전문직별 공사업,중소기업,70.0,부산 금정구,34,2026-08-01 02:44:01
재무건전성,경영혁신형 중소기업(메인비즈),유한회사 케이엠티,건설업,전문직별 공사업,중소기업,125.0,,34,2026-08-01 02:44:01
재무건전성,경영혁신형 중소기업(메인비즈),반석중공업(주),건설업,전문직별 공사업,중소기업,46.0,전북 김제시,30,2026-08-01 02:44:01
재무건전성,경영혁신형 중소기업(메인비즈),대야산업(주),건설업,전문직별 공사업,중소기업,81.0,,30,2026-08-01 02:44:01
재무건전성,경영혁신형 중소기업(메인비즈),청암기업(주),건설업,전문직별 공사업,중소기업,103.0,제주 제주시,29,2026-08-01 02:44:01
재무건전성,경영혁신형 중소기업(메인비즈),주식회사 해천,건설업,전문직별 공사업,중소기업,75.0,부산 해운대구,29,2026-08-01 02:44:01
재무건전성,경영혁신형 중소기업(메인비즈),(주) 한국에빅스,건설업,전문직별 공사업,중소기업,12.0,서울 강서구,29,2026-08-01 02:44:01
재무건전성,경영혁신형 중소기업(메인비즈),메인테크플랜트 주식회사,건설업,전문직별 공사업,중소기업,164.0,서울 양천구,28,2026-08-01 02:44:01
재무건전성,경영혁신형 중소기업(메인비즈),(주)한림이앤씨,건설업,전문직별 공사업,중소기업,28.0,서울 중구,28,2026-08-01 02:44:01
재무건전성,경영혁신형 중소기업(메인비즈),(주)코리아에이아이종합건설,건설업,전문직별 공사업,중소기업,38.0,세종,28,2026-08-01 02:44:01
재무건전성,경영혁신형 중소기업(메인비즈),(주)비에스이엔씨,건설업,전문직별 공사업,중소기업,47.0,경북 포항시 남구,26,2026-08-01 02:44:01
재무건전성,경영혁신형 중소기업(메인비즈),대도토건(주),건설업,전문직별 공사업,중견기업,64.0,대구 수성구,26,2026-08-01 02:44:01
재무건전성,경영혁신형 중소기업(메인비즈),합자회사 한남유리,건설업,전문직별 공사업,중소기업,25.0,,26,2026-08-01 02:44:01
재무건전성,경영혁신형 중소기업(메인비즈),(주)이테크건설산업,건설업,전문직별 공사업,중소기업,71.0,서울 강남구,24,2026-08-01 02:44:01
재무건전성,경영혁신형 중소기업(메인비즈),(주)광장이엠씨,건설업,전문직별 공사업,중소기업,38.0,서울 관악구,23,2026-08-01 02:44:01
재무건전성,경영혁신형 중소기업(메인비즈),주식회사 대아전력,건설업,전문직별 공사업,중소기업,26.0,경남 진주시,23,2026-08-01 02:44:01
재무건전성,경영혁신형 중소기업(메인비즈),에스네트웍스(주),건설업,전문직별 공사업,중소기업,11.0,경남 진주시,23,2026-08-01 02:44:01
재무건전성,경영혁신형 중소기업(메인비즈),주식회사 에스비일렉트릭,건설업,전문직별 공사업,중소기업,40.0,경북 상주시,23,2026-08-01 02:44:01
재무건전성,경영혁신형 중소기업(메인비즈),주식회사 신동양기업,건설업,전문직별 공사업,중견기업,114.0,대구 서구,22,2026-08-01 02:44:01
재무건전성,경영혁신형 중소기업(메인비즈),주식회사 한백,건설업,전문직별 공사업,중소기업,108.0,,22,2026-08-01 02:44:01
재무건전성,경영혁신형 중소기업(메인비즈),(주)경우이앤씨,건설업,전문직별 공사업,중소기업,73.0,경기 오산시,22,2026-08-01 02:44:01
재무건전성,경영혁신형 중소기업(메인비즈),한보건설(주),건설업,전문직별 공사업,중소기업,12.0,대구 달서구,22,2026-08-01 02:44:01
재무건전성,경영혁신형 중소기업(메인비즈),대익이엔지(주),건설업,전문직별 공사업,중소기업,75.0,경남 의령군,22,2026-08-01 02:44:01
재무건전성,경영혁신형 중소기업(메인비즈),(주)장평건설,건설업,전문직별 공사업,중소기업,86.0,서울 송파구,21,2026-08-01 02:44:01
재무건전성,경영혁신형 중소기업(메인비즈),(주)인건토건,건설업,전문직별 공사업,중소기업,19.0,서울 마포구,20,2026-08-01 02:44:01
재무건전성,경영혁신형 중소기업(메인비즈),해피콤(주),건설업,전문직별 공사업,중소기업,21.0,경기 성남시 분당구,19,2026-08-01 02:44:01
재무건전성,경영혁신형 중소기업(메인비즈),(주)우성통신,건설업,전문직별 공사업,중소기업,133.0,부산 수영구,19,2026-08-01 02:44:01
재무건전성,경영혁신형 중소기업(메인비즈),(주)아트이엔지,건설업,전문직별 공사업,중소기업,18.0,경북 칠곡군,19,2026-08-01 02:44:01
재무건전성,경영혁신형 중소기업(메인비즈),(주)세양건설,건설업,전문직별 공사업,중소기업,38.0,경기 용인시 기흥구,17,2026-08-01 02:44:01
재무건전성,경영혁신형 중소기업(메인비즈),(주)제이에스에스탑,건설업,전문직별 공사업,중소기업,20.0,서울 금천구,16,2026-08-01 02:44:01
재무건전성,경영혁신형 중소기업(메인비즈),일흥건설(주),건설업,전문직별 공사업,중소기업,35.0,인천 부평구,15,2026-08-01 02:44:01
재무건전성,경영혁신형 중소기업(메인비즈),(주)한울정보통신,건설업,전문직별 공사업,중소기업,88.0,부산 해운대구,15,2026-08-01 02:44:01
재무건전성,경영혁신형 중소기업(메인비즈),영창중공업 주식회사,건설업,전문직별 공사업,중소기업,31.0,,13,2026-08-01 02:44:01
재무건전성,경영혁신형 중소기업(메인비즈),(주)경동엘리베이터,건설업,전문직별 공사업,중소기업,76.0,부산 동구,13,2026-08-01 02:44:01
재무건전성,경영혁신형 중소기업(메인비즈),대광이엔지(유),건설업,전문직별 공사업,중소기업,70.0,,12,2026-08-01 02:44:01
재무건전성,경영혁신형 중소기업(메인비즈),대신통신기술(주),건설업,전문직별 공사업,중소기업,98.0,서울 영등포구,12,2026-08-01 02:44:01
재무건전성,경영혁신형 중소기업(메인비즈),준제이엔씨(주),건설업,전문직별 공사업,중소기업,84.0,서울 강남구,12,2026-08-01 02:44:01
재무건전성,경영혁신형 중소기업(메인비즈),주식회사 한텔,건설업,전문직별 공사업,중소기업,60.0,대구 동구,11,2026-08-01 02:44:01
재무건전성,경영혁신형 중소기업(메인비즈),(주)케이디엠텍,건설업,전문직별 공사업,중소기업,116.0,울산 울주군,11,2026-08-01 02:44:01
재무건전성,경영혁신형 중소기업(메인비즈),색채산업개발 주식회사,건설업,전문직별 공사업,중소기업,34.0,경기 군포시,11,2026-08-01 02:44:01
재무건전성,경영혁신형 중소기업(메인비즈),대한정보통신(주),건설업,전문직별 공사업,중소기업,48.0,,10,2026-08-01 02:44:01
재무건전성,경영혁신형 중소기업(메인비즈),(주)일우엠이씨,건설업,전문직별 공사업,중소기업,69.0,경기 고양시 일산동구,10,2026-08-01 02:44:01
재무건전성,경영혁신형 중소기업(메인비즈),주식회사 대영이엔씨,건설업,전문직별 공사업,중소기업,19.0,대전 중구,10,2026-08-01 02:44:01
재무건전성,경영혁신형 중소기업(메인비즈),(주)아이제이시스템공조,건설업,전문직별 공사업,중소기업,,부산 부산진구,10,2026-08-01 02:44:01
재무건전성,경영혁신형 중소기업(메인비즈),대신네트웍스 주식회사,건설업,전문직별 공사업,중소기업,119.0,대전 서구,10,2026-08-01 02:44:01
재무건전성,경영혁신형 중소기업(메인비즈),에어시스템주식회사,건설업,전문직별 공사업,중소기업,16.0,경남 창원시 마산회원구,9,2026-08-01 02:44:01
재무건전성,경영혁신형 중소기업(메인비즈),일신씨엔에스주식회사,건설업,전문직별 공사업,중소기업,16.0,경남 창원시 의창구,9,2026-08-01 02:44:01
재무건전성,경영혁신형 중소기업(메인비즈),유한회사 유진종합중기,건설업,전문직별 공사업,중소기업,27.0,,9,2026-08-01 02:44:01
재무건전성,경영혁신형 중소기업(메인비즈),(주)국제광엔지니어링,건설업,전문직별 공사업,중소기업,109.0,충남 공주시,9,2026-08-01 02:44:01
재무건전성,경영혁신형 중소기업(메인비즈),동신패널(주),건설업,전문직별 공사업,중소기업,45.0,경기 안양시 동안구,8,2026-08-01 02:44:01
재무건전성,경영혁신형 중소기업(메인비즈),(주)아울디자인,건설업,전문직별 공사업,중소기업,,서울 마포구,8,2026-08-01 02:44:01
재무건전성,경영혁신형 중소기업(메인비즈),양지산업개발(주),건설업,전문직별 공사업,중소기업,23.0,경기 김포시,8,2026-08-01 02:44:01
재무건전성,경영혁신형 중소기업(메인비즈),명신정보통신(주),건설업,전문직별 공사업,중소기업,436.0,서울 송파구,8,2026-08-01 02:44:01
재무건전성,경영혁신형 중소기업(메인비즈),주식회사토림건설,건설업,전문직별 공사업,중소기업,30.0,인천 남동구,8,2026-08-01 02:44:01
재무건전성,경영혁신형 중소기업(메인비즈),주식회사 로그인서광,건설업,전문직별 공사업,중소기업,25.0,,8,2026-08-01 02:44:01
재무건전성,경영혁신형 중소기업(메인비즈),영성냉동공조 (주),건설업,전문직별 공사업,중소기업,11.0,경기 구리시,8,2026-08-01 02:44:01
재무건전성,경영혁신형 중소기업(메인비즈),주식회사 다인테크,건설업,전문직별 공사업,중소기업,47.0,울산 울주군,8,2026-08-01 02:44:01
재무건전성,경영혁신형 중소기업(메인비즈),이앤비정보통신(주),건설업,전문직별 공사업,중소기업,145.0,경기 안양시 동안구,8,2026-08-01 02:44:01
재무건전성,경영혁신형 중소기업(메인비즈),현대석재(주),건설업,전문직별 공사업,중소기업,18.0,,7,2026-08-01 02:44:01
재무건전성,경영혁신형 중소기업(메인비즈),(주)엘에이치방재,건설업,전문직별 공사업,중소기업,21.0,경기 안양시 만안구,7,2026-08-01 02:44:01
재무건전성,경영혁신형 중소기업(메인비즈),(주)지크아이디,건설업,전문직별 공사업,중소기업,49.0,서울 강동구,7,2026-08-01 02:44:01
재무건전성,경영혁신형 중소기업(메인비즈),(주)삼우에이피엔,건설업,전문직별 공사업,중소기업,9.0,부산 강서구,7,2026-08-01 02:44:01
재무건전성,경영혁신형 중소기업(메인비즈),(주)덕재건설,건설업,전문직별 공사업,중소기업,45.0,부산 해운대구,7,2026-08-01 02:44:01
재무건전성,경영혁신형 중소기업(메인비즈),(유)인터테크,건설업,전문직별 공사업,중소기업,4.0,,7,2026-08-01 02:44:01
재무건전성,경영혁신형 중소기업(메인비즈),(주)동양윈텍,건설업,전문직별 공사업,중소기업,34.0,부산 기장군,7,2026-08-01 02:44:01
재무건전성,경영혁신형 중소기업(메인비즈),주식회사 세원엘리베이터,건설업,전문직별 공사업,중소기업,48.0,대구 달서구,7,2026-08-01 02:44:01
재무건전성,경영혁신형 중소기업(메인비즈),(주)다원아이디앤씨,건설업,전문직별 공사업,중소기업,103.0,서울 서초구,7,2026-08-01 02:44:01
재무건전성,경영혁신형 중소기업(메인비즈),인성개발(주),건설업,전문직별 공사업,중소기업,45.0,,6,2026-08-01 02:44:01
재무건전성,경영혁신형 중소기업(메인비즈),주식회사 솔라엘리베이터,건설업,전문직별 공사업,중소기업,46.0,경기 안양시 동안구,6,2026-08-01 02:44:01
재무건전성,경영혁신형 중소기업(메인비즈),합자회사 보광전기,건설업,전문직별 공사업,중소기업,40.0,대전 동구,6,2026-08-01 02:44:01
재무건전성,경영혁신형 중소기업(메인비즈),한솔엘리베이터 주식회사,건설업,전문직별 공사업,중소기업,27.0,부산 수영구,6,2026-08-01 02:44:01
재무건전성,경영혁신형 중소기업(메인비즈),(주)현우이앤에스,건설업,전문직별 공사업,중소기업,12.0,경기 화성시,6,2026-08-01 02:44:01
재무건전성,경영혁신형 중소기업(메인비즈),(주)우리이앤아이,건설업,전문직별 공사업,중소기업,31.0,경기 남양주시,6,2026-08-01 02:44:01
재무건전성,경영혁신형 중소기업(메인비즈),동원설비(주),건설업,전문직별 공사업,중소기업,31.0,제주 제주시,6,2026-08-01 02:44:01
재무건전성,경영혁신형 중소기업(메인비즈),주식회사 대양이엔씨,건설업,전문직별 공사업,중소기업,36.0,대전 대덕구,5,2026-08-01 02:44:01
재무건전성,경영혁신형 중소기업(메인비즈),에이티에이 주식회사,건설업,전문직별 공사업,중소기업,14.0,충남 논산시,5,2026-08-01 02:44:01
재무건전성,경영혁신형 중소기업(메인비즈),샤프에어테크시스템주식회사,건설업,전문직별 공사업,중소기업,13.0,서울 강동구,5,2026-08-01 02:44:01
재무건전성,경영혁신형 중소기업(메인비즈),주식회사 아텍,건설업,전문직별 공사업,중소기업,26.0,,5,2026-08-01 02:44:01
재무건전성,경영혁신형 중소기업(메인비즈),(주)태평양해양산업,건설업,전문직별 공사업,중소기업,1.0,부산 영도구,5,2026-08-01 02:44:01
재무건전성,경영혁신형 중소기업(메인비즈),(주)두원전기소방,건설업,전문직별 공사업,중소기업,6.0,충북 증평군,5,2026-08-01 02:44:01
재무건전성,경영혁신형 중소기업(메인비즈),인켈전기통신 주식회사,건설업,전문직별 공사업,중소기업,19.0,제주 제주시,5,2026-08-01 02:44:01
재무건전성,경영혁신형 중소기업(메인비즈),주식회사 경일,건설업,전문직별 공사업,중소기업,30.0,전북 군산시,5,2026-08-01 02:44:01
재무건전성,경영혁신형 중소기업(메인비즈),우정설비건설(주),건설업,전문직별 공사업,중소기업,52.0,경기 부천시,5,2026-08-01 02:44:01
재무건전성,경영혁신형 중소기업(메인비즈),(주)수정기업,건설업,전문직별 공사업,중소기업,7.0,경북 안동시,5,2026-08-01 02:44:01
재무건전성,경영혁신형 중소기업(메인비즈),(주)동진산업,건설업,전문직별 공사업,중소기업,4.0,경남 밀양시,5,2026-08-01 02:44:01
재무건전성,경영혁신형 중소기업(메인비즈),(주)은성개발,건설업,전문직별 공사업,중소기업,3.0,경기 김포시,5,2026-08-01 02:44:01
재무건전성,경영혁신형 중소기업(메인비즈),(주)제이씨,건설업,전문직별 공사업,중소기업,,전북 군산시,4,2026-08-01 02:44:01
재무건전성,경영혁신형 중소기업(메인비즈),주식회사 현일이앤씨,건설업,전문직별 공사업,중소기업,19.0,서울 송파구,4,2026-08-01 02:44:01
재무건전성,경영혁신형 중소기업(메인비즈),대신네트웍스(주),건설업,전문직별 공사업,중소기업,142.0,경기 수원시 영통구,4,2026-08-01 02:44:01
재무건전성,경영혁신형 중소기업(메인비즈),(주)기담건설,건설업,전문직별 공사업,중소기업,44.0,서울 송파구,4,2026-08-01 02:44:01
재무건전성,경영혁신형 중소기업(메인비즈),건일정보통신,건설업,전문직별 공사업,중소기업,12.0,전북 전주시 완산구,4,2026-08-01 02:44:01
재무건전성,경영혁신형 중소기업(메인비즈),디지털에어시스템(주),건설업,전문직별 공사업,중소기업,34.0,경기 하남시,4,2026-08-01 02:44:01
재무건전성,경영혁신형 중소기업(메인비즈),(주)환승이엔지,건설업,전문직별 공사업,중소기업,50.0,울산 울주군,4,2026-08-01 02:44:01
재무건전성,경영혁신형 중소기업(메인비즈),(주)이화텔레콤,건설업,전문직별 공사업,중소기업,152.0,서울 마포구,4,2026-08-01 02:44:01
재무건전성,경영혁신형 중소기업(메인비즈),주식회사 쎄임코리아,건설업,전문직별 공사업,중소기업,25.0,대전 유성구,4,2026-08-01 02:44:01
재무건전성,경영혁신형 중소기업(메인비즈),(주)동아티엔씨,건설업,전문직별 공사업,중소기업,4.0,부산 서구,4,2026-08-01 02:44:01
재무건전성,경영혁신형 중소기업(메인비즈),(주)하나전기,건설업,전문직별 공사업,중소기업,54.0,서울 강남구,4,2026-08-01 02:44:01
재무건전성,경영혁신형 중소기업(메인비즈),(주)대청엔지니어링,건설업,전문직별 공사업,중소기업,40.0,대전 유성구,4,2026-08-01 02:44:01
재무건전성,경영혁신형 중소기업(메인비즈),주식회사 유앤테크,건설업,전문직별 공사업,중소기업,25.0,경기 부천시,4,2026-08-01 02:44:01
재무건전성,경영혁신형 중소기업(메인비즈),(주) 물꼬방재기술,건설업,전문직별 공사업,중소기업,9.0,서울 금천구,4,2026-08-01 02:44:01
재무건전성,경영혁신형 중소기업(메인비즈),(주)화신전력,건설업,전문직별 공사업,중소기업,20.0,,4,2026-08-01 02:44:01
재무건전성,경영혁신형 중소기업(메인비즈),주식회사 영진리빙,건설업,전문직별 공사업,중소기업,19.0,경기 여주시,4,2026-08-01 02:44:01
재무건전성,경영혁신형 중소기업(메인비즈),(주)보배이에스씨,건설업,전문직별 공사업,중소기업,12.0,강원 속초시,4,2026-08-01 02:44:01
재무건전성,경영혁신형 중소기업(메인비즈),(주)한라인프라코어,건설업,전문직별 공사업,중소기업,25.0,인천 부평구,4,2026-08-01 02:44:01
재무건전성,경영혁신형 중소기업(메인비즈),(주)코원이엔씨,건설업,전문직별 공사업,중소기업,132.0,충남 당진시,3,2026-08-01 02:44:01
재무건전성,경영혁신형 중소기업(메인비즈),성백산업개발(주),건설업,전문직별 공사업,중소기업,30.0,인천 계양구,3,2026-08-01 02:44:01
재무건전성,경영혁신형 중소기업(메인비즈),(주) 에스아이테크,건설업,전문직별 공사업,중소기업,46.0,충남 당진시,3,2026-08-01 02:44:01
재무건전성,경영혁신형 중소기업(메인비즈),일우건설 주식회사,건설업,전문직별 공사업,중소기업,54.0,서울 강남구,3,2026-08-01 02:44:01
재무건전성,경영혁신형 중소기업(메인비즈),(주)성호넷,건설업,전문직별 공사업,중소기업,41.0,경기 김포시,3,2026-08-01 02:44:01
재무건전성,경영혁신형 중소기업(메인비즈),(주)한글공간,건설업,전문직별 공사업,중소기업,21.0,서울 송파구,3,2026-08-01 02:44:01
재무건전성,경영혁신형 중소기업(메인비즈),(주)피앤케이파워시스,건설업,전문직별 공사업,중소기업,43.0,경기 화성시,3,2026-08-01 02:44:01
재무건전성,경영혁신형 중소기업(메인비즈),주식회사 태민건설,건설업,전문직별 공사업,중소기업,27.0,대전 서구,3,2026-08-01 02:44:01
재무건전성,경영혁신형 중소기업(메인비즈),에이빗코리아 주식회사,건설업,전문직별 공사업,중소기업,10.0,충북 충주시,3,2026-08-01 02:44:01
재무건전성,경영혁신형 중소기업(메인비즈),(주)진성방재,건설업,전문직별 공사업,중소기업,37.0,경기 의정부시,3,2026-08-01 02:44:01
재무건전성,경영혁신형 중소기업(메인비즈),(주)조풍건설,건설업,전문직별 공사업,중소기업,29.0,전북 군산시,2,2026-08-01 02:44:01
재무건전성,경영혁신형 중소기업(메인비즈),(주)에스앤씨텍,건설업,전문직별 공사업,중소기업,20.0,강원 춘천시,2,2026-08-01 02:44:01
재무건전성,경영혁신형 중소기업(메인비즈),금강유리(주),건설업,전문직별 공사업,중소기업,29.0,충북 음성군,2,2026-08-01 02:44:01
재무건전성,경영혁신형 중소기업(메인비즈),주식회사 금성에이브이,건설업,전문직별 공사업,중소기업,15.0,충북 충주시,2,2026-08-01 02:44:01
재무건전성,경영혁신형 중소기업(메인비즈),(주)텍코,건설업,전문직별 공사업,중소기업,17.0,경기 안산시 상록구,2,2026-08-01 02:44:01
재무건전성,경영혁신형 중소기업(메인비즈),(유) 신성공조시스템,건설업,전문직별 공사업,중소기업,11.0,전북 전주시 완산구,2,2026-08-01 02:44:01
재무건전성,경영혁신형 중소기업(메인비즈),조은엔지니어링 주식회사,건설업,전문직별 공사업,중소기업,,강원 원주시,2,2026-08-01 02:44:01
재무건전성,경영혁신형 중소기업(메인비즈),(주)한결아이앤씨,건설업,전문직별 공사업,중소기업,11.0,경기 화성시,2,2026-08-01 02:44:01
재무건전성,경영혁신형 중소기업(메인비즈),(주)에스티엔비,건설업,전문직별 공사업,중소기업,24.0,경기 안양시 동안구,2,2026-08-01 02:44:01
재무건전성,경영혁신형 중소기업(메인비즈),(주)시지산업,건설업,전문직별 공사업,중소기업,30.0,,2,2026-08-01 02:44:01
재무건전성,경영혁신형 중소기업(메인비즈),(주)프라임엔시스템,건설업,전문직별 공사업,중소기업,188.0,서울 구로구,2,2026-08-01 02:44:01
재무건전성,경영혁신형 중소기업(메인비즈),쿱엘리베이터주식회사,건설업,전문직별 공사업,중소기업,41.0,강원 원주시,2,2026-08-01 02:44:01
재무건전성,경영혁신형 중소기업(메인비즈),리맥스개발(주),건설업,전문직별 공사업,중소기업,34.0,경기 안양시 동안구,2,2026-08-01 02:44:01
재무건전성,경영혁신형 중소기업(메인비즈),대영이앤디(주),건설업,전문직별 공사업,중소기업,37.0,서울 송파구,1,2026-08-01 02:44:01
재무건전성,경영혁신형 중소기업(메인비즈),엠에이산업(주),건설업,전문직별 공사업,중소기업,9.0,인천 부평구,1,2026-08-01 02:44:01
재무건전성,경영혁신형 중소기업(메인비즈),(주)다리온,건설업,전문직별 공사업,중소기업,83.0,경기 성남시 분당구,1,2026-08-01 02:44:01
재무건전성,경영혁신형 중소기업(메인비즈),(주)정인,건설업,전문직별 공사업,중소기업,8.0,충북 음성군,1,2026-08-01 02:44:01
재무건전성,경영혁신형 중소기업(메인비즈),공조기특판산업(주),건설업,전문직별 공사업,중소기업,14.0,인천 연수구,1,2026-08-01 02:44:01
재무건전성,경영혁신형 중소기업(메인비즈),금산소방방재(주),건설업,전문직별 공사업,중소기업,,충남 금산군,1,2026-08-01 02:44:01
재무건전성,경영혁신형 중소기업(메인비즈),주식회사 웅인,건설업,전문직별 공사업,중소기업,3.0,강원 인제군,0,2026-08-01 02:44:01
재무건전성,경영혁신형 중소기업(메인비즈),재우이엔지(주),건설업,전문직별 공사업,중소기업,30.0,인천 미추홀구,0,2026-08-01 02:44:01
재무건전성,경영혁신형 중소기업(메인비즈),주식회사신영이엔지,건설업,전문직별 공사업,중소기업,19.0,충남 당진시,0,2026-08-01 02:44:01
재무건전성,경영혁신형 중소기업(메인비즈),주식회사 휴메인텍,건설업,전문직별 공사업,,,경남 창원시 성산구,0,2026-08-01 02:44:01
재무건전성,경영혁신형 중소기업(메인비즈),(주)이웨이,건설업,전문직별 공사업,중소기업,93.0,서울 강남구,0,2026-08-01 02:44:01
재무건전성,경영혁신형 중소기업(메인비즈),주식회사 미담,건설업,전문직별 공사업,중소기업,24.0,서울 강서구,0,2026-08-01 02:44:01
재무건전성,경영혁신형 중소기업(메인비즈),(주)다음정보기술,건설업,전문직별 공사업,,,서울 관악구,0,2026-08-01 02:44:01
재무건전성,경영혁신형 중소기업(메인비즈),(주)구디자인,건설업,전문직별 공사업,,,서울 강남구,0,2026-08-01 02:44:01
재무건전성,경영혁신형 중소기업(메인비즈),애니콤정보통신(주),건설업,전문직별 공사업,중소기업,71.0,경기 안양시 동안구,0,2026-08-01 02:44:01
재무건전성,경영혁신형 중소기업(메인비즈),태극IBA(주),건설업,전문직별 공사업,,,경기 성남시 분당구,0,2026-08-01 02:44:01
재무건전성,경영혁신형 중소기업(메인비즈),(주)한산타워,건설업,전문직별 공사업,중소기업,33.0,서울 강서구,0,2026-08-01 02:44:01
재무건전성,경영혁신형 중소기업(메인비즈),주식회사 라온디앤지,건설업,전문직별 공사업,중소기업,23.0,서울 동대문구,0,2026-08-01 02:44:01
재무건전성,경영혁신형 중소기업(메인비즈),주식회사 문건축,건설업,전문직별 공사업,,,서울 강남구,0,2026-08-01 02:44:01
재무건전성,경영혁신형 중소기업(메인비즈),이지원(Easy ONE),건설업,전문직별 공사업,중소기업,9.0,울산 울주군,0,2026-08-01 02:44:01
재무건전성,경영혁신형 중소기업(메인비즈),(주)대건이엔씨,건설업,전문직별 공사업,중소기업,35.0,서울 성북구,0,2026-08-01 02:44:01
재무건전성,경영혁신형 중소기업(메인비즈),주식회사 시스텍,건설업,전문직별 공사업,,,경기 화성시,0,2026-08-01 02:44:01
재무건전성,경영혁신형 중소기업(메인비즈),주식회사 아트원,건설업,전문직별 공사업,,,경기 고양시 일산동구,0,2026-08-01 02:44:01
재무건전성,경영혁신형 중소기업(메인비즈),일메테크(주),건설업,전문직별 공사업,,,경기 수원시 영통구,0,2026-08-01 02:44:01
재무건전성,경영혁신형 중소기업(메인비즈),동진아이디(주),건설업,전문직별 공사업,중소기업,8.0,경남 김해시,0,2026-08-01 02:44:01
재무건전성,경영혁신형 중소기업(메인비즈),주식회사 비젼엔텍,건설업,전문직별 공사업,중소기업,11.0,서울 금천구,0,2026-08-01 02:44:01
재무건전성,경영혁신형 중소기업(메인비즈),(주)베스코,건설업,전문직별 공사업,중소기업,38.0,,0,2026-08-01 02:44:01
재무건전성,경영혁신형 중소기업(메인비즈),(주)아트윈인터내셔날,건설업,전문직별 공사업,중소기업,13.0,서울 강남구,0,2026-08-01 02:44:01
재무건전성,경영혁신형 중소기업(메인비즈),(주)한창테크,건설업,전문직별 공사업,,,경남 창원시 진해구,0,2026-08-01 02:44:01
재무건전성,경영혁신형 중소기업(메인비즈),공조기산업(주),건설업,전문직별 공사업,중소기업,20.0,경기 고양시 일산동구,0,2026-08-01 02:44:01
재무건전성,경영혁신형 중소기업(메인비즈),메가이엔씨,건설업,전문직별 공사업,중소기업,7.0,충북 보은군,0,2026-08-01 02:44:01
재무건전성,경영혁신형 중소기업(메인비즈),(유)세진공영,건설업,전문직별 공사업,중소기업,10.0,,0,2026-08-01 02:44:01
재무건전성,경영혁신형 중소기업(메인비즈),(주)제일건설창호,건설업,전문직별 공사업,중소기업,15.0,서울 강서구,0,2026-08-01 02:44:01
재무건전성,경영혁신형 중소기업(메인비즈),마린전자상사,건설업,전문직별 공사업,,,부산 동구,0,2026-08-01 02:44:01
재무건전성,경영혁신형 중소기업(메인비즈),(유)우경에너텍,건설업,전문직별 공사업,,,전북 완주군,0,2026-08-01 02:44:01
재무건전성,경영혁신형 중소기업(메인비즈),주식회사 다인에스앤디,건설업,전문직별 공사업,,,서울 마포구,0,2026-08-01 02:44:01
재무건전성,경영혁신형 중소기업(메인비즈),(주)키예노,건설업,전문직별 공사업,중소기업,101.0,서울 강남구,0,2026-08-01 02:44:01
재무건전성,경영혁신형 중소기업(메인비즈),(주)세웅정보통신,건설업,전문직별 공사업,,,서울 영등포구,0,2026-08-01 02:44:01
재무건전성,경영혁신형 중소기업(메인비즈),은하수산업주식회사,건설업,전문직별 공사업,,,서울 동대문구,0,2026-08-01 02:44:01
재무건전성,경영혁신형 중소기업(메인비즈),(유)기흥모터스,도매 및 소매업,자동차 및 부품 판매업,중소기업,177.0,서울 용산구,27,2026-08-01 02:44:01
재무건전성,경영혁신형 중소기업(메인비즈),강원부품주식회사,도매 및 소매업,자동차 및 부품 판매업,중소기업,28.0,강원 원주시,20,2026-08-01 02:44:01
재무건전성,경영혁신형 중소기업(메인비즈),(주)성우엠아이피,도매 및 소매업,자동차 및 부품 판매업,중소기업,21.0,경기 김포시,18,2026-08-01 02:44:01
재무건전성,경영혁신형 중소기업(메인비즈),(주)지에스교역,도매 및 소매업,자동차 및 부품 판매업,중소기업,30.0,서울 강남구,14,2026-08-01 02:44:01
재무건전성,경영혁신형 중소기업(메인비즈),와이엠렉서스 주식회사,도매 및 소매업,자동차 및 부품 판매업,중소기업,106.0,대구 수성구,13,2026-08-01 02:44:01
재무건전성,경영혁신형 중소기업(메인비즈),(주)파츠몰,도매 및 소매업,자동차 및 부품 판매업,중소기업,35.0,경기 고양시 일산동구,12,2026-08-01 02:44:01
재무건전성,경영혁신형 중소기업(메인비즈),(주)가빈,도매 및 소매업,자동차 및 부품 판매업,중소기업,50.0,경기 하남시,10,2026-08-01 02:44:01
재무건전성,경영혁신형 중소기업(메인비즈),(주)현대통상,도매 및 소매업,자동차 및 부품 판매업,중소기업,21.0,경북 경산시,9,2026-08-01 02:44:01
재무건전성,경영혁신형 중소기업(메인비즈),우신유리(주),도매 및 소매업,자동차 및 부품 판매업,중소기업,11.0,부산 강서구,7,2026-08-01 02:44:01
재무건전성,경영혁신형 중소기업(메인비즈),고려부품(주),도매 및 소매업,자동차 및 부품 판매업,중소기업,27.0,경기 안양시 만안구,7,2026-08-01 02:44:01
재무건전성,경영혁신형 중소기업(메인비즈),(주)스즈키씨엠씨,도매 및 소매업,자동차 및 부품 판매업,중소기업,17.0,경기 광주시,6,2026-08-01 02:44:01
재무건전성,경영혁신형 중소기업(메인비즈),(주)밀알제이앤피,도매 및 소매업,자동차 및 부품 판매업,중소기업,15.0,경기 파주시,2,2026-08-01 02:44:01
재무건전성,경영혁신형 중소기업(메인비즈),불스원서비스 주식회사,도매 및 소매업,자동차 및 부품 판매업,중소기업,119.0,서울 강남구,1,2026-08-01 02:44:01
재무건전성,경영혁신형 중소기업(메인비즈),진영부품판매(주),도매 및 소매업,자동차 및 부품 판매업,중소기업,15.0,경기 포천시,0,2026-08-01 02:44:01
재무건전성,경영혁신형 중소기업(메인비즈),엠에스센타(주),도매 및 소매업,자동차 및 부품 판매업,중소기업,14.0,울산 울주군,0,2026-08-01 02:44:01
재무건전성,경영혁신형 중소기업(메인비즈),(주)해피카메니아,도매 및 소매업,자동차 및 부품 판매업,중소기업,32.0,서울 영등포구,0,2026-08-01 02:44:01
재무건전성,경영혁신형 중소기업(메인비즈),주식회사 가람비엔에프,도매 및 소매업,도매 및 상품 중개업,중소기업,17.0,경남 김해시,147,2026-08-01 02:44:01
재무건전성,경영혁신형 중소기업(메인비즈),(주)신우그린,도매 및 소매업,도매 및 상품 중개업,중소기업,46.0,경기 용인시 처인구,106,2026-08-01 02:44:01
재무건전성,경영혁신형 중소기업(메인비즈),(주)재호식품,도매 및 소매업,도매 및 상품 중개업,중소기업,92.0,부산 사하구,102,2026-08-01 02:44:01
재무건전성,경영혁신형 중소기업(메인비즈),주식회사 비제이무역,도매 및 소매업,도매 및 상품 중개업,중소기업,60.0,,87,2026-08-01 02:44:01
재무건전성,경영혁신형 중소기업(메인비즈),(주)삼마,도매 및 소매업,도매 및 상품 중개업,중소기업,52.0,경기 화성시,84,2026-08-01 02:44:01
재무건전성,경영혁신형 중소기업(메인비즈),(자)세진밀레니엄,도매 및 소매업,도매 및 상품 중개업,중소기업,75.0,대전 유성구,69,2026-08-01 02:44:01
재무건전성,경영혁신형 중소기업(메인비즈),(주) 신덕팜,도매 및 소매업,도매 및 상품 중개업,중견기업,95.0,경기 용인시 수지구,62,2026-08-01 02:44:01
재무건전성,경영혁신형 중소기업(메인비즈),(주)보라테크,도매 및 소매업,도매 및 상품 중개업,중소기업,45.0,경기 용인시 처인구,57,2026-08-01 02:44:01
재무건전성,경영혁신형 중소기업(메인비즈),태광물산(주),도매 및 소매업,도매 및 상품 중개업,중소기업,51.0,부산 연제구,57,2026-08-01 02:44:01
재무건전성,경영혁신형 중소기업(메인비즈),(주)상진,도매 및 소매업,도매 및 상품 중개업,중소기업,20.0,부산 기장군,56,2026-08-01 02:44:01
재무건전성,경영혁신형 중소기업(메인비즈),(주)디와이(DY)특강,도매 및 소매업,도매 및 상품 중개업,중소기업,18.0,대구 북구,53,2026-08-01 02:44:01
재무건전성,경영혁신형 중소기업(메인비즈),(주)성유상사,도매 및 소매업,도매 및 상품 중개업,중소기업,33.0,서울 영등포구,53,2026-08-01 02:44:01
재무건전성,경영혁신형 중소기업(메인비즈),(주)에이원서울유통,도매 및 소매업,도매 및 상품 중개업,중소기업,5.0,경기 용인시 처인구,53,2026-08-01 02:44:01
재무건전성,경영혁신형 중소기업(메인비즈),경일약품(주),도매 및 소매업,도매 및 상품 중개업,중소기업,36.0,대구 수성구,50,2026-08-01 02:44:01
재무건전성,경영혁신형 중소기업(메인비즈),주식회사 센텀메디팜,도매 및 소매업,도매 및 상품 중개업,중소기업,25.0,부산 동래구,48,2026-08-01 02:44:01
재무건전성,경영혁신형 중소기업(메인비즈),대한판촉 주식회사,도매 및 소매업,도매 및 상품 중개업,중소기업,20.0,대구 수성구,48,2026-08-01 02:44:01
재무건전성,경영혁신형 중소기업(메인비즈),주식회사 파텍,도매 및 소매업,도매 및 상품 중개업,중소기업,38.0,충남 당진시,47,2026-08-01 02:44:01
재무건전성,경영혁신형 중소기업(메인비즈),(주)탑스코영남,도매 및 소매업,도매 및 상품 중개업,중소기업,32.0,대구 북구,45,2026-08-01 02:44:01
재무건전성,경영혁신형 중소기업(메인비즈),주식회사 진우식품,도매 및 소매업,도매 및 상품 중개업,중소기업,12.0,대구 동구,44,2026-08-01 02:44:01
재무건전성,경영혁신형 중소기업(메인비즈),카피어랜드주식회사,도매 및 소매업,도매 및 상품 중개업,중소기업,92.0,경기 파주시,42,2026-08-01 02:44:01
재무건전성,경영혁신형 중소기업(메인비즈),주식회사 티앤아이,도매 및 소매업,도매 및 상품 중개업,중소기업,107.0,경기 남양주시,40,2026-08-01 02:44:01
재무건전성,경영혁신형 중소기업(메인비즈),미래약품주식회사,도매 및 소매업,도매 및 상품 중개업,중소기업,19.0,전북 전주시 덕진구,39,2026-08-01 02:44:01
재무건전성,경영혁신형 중소기업(메인비즈),주식회사 페이퍼먼츠,도매 및 소매업,도매 및 상품 중개업,중소기업,9.0,경기 부천시,39,2026-08-01 02:44:01
재무건전성,경영혁신형 중소기업(메인비즈),주식회사 파니프랜즈,도매 및 소매업,도매 및 상품 중개업,중소기업,38.0,전북 군산시,39,2026-08-01 02:44:01
재무건전성,경영혁신형 중소기업(메인비즈),주식회사 케이앤에스,도매 및 소매업,도매 및 상품 중개업,중소기업,10.0,경기 화성시,39,2026-08-01 02:44:01
재무건전성,경영혁신형 중소기업(메인비즈),(주)한국커피물류,도매 및 소매업,도매 및 상품 중개업,중소기업,13.0,,37,2026-08-01 02:44:01
재무건전성,경영혁신형 중소기업(메인비즈),(주)비즈메디코리아,도매 및 소매업,도매 및 상품 중개업,중소기업,56.0,경기 고양시 덕양구,36,2026-08-01 02:44:01
재무건전성,경영혁신형 중소기업(메인비즈),선우철강(주),도매 및 소매업,도매 및 상품 중개업,중소기업,27.0,,35,2026-08-01 02:44:01
재무건전성,경영혁신형 중소기업(메인비즈),(주)엠비에프,도매 및 소매업,도매 및 상품 중개업,중소기업,7.0,서울 용산구,35,2026-08-01 02:44:01
재무건전성,경영혁신형 중소기업(메인비즈),삼원에스티에스(주),도매 및 소매업,도매 및 상품 중개업,중소기업,25.0,,34,2026-08-01 02:44:01
재무건전성,경영혁신형 중소기업(메인비즈),성림글로벌(주),도매 및 소매업,도매 및 상품 중개업,중소기업,20.0,부산 중구,34,2026-08-01 02:44:01
재무건전성,경영혁신형 중소기업(메인비즈),주식회사 에이치알엠,도매 및 소매업,도매 및 상품 중개업,중소기업,74.0,경기 고양시 일산서구,33,2026-08-01 02:44:01
재무건전성,경영혁신형 중소기업(메인비즈),주식회사 주일,도매 및 소매업,도매 및 상품 중개업,중소기업,43.0,경기 광주시,33,2026-08-01 02:44:01
재무건전성,경영혁신형 중소기업(메인비즈),동방페이퍼주식회사,도매 및 소매업,도매 및 상품 중개업,중소기업,43.0,경기 고양시 일산동구,33,2026-08-01 02:44:01
재무건전성,경영혁신형 중소기업(메인비즈),금성식품 주식회사,도매 및 소매업,도매 및 상품 중개업,중소기업,10.0,,32,2026-08-01 02:44:01
재무건전성,경영혁신형 중소기업(메인비즈),성충문구(상사),도매 및 소매업,도매 및 상품 중개업,중소기업,,충북 충주시,32,2026-08-01 02:44:01
재무건전성,경영혁신형 중소기업(메인비즈),(주)천부수산,도매 및 소매업,도매 및 상품 중개업,중소기업,17.0,부산 강서구,32,2026-08-01 02:44:01
재무건전성,경영혁신형 중소기업(메인비즈),(주)정채움,도매 및 소매업,도매 및 상품 중개업,중소기업,15.0,대전 유성구,31,2026-08-01 02:44:01
재무건전성,경영혁신형 중소기업(메인비즈),주시회사 더꽃게,도매 및 소매업,도매 및 상품 중개업,중소기업,21.0,인천 계양구,31,2026-08-01 02:44:01
재무건전성,경영혁신형 중소기업(메인비즈),(주)이노베이션메디칼팜,도매 및 소매업,도매 및 상품 중개업,중소기업,37.0,경기 시흥시,30,2026-08-01 02:44:01
재무건전성,경영혁신형 중소기업(메인비즈),주식회사 피쉬데이,도매 및 소매업,도매 및 상품 중개업,중소기업,18.0,,30,2026-08-01 02:44:01
재무건전성,경영혁신형 중소기업(메인비즈),주식회사 보금푸드,도매 및 소매업,도매 및 상품 중개업,중소기업,,대구 달성군,30,2026-08-01 02:44:01
재무건전성,경영혁신형 중소기업(메인비즈),(주)세우루브,도매 및 소매업,도매 및 상품 중개업,중소기업,10.0,부산 강서구,30,2026-08-01 02:44:01
재무건전성,경영혁신형 중소기업(메인비즈),(주)보성스톤,도매 및 소매업,도매 및 상품 중개업,중소기업,25.0,,29,2026-08-01 02:44:01
재무건전성,경영혁신형 중소기업(메인비즈),(주)케이디팜,도매 및 소매업,도매 및 상품 중개업,중소기업,10.0,경기 시흥시,28,2026-08-01 02:44:01
재무건전성,경영혁신형 중소기업(메인비즈),농업회사법인(주)하나로엘피씨,도매 및 소매업,도매 및 상품 중개업,중소기업,41.0,경기 평택시,28,2026-08-01 02:44:01
재무건전성,경영혁신형 중소기업(메인비즈),주식회사 에이치앤철강,도매 및 소매업,도매 및 상품 중개업,중소기업,9.0,,28,2026-08-01 02:44:01
재무건전성,경영혁신형 중소기업(메인비즈),(주)한국가스산업,도매 및 소매업,도매 및 상품 중개업,중소기업,33.0,경기 양주시,28,2026-08-01 02:44:01
재무건전성,경영혁신형 중소기업(메인비즈),주식회사삼원,도매 및 소매업,도매 및 상품 중개업,중소기업,45.0,경기 남양주시,27,2026-08-01 02:44:01
재무건전성,경영혁신형 중소기업(메인비즈),(주)에스티팜,도매 및 소매업,도매 및 상품 중개업,중소기업,,부산 동래구,27,2026-08-01 02:44:01
재무건전성,경영혁신형 중소기업(메인비즈),(주)위너스오토메이션,도매 및 소매업,도매 및 상품 중개업,중소기업,71.0,경기 수원시 권선구,27,2026-08-01 02:44:01
재무건전성,경영혁신형 중소기업(메인비즈),(주) 화정산전,도매 및 소매업,도매 및 상품 중개업,중소기업,27.0,경기 남양주시,27,2026-08-01 02:44:01
재무건전성,경영혁신형 중소기업(메인비즈),녹원메디칼주식회사,도매 및 소매업,도매 및 상품 중개업,중소기업,43.0,전북 전주시 완산구,27,2026-08-01 02:44:01
재무건전성,경영혁신형 중소기업(메인비즈),주식회사 아이에스텍,도매 및 소매업,도매 및 상품 중개업,중소기업,12.0,서울 성동구,27,2026-08-01 02:44:01
재무건전성,경영혁신형 중소기업(메인비즈),주식회사퓨쳐아이티,도매 및 소매업,도매 및 상품 중개업,중소기업,12.0,서울 서초구,27,2026-08-01 02:44:01
재무건전성,경영혁신형 중소기업(메인비즈),"주식회사피앤엘(PNL Co., Ltd)",도매 및 소매업,도매 및 상품 중개업,중소기업,,경기 고양시 일산동구,26,2026-08-01 02:44:01
재무건전성,경영혁신형 중소기업(메인비즈),(주)브레드가든,도매 및 소매업,도매 및 상품 중개업,중소기업,41.0,서울 서초구,26,2026-08-01 02:44:01
재무건전성,경영혁신형 중소기업(메인비즈),동양약품(주),도매 및 소매업,도매 및 상품 중개업,중소기업,17.0,강원 원주시,26,2026-08-01 02:44:01
재무건전성,경영혁신형 중소기업(메인비즈),(주)세종넷피아,도매 및 소매업,도매 및 상품 중개업,중소기업,17.0,서울 금천구,26,2026-08-01 02:44:01
재무건전성,경영혁신형 중소기업(메인비즈),주식회사 세종메딕스,도매 및 소매업,도매 및 상품 중개업,중소기업,52.0,서울 송파구,26,2026-08-01 02:44:01
재무건전성,경영혁신형 중소기업(메인비즈),두성철강산업(주),도매 및 소매업,도매 및 상품 중개업,중소기업,39.0,대전 대덕구,26,2026-08-01 02:44:01
재무건전성,경영혁신형 중소기업(메인비즈),(주) 김천베아링,도매 및 소매업,도매 및 상품 중개업,중소기업,24.0,부산 사상구,25,2026-08-01 02:44:01
재무건전성,경영혁신형 중소기업(메인비즈),주식회사 미래종합아울렛물류,도매 및 소매업,도매 및 상품 중개업,중소기업,57.0,경기 안산시 상록구,25,2026-08-01 02:44:01
재무건전성,경영혁신형 중소기업(메인비즈),주식회사 유앤아이원,도매 및 소매업,도매 및 상품 중개업,중소기업,14.0,경기 고양시 일산동구,25,2026-08-01 02:44:01
재무건전성,경영혁신형 중소기업(메인비즈),주식회사 대일양행,도매 및 소매업,도매 및 상품 중개업,중견기업,39.0,경기 수원시 영통구,24,2026-08-01 02:44:01
재무건전성,경영혁신형 중소기업(메인비즈),(주)NKG,도매 및 소매업,도매 및 상품 중개업,중소기업,18.0,,24,2026-08-01 02:44:01
재무건전성,경영혁신형 중소기업(메인비즈),농업회사법인 가양식품(주),도매 및 소매업,도매 및 상품 중개업,중소기업,5.0,경기 구리시,24,2026-08-01 02:44:01
재무건전성,경영혁신형 중소기업(메인비즈),비타민하우스(주),도매 및 소매업,도매 및 상품 중개업,중소기업,32.0,,24,2026-08-01 02:44:01
재무건전성,경영혁신형 중소기업(메인비즈),(주)삼지페이퍼,도매 및 소매업,도매 및 상품 중개업,중소기업,33.0,부산 사상구,24,2026-08-01 02:44:01
재무건전성,경영혁신형 중소기업(메인비즈),대림항업주식회사,도매 및 소매업,도매 및 상품 중개업,중소기업,27.0,울산 남구,24,2026-08-01 02:44:01
재무건전성,경영혁신형 중소기업(메인비즈),주식회사 올찬드림,도매 및 소매업,도매 및 상품 중개업,중소기업,8.0,인천 계양구,24,2026-08-01 02:44:01
재무건전성,경영혁신형 중소기업(메인비즈),대구농산주식회사,도매 및 소매업,도매 및 상품 중개업,중견기업,107.0,경북 경주시,24,2026-08-01 02:44:01
재무건전성,경영혁신형 중소기업(메인비즈),(주)미래전자,도매 및 소매업,도매 및 상품 중개업,중소기업,17.0,경남 김해시,24,2026-08-01 02:44:01
재무건전성,경영혁신형 중소기업(메인비즈),(주)수이케이,도매 및 소매업,도매 및 상품 중개업,중소기업,44.0,경기 성남시 중원구,23,2026-08-01 02:44:01
재무건전성,경영혁신형 중소기업(메인비즈),(주)진약품,도매 및 소매업,도매 및 상품 중개업,중소기업,13.0,전북 전주시 완산구,23,2026-08-01 02:44:01
재무건전성,경영혁신형 중소기업(메인비즈),주식회사 챔버,도매 및 소매업,도매 및 상품 중개업,중소기업,29.0,경기 화성시,23,2026-08-01 02:44:01
재무건전성,경영혁신형 중소기업(메인비즈),(주)동진팜,도매 및 소매업,도매 및 상품 중개업,중소기업,44.0,인천 부평구,23,2026-08-01 02:44:01
재무건전성,경영혁신형 중소기업(메인비즈),농업회사법인주식회사대영,도매 및 소매업,도매 및 상품 중개업,중소기업,17.0,제주 서귀포시,22,2026-08-01 02:44:01
재무건전성,경영혁신형 중소기업(메인비즈),국제티에스(주),도매 및 소매업,도매 및 상품 중개업,중소기업,16.0,경기 고양시 덕양구,22,2026-08-01 02:44:01
재무건전성,경영혁신형 중소기업(메인비즈),주식회사 씨앤씨,도매 및 소매업,도매 및 상품 중개업,중소기업,53.0,충북 청주시 흥덕구,22,2026-08-01 02:44:01
재무건전성,경영혁신형 중소기업(메인비즈),(주)그린스토어,도매 및 소매업,도매 및 상품 중개업,중소기업,144.0,경기 성남시 분당구,21,2026-08-01 02:44:01
재무건전성,경영혁신형 중소기업(메인비즈),대림석유 주식회사,도매 및 소매업,도매 및 상품 중개업,중소기업,23.0,전북 완주군,21,2026-08-01 02:44:01
재무건전성,경영혁신형 중소기업(메인비즈),(주)대동팜,도매 및 소매업,도매 및 상품 중개업,중소기업,22.0,경북 안동시,21,2026-08-01 02:44:01
재무건전성,경영혁신형 중소기업(메인비즈),주식회사 충남유통,도매 및 소매업,도매 및 상품 중개업,중소기업,53.0,충남 서산시,21,2026-08-01 02:44:01
재무건전성,경영혁신형 중소기업(메인비즈),디앤이(주),도매 및 소매업,도매 및 상품 중개업,중소기업,35.0,서울 중구,21,2026-08-01 02:44:01
재무건전성,경영혁신형 중소기업(메인비즈),주식회사 무등방화문,도매 및 소매업,도매 및 상품 중개업,중소기업,17.0,,21,2026-08-01 02:44:01
재무건전성,경영혁신형 중소기업(메인비즈),(주)중앙에너지산업,도매 및 소매업,도매 및 상품 중개업,중소기업,16.0,강원 춘천시,21,2026-08-01 02:44:01
재무건전성,경영혁신형 중소기업(메인비즈),주식회사 동그랑,도매 및 소매업,도매 및 상품 중개업,중소기업,61.0,대전 대덕구,20,2026-08-01 02:44:01
재무건전성,경영혁신형 중소기업(메인비즈),(주)서린씨앤아이,도매 및 소매업,도매 및 상품 중개업,중소기업,29.0,서울 용산구,20,2026-08-01 02:44:01
재무건전성,경영혁신형 중소기업(메인비즈),주식회사 삼성이엔지,도매 및 소매업,도매 및 상품 중개업,중소기업,5.0,충남 아산시,20,2026-08-01 02:44:01
재무건전성,경영혁신형 중소기업(메인비즈),(주)광주지오팜,도매 및 소매업,도매 및 상품 중개업,중견기업,57.0,,20,2026-08-01 02:44:01
재무건전성,경영혁신형 중소기업(메인비즈),한솔유화(주),도매 및 소매업,도매 및 상품 중개업,중소기업,81.0,경남 김해시,20,2026-08-01 02:44:01
재무건전성,경영혁신형 중소기업(메인비즈),(주)실리콘투,도매 및 소매업,도매 및 상품 중개업,중견기업,314.0,경기 성남시 분당구,19,2026-08-01 02:44:01
재무건전성,경영혁신형 중소기업(메인비즈),에이스툴주식회사,도매 및 소매업,도매 및 상품 중개업,중소기업,43.0,대구 북구,19,2026-08-01 02:44:01
재무건전성,경영혁신형 중소기업(메인비즈),거승철강(주),도매 및 소매업,도매 및 상품 중개업,중소기업,25.0,,19,2026-08-01 02:44:01
재무건전성,경영혁신형 중소기업(메인비즈),한국카드시스템주식회사,도매 및 소매업,도매 및 상품 중개업,중소기업,24.0,대구 수성구,19,2026-08-01 02:44:01
재무건전성,경영혁신형 중소기업(메인비즈),(주)코르피아,도매 및 소매업,도매 및 상품 중개업,중소기업,11.0,경기 시흥시,19,2026-08-01 02:44:01
재무건전성,경영혁신형 중소기업(메인비즈),(주)스피드썬,도매 및 소매업,도매 및 상품 중개업,중소기업,12.0,서울 용산구,18,2026-08-01 02:44:01
재무건전성,경영혁신형 중소기업(메인비즈),신광약품(주),도매 및 소매업,도매 및 상품 중개업,중소기업,49.0,,18,2026-08-01 02:44:01
재무건전성,경영혁신형 중소기업(메인비즈),(주)삼한공조시스템,도매 및 소매업,도매 및 상품 중개업,중소기업,22.0,서울 서초구,18,2026-08-01 02:44:01
재무건전성,경영혁신형 중소기업(메인비즈),전주약품 주식회사,도매 및 소매업,도매 및 상품 중개업,중소기업,16.0,전북 전주시 완산구,18,2026-08-01 02:44:01
재무건전성,경영혁신형 중소기업(메인비즈),주식회사 제농에스앤티 농업회사법인,도매 및 소매업,도매 및 상품 중개업,중소기업,152.0,제주 제주시,17,2026-08-01 02:44:01
재무건전성,경영혁신형 중소기업(메인비즈),주식회사 케어핏,도매 및 소매업,도매 및 상품 중개업,중소기업,20.0,서울 관악구,17,2026-08-01 02:44:01
재무건전성,경영혁신형 중소기업(메인비즈),주식회사 경덕농수산,도매 및 소매업,도매 및 상품 중개업,중소기업,15.0,,17,2026-08-01 02:44:01
재무건전성,경영혁신형 중소기업(메인비즈),(주)케이에이치전자,도매 및 소매업,도매 및 상품 중개업,중소기업,17.0,대전 유성구,16,2026-08-01 02:44:01
재무건전성,경영혁신형 중소기업(메인비즈),주식회사 동부약품,도매 및 소매업,도매 및 상품 중개업,중소기업,11.0,인천 부평구,16,2026-08-01 02:44:01
재무건전성,경영혁신형 중소기업(메인비즈),(주)태향,도매 및 소매업,도매 및 상품 중개업,중소기업,50.0,경기 포천시,16,2026-08-01 02:44:01
재무건전성,경영혁신형 중소기업(메인비즈),(주)비엠에스글로벌,도매 및 소매업,도매 및 상품 중개업,중소기업,21.0,경기 광주시,16,2026-08-01 02:44:01
재무건전성,경영혁신형 중소기업(메인비즈),(주)912엔터테인먼트,도매 및 소매업,도매 및 상품 중개업,중소기업,15.0,경기 고양시 일산서구,16,2026-08-01 02:44:01
재무건전성,경영혁신형 중소기업(메인비즈),주식회사 준성약품,도매 및 소매업,도매 및 상품 중개업,중소기업,39.0,서울 송파구,16,2026-08-01 02:44:01
재무건전성,경영혁신형 중소기업(메인비즈),(주)호남약품,도매 및 소매업,도매 및 상품 중개업,중소기업,24.0,,16,2026-08-01 02:44:01
재무건전성,경영혁신형 중소기업(메인비즈),우보케미칼 (주),도매 및 소매업,도매 및 상품 중개업,중소기업,17.0,서울 강남구,16,2026-08-01 02:44:01
재무건전성,경영혁신형 중소기업(메인비즈),주식회사 서은에프에이,도매 및 소매업,도매 및 상품 중개업,중소기업,20.0,경기 시흥시,16,2026-08-01 02:44:01
재무건전성,경영혁신형 중소기업(메인비즈),(주)신창약품,도매 및 소매업,도매 및 상품 중개업,중소기업,41.0,서울 영등포구,16,2026-08-01 02:44:01
재무건전성,경영혁신형 중소기업(메인비즈),제주비케이(주),도매 및 소매업,도매 및 상품 중개업,중견기업,42.0,제주 제주시,15,2026-08-01 02:44:01
재무건전성,경영혁신형 중소기업(메인비즈),주식회사미광축산,도매 및 소매업,도매 및 상품 중개업,중소기업,,경북 구미시,15,2026-08-01 02:44:01
재무건전성,경영혁신형 중소기업(메인비즈),(주) 대동철강,도매 및 소매업,도매 및 상품 중개업,중소기업,62.0,전북 익산시,15,2026-08-01 02:44:01
재무건전성,경영혁신형 중소기업(메인비즈),(주)동아,도매 및 소매업,도매 및 상품 중개업,중소기업,20.0,부산 사상구,15,2026-08-01 02:44:01
재무건전성,경영혁신형 중소기업(메인비즈),(주)호원기업,도매 및 소매업,도매 및 상품 중개업,중소기업,8.0,,15,2026-08-01 02:44:01
재무건전성,경영혁신형 중소기업(메인비즈),삼진로푸(주),도매 및 소매업,도매 및 상품 중개업,중소기업,24.0,경기 시흥시,15,2026-08-01 02:44:01
재무건전성,경영혁신형 중소기업(메인비즈),(주)델리팜,도매 및 소매업,도매 및 상품 중개업,중소기업,20.0,서울 서초구,15,2026-08-01 02:44:01
재무건전성,경영혁신형 중소기업(메인비즈),(주)코리아보드게임즈,도매 및 소매업,도매 및 상품 중개업,중소기업,128.0,경기 파주시,15,2026-08-01 02:44:01
재무건전성,경영혁신형 중소기업(메인비즈),(주)봉화,도매 및 소매업,도매 및 상품 중개업,중소기업,10.0,,15,2026-08-01 02:44:01
재무건전성,경영혁신형 중소기업(메인비즈),주식회사제이피앤씨,도매 및 소매업,도매 및 상품 중개업,중소기업,6.0,경기 평택시,15,2026-08-01 02:44:01
재무건전성,경영혁신형 중소기업(메인비즈),(주)혜성지업,도매 및 소매업,도매 및 상품 중개업,중소기업,18.0,서울 중구,14,2026-08-01 02:44:01
재무건전성,경영혁신형 중소기업(메인비즈),동진철강 주식회사,도매 및 소매업,도매 및 상품 중개업,중소기업,11.0,부산 사상구,14,2026-08-01 02:44:01
재무건전성,경영혁신형 중소기업(메인비즈),쌍용철강(주),도매 및 소매업,도매 및 상품 중개업,중소기업,17.0,경남 김해시,14,2026-08-01 02:44:01
재무건전성,경영혁신형 중소기업(메인비즈),건우철강(주),도매 및 소매업,도매 및 상품 중개업,중소기업,16.0,경기 화성시,14,2026-08-01 02:44:01
재무건전성,경영혁신형 중소기업(메인비즈),주식회사 경희케미칼,도매 및 소매업,도매 및 상품 중개업,중소기업,14.0,서울 서초구,14,2026-08-01 02:44:01
재무건전성,경영혁신형 중소기업(메인비즈),(주)정연푸드,도매 및 소매업,도매 및 상품 중개업,중소기업,18.0,경북 경산시,14,2026-08-01 02:44:01
재무건전성,경영혁신형 중소기업(메인비즈),(주)덕운실업,도매 및 소매업,도매 및 상품 중개업,중소기업,7.0,대구 달서구,14,2026-08-01 02:44:01
재무건전성,경영혁신형 중소기업(메인비즈),이지스틸넷주식회사,도매 및 소매업,도매 및 상품 중개업,중소기업,52.0,경기 평택시,13,2026-08-01 02:44:01
재무건전성,경영혁신형 중소기업(메인비즈),(주)푸드파크,도매 및 소매업,도매 및 상품 중개업,중소기업,23.0,경기 남양주시,13,2026-08-01 02:44:01
재무건전성,경영혁신형 중소기업(메인비즈),(주)삼성울산비투비,도매 및 소매업,도매 및 상품 중개업,중소기업,10.0,울산 남구,13,2026-08-01 02:44:01
재무건전성,경영혁신형 중소기업(메인비즈),(주)한영티엔에스,도매 및 소매업,도매 및 상품 중개업,중소기업,16.0,경기 시흥시,13,2026-08-01 02:44:01
재무건전성,경영혁신형 중소기업(메인비즈),(주)영신에프에이,도매 및 소매업,도매 및 상품 중개업,중소기업,43.0,대구 북구,13,2026-08-01 02:44:01
재무건전성,경영혁신형 중소기업(메인비즈),(주)사운드솔루션,도매 및 소매업,도매 및 상품 중개업,중소기업,40.0,서울 영등포구,13,2026-08-01 02:44:01
재무건전성,경영혁신형 중소기업(메인비즈),(주) 에프앤디넷,도매 및 소매업,도매 및 상품 중개업,중소기업,344.0,서울 송파구,13,2026-08-01 02:44:01
재무건전성,경영혁신형 중소기업(메인비즈),(주)하누리약품,도매 및 소매업,도매 및 상품 중개업,중소기업,12.0,경기 부천시 원미구,13,2026-08-01 02:44:01
재무건전성,경영혁신형 중소기업(메인비즈),(주)유진의약품,도매 및 소매업,도매 및 상품 중개업,중소기업,21.0,서울 강서구,13,2026-08-01 02:44:01
재무건전성,경영혁신형 중소기업(메인비즈),주식회사 계림엘피피,도매 및 소매업,도매 및 상품 중개업,중소기업,19.0,경기 남양주시,13,2026-08-01 02:44:01
재무건전성,경영혁신형 중소기업(메인비즈),인트라통상(주),도매 및 소매업,도매 및 상품 중개업,중소기업,27.0,부산 강서구,13,2026-08-01 02:44:01
재무건전성,경영혁신형 중소기업(메인비즈),유안약품 (주),도매 및 소매업,도매 및 상품 중개업,중소기업,8.0,,13,2026-08-01 02:44:01
재무건전성,경영혁신형 중소기업(메인비즈),주식회사 우주시스템,도매 및 소매업,도매 및 상품 중개업,중소기업,10.0,,13,2026-08-01 02:44:01
재무건전성,경영혁신형 중소기업(메인비즈),주식회사에이치,도매 및 소매업,도매 및 상품 중개업,중소기업,10.0,울산 남구,12,2026-08-01 02:44:01
재무건전성,경영혁신형 중소기업(메인비즈),주식회사 윈터그린,도매 및 소매업,도매 및 상품 중개업,중소기업,23.0,경남 김해시,12,2026-08-01 02:44:01
재무건전성,경영혁신형 중소기업(메인비즈),주식회사 크로바,도매 및 소매업,도매 및 상품 중개업,중소기업,69.0,경기 남양주시,12,2026-08-01 02:44:01
재무건전성,경영혁신형 중소기업(메인비즈),(주)에스엠이코리아,도매 및 소매업,도매 및 상품 중개업,중소기업,25.0,경남 창원시 의창구,12,2026-08-01 02:44:01
재무건전성,경영혁신형 중소기업(메인비즈),주식회사 일렉트릭스,도매 및 소매업,도매 및 상품 중개업,중소기업,55.0,부산 강서구,12,2026-08-01 02:44:01
재무건전성,경영혁신형 중소기업(메인비즈),주식회사 힐링스팜,도매 및 소매업,도매 및 상품 중개업,중소기업,32.0,서울 동대문구,12,2026-08-01 02:44:01
재무건전성,경영혁신형 중소기업(메인비즈),(주)극동스틸,도매 및 소매업,도매 및 상품 중개업,중소기업,10.0,경남 진주시,12,2026-08-01 02:44:01
재무건전성,경영혁신형 중소기업(메인비즈),주식회사 이투비플러스,도매 및 소매업,도매 및 상품 중개업,중소기업,21.0,경기 오산시,12,2026-08-01 02:44:01
재무건전성,경영혁신형 중소기업(메인비즈),(주)평강프라자,도매 및 소매업,도매 및 상품 중개업,중소기업,22.0,서울 마포구,12,2026-08-01 02:44:01
재무건전성,경영혁신형 중소기업(메인비즈),삼남강재(주),도매 및 소매업,도매 및 상품 중개업,중소기업,40.0,경기 화성시,12,2026-08-01 02:44:01
재무건전성,경영혁신형 중소기업(메인비즈),(주)에어뱅크,도매 및 소매업,도매 및 상품 중개업,중소기업,33.0,경기 용인시 수지구,12,2026-08-01 02:44:01
재무건전성,경영혁신형 중소기업(메인비즈),주식회사 아이원미트앤푸드,도매 및 소매업,도매 및 상품 중개업,중소기업,,,12,2026-08-01 02:44:01
재무건전성,경영혁신형 중소기업(메인비즈),고려기프트(주),도매 및 소매업,도매 및 상품 중개업,중소기업,79.0,서울 도봉구,12,2026-08-01 02:44:01
재무건전성,경영혁신형 중소기업(메인비즈),(주)에이치엠시,도매 및 소매업,도매 및 상품 중개업,중소기업,28.0,경기 부천시 오정구,12,2026-08-01 02:44:01
재무건전성,경영혁신형 중소기업(메인비즈),(주)명현이엔씨,도매 및 소매업,도매 및 상품 중개업,중소기업,26.0,서울 강서구,12,2026-08-01 02:44:01
재무건전성,경영혁신형 중소기업(메인비즈),동방산업(주),도매 및 소매업,도매 및 상품 중개업,중소기업,18.0,강원 평창군,12,2026-08-01 02:44:01
재무건전성,경영혁신형 중소기업(메인비즈),(주)고려폴리머,도매 및 소매업,도매 및 상품 중개업,중소기업,23.0,부산 연제구,12,2026-08-01 02:44:01
재무건전성,경영혁신형 중소기업(메인비즈),(주)도프아그로,도매 및 소매업,도매 및 상품 중개업,중소기업,26.0,경기 평택시,12,2026-08-01 02:44:01
재무건전성,경영혁신형 중소기업(메인비즈),(주)극광사,도매 및 소매업,도매 및 상품 중개업,중소기업,12.0,경북 포항시 북구,12,2026-08-01 02:44:01
재무건전성,경영혁신형 중소기업(메인비즈),(주)청룡수산,도매 및 소매업,도매 및 상품 중개업,중소기업,34.0,제주 서귀포시,12,2026-08-01 02:44:01
재무건전성,경영혁신형 중소기업(메인비즈),한신윤활유상사 주식회사,도매 및 소매업,도매 및 상품 중개업,중소기업,33.0,대구 서구,12,2026-08-01 02:44:01
재무건전성,경영혁신형 중소기업(메인비즈),(주)동양팩,도매 및 소매업,도매 및 상품 중개업,중소기업,33.0,경남 김해시,11,2026-08-01 02:44:01
재무건전성,경영혁신형 중소기업(메인비즈),(주)필스,도매 및 소매업,도매 및 상품 중개업,중소기업,16.0,부산 사상구,11,2026-08-01 02:44:01
재무건전성,경영혁신형 중소기업(메인비즈),(주)신기씨앤에스,도매 및 소매업,도매 및 상품 중개업,중소기업,13.0,경기 광주시,11,2026-08-01 02:44:01
재무건전성,경영혁신형 중소기업(메인비즈),(주)에이치씨엔씨,도매 및 소매업,도매 및 상품 중개업,중소기업,150.0,경기 성남시 분당구,11,2026-08-01 02:44:01
재무건전성,경영혁신형 중소기업(메인비즈),우신상사(주),도매 및 소매업,도매 및 상품 중개업,중소기업,14.0,경기 용인시 처인구,11,2026-08-01 02:44:01
재무건전성,경영혁신형 중소기업(메인비즈),(주)엠디푸드시스템,도매 및 소매업,도매 및 상품 중개업,중소기업,,경북 경산시,11,2026-08-01 02:44:01
재무건전성,경영혁신형 중소기업(메인비즈),농업회사법인(주)영림유통,도매 및 소매업,도매 및 상품 중개업,중소기업,16.0,경기 시흥시,11,2026-08-01 02:44:01
재무건전성,경영혁신형 중소기업(메인비즈),(주)MS가스,도매 및 소매업,도매 및 상품 중개업,중소기업,138.0,부산 사상구,11,2026-08-01 02:44:01
재무건전성,경영혁신형 중소기업(메인비즈),(주)이엔푸드,도매 및 소매업,도매 및 상품 중개업,중소기업,89.0,경기 파주시,11,2026-08-01 02:44:01
재무건전성,경영혁신형 중소기업(메인비즈),(주)상보기업,도매 및 소매업,도매 및 상품 중개업,중소기업,89.0,서울 구로구,11,2026-08-01 02:44:01
재무건전성,경영혁신형 중소기업(메인비즈),(주)오케이오아시스,도매 및 소매업,도매 및 상품 중개업,중소기업,16.0,서울 용산구,11,2026-08-01 02:44:01
재무건전성,경영혁신형 중소기업(메인비즈),(주)아진화학,도매 및 소매업,도매 및 상품 중개업,중소기업,8.0,경기 군포시,11,2026-08-01 02:44:01
재무건전성,경영혁신형 중소기업(메인비즈),(주)모든오피스,도매 및 소매업,도매 및 상품 중개업,중소기업,49.0,서울 강남구,11,2026-08-01 02:44:01
재무건전성,경영혁신형 중소기업(메인비즈),서창산업(주),도매 및 소매업,도매 및 상품 중개업,중견기업,132.0,세종,11,2026-08-01 02:44:01
재무건전성,경영혁신형 중소기업(메인비즈),(주)청우약품,도매 및 소매업,도매 및 상품 중개업,중소기업,23.0,경기 구리시,11,2026-08-01 02:44:01
재무건전성,경영혁신형 중소기업(메인비즈),한국메디홀스(주),도매 및 소매업,도매 및 상품 중개업,중견기업,18.0,서울 강남구,11,2026-08-01 02:44:01
재무건전성,경영혁신형 중소기업(메인비즈),태종약품(주),도매 및 소매업,도매 및 상품 중개업,중소기업,19.0,경기 고양시 일산동구,11,2026-08-01 02:44:01
재무건전성,경영혁신형 중소기업(메인비즈),엘스타약품(주),도매 및 소매업,도매 및 상품 중개업,중소기업,32.0,,11,2026-08-01 02:44:01
재무건전성,경영혁신형 중소기업(메인비즈),(주)휠로피아,도매 및 소매업,도매 및 상품 중개업,중소기업,13.0,서울 강서구,10,2026-08-01 02:44:01
재무건전성,경영혁신형 중소기업(메인비즈),(주)한유글로벌,도매 및 소매업,도매 및 상품 중개업,중소기업,6.0,서울 금천구,10,2026-08-01 02:44:01
재무건전성,경영혁신형 중소기업(메인비즈),주식회사 대양에너지,도매 및 소매업,도매 및 상품 중개업,중소기업,7.0,경기 이천시,10,2026-08-01 02:44:01
재무건전성,경영혁신형 중소기업(메인비즈),삼양철강(주),도매 및 소매업,도매 및 상품 중개업,중소기업,18.0,울산 북구,10,2026-08-01 02:44:01
재무건전성,경영혁신형 중소기업(메인비즈),(주)세정코리아,도매 및 소매업,도매 및 상품 중개업,중소기업,39.0,경기 구리시,10,2026-08-01 02:44:01
재무건전성,경영혁신형 중소기업(메인비즈),주식회사 메디풀,도매 및 소매업,도매 및 상품 중개업,중소기업,37.0,인천 계양구,10,2026-08-01 02:44:01
재무건전성,경영혁신형 중소기업(메인비즈),신영측기(주),도매 및 소매업,도매 및 상품 중개업,중소기업,50.0,경기 부천시,10,2026-08-01 02:44:01
재무건전성,경영혁신형 중소기업(메인비즈),주식회사 유이테크,도매 및 소매업,도매 및 상품 중개업,중소기업,26.0,경기 고양시 일산동구,10,2026-08-01 02:44:01
재무건전성,경영혁신형 중소기업(메인비즈),주식회사 카라신,도매 및 소매업,도매 및 상품 중개업,중소기업,29.0,,10,2026-08-01 02:44:01
재무건전성,경영혁신형 중소기업(메인비즈),주식회사 우신팜,도매 및 소매업,도매 및 상품 중개업,중소기업,13.0,대전 서구,10,2026-08-01 02:44:01
재무건전성,경영혁신형 중소기업(메인비즈),주식회사 삼호리사이클,도매 및 소매업,도매 및 상품 중개업,중소기업,19.0,경남 창원시 마산회원구,10,2026-08-01 02:44:01
재무건전성,경영혁신형 중소기업(메인비즈),주식회사 디에스지,도매 및 소매업,도매 및 상품 중개업,중소기업,36.0,경기 화성시,10,2026-08-01 02:44:01
재무건전성,경영혁신형 중소기업(메인비즈),(주)고려정보통신,도매 및 소매업,도매 및 상품 중개업,중소기업,88.0,경기 부천시 원미구,10,2026-08-01 02:44:01
재무건전성,경영혁신형 중소기업(메인비즈),주식회사 삼성푸드,도매 및 소매업,도매 및 상품 중개업,중소기업,10.0,강원 홍천군,10,2026-08-01 02:44:01
재무건전성,경영혁신형 중소기업(메인비즈),삼익티엔에이치주식회사,도매 및 소매업,도매 및 상품 중개업,중소기업,24.0,경기 평택시,10,2026-08-01 02:44:01
재무건전성,경영혁신형 중소기업(메인비즈),농업회사법인(주)인건,도매 및 소매업,도매 및 상품 중개업,중소기업,22.0,경기 광주시,9,2026-08-01 02:44:01
재무건전성,경영혁신형 중소기업(메인비즈),세경금속(주),도매 및 소매업,도매 및 상품 중개업,중소기업,22.0,경기 시흥시,9,2026-08-01 02:44:01
재무건전성,경영혁신형 중소기업(메인비즈),주식회사케이비아이,도매 및 소매업,도매 및 상품 중개업,중소기업,6.0,경기 고양시 일산서구,9,2026-08-01 02:44:01
재무건전성,경영혁신형 중소기업(메인비즈),디지털국제공조(주),도매 및 소매업,도매 및 상품 중개업,중소기업,24.0,경기 남양주시,9,2026-08-01 02:44:01
재무건전성,경영혁신형 중소기업(메인비즈),주식회사 쏠싸아이엔씨,도매 및 소매업,도매 및 상품 중개업,중소기업,,부산 중구,9,2026-08-01 02:44:01
재무건전성,경영혁신형 중소기업(메인비즈),태창금속공업(주),도매 및 소매업,도매 및 상품 중개업,중소기업,10.0,인천 미추홀구,9,2026-08-01 02:44:01
재무건전성,경영혁신형 중소기업(메인비즈),주봉정보시스템(주),도매 및 소매업,도매 및 상품 중개업,중소기업,22.0,서울 강남구,9,2026-08-01 02:44:01
재무건전성,경영혁신형 중소기업(메인비즈),주식회사 티에스팜,도매 및 소매업,도매 및 상품 중개업,중소기업,24.0,경남 창원시 의창구,9,2026-08-01 02:44:01
재무건전성,경영혁신형 중소기업(메인비즈),주식회사 바이온텍라이프,도매 및 소매업,도매 및 상품 중개업,중소기업,25.0,경기 군포시,9,2026-08-01 02:44:01
재무건전성,경영혁신형 중소기업(메인비즈),(주)오케이푸드,도매 및 소매업,도매 및 상품 중개업,중소기업,20.0,경기 남양주시,9,2026-08-01 02:44:01
재무건전성,경영혁신형 중소기업(메인비즈),주식회사 티에이치이,도매 및 소매업,도매 및 상품 중개업,중견기업,17.0,경기 용인시 기흥구,9,2026-08-01 02:44:01
재무건전성,경영혁신형 중소기업(메인비즈),주식회사아시아비엔씨,도매 및 소매업,도매 및 상품 중개업,중소기업,79.0,경기 광명시,9,2026-08-01 02:44:01
재무건전성,경영혁신형 중소기업(메인비즈),(주)원강팜,도매 및 소매업,도매 및 상품 중개업,중소기업,11.0,서울 동작구,9,2026-08-01 02:44:01
재무건전성,경영혁신형 중소기업(메인비즈),(주)예스런던,도매 및 소매업,도매 및 상품 중개업,중소기업,23.0,경기 하남시,9,2026-08-01 02:44:01
재무건전성,경영혁신형 중소기업(메인비즈),주식회사 이앤에프앤씨,도매 및 소매업,도매 및 상품 중개업,중소기업,,경기 화성시,9,2026-08-01 02:44:01
재무건전성,경영혁신형 중소기업(메인비즈),(주)주원씨앤아이(CNI),도매 및 소매업,도매 및 상품 중개업,중소기업,35.0,경기 김포시,9,2026-08-01 02:44:01
재무건전성,경영혁신형 중소기업(메인비즈),(주)명진자원,도매 및 소매업,도매 및 상품 중개업,중소기업,51.0,경기 광주시,8,2026-08-01 02:44:01
재무건전성,경영혁신형 중소기업(메인비즈),(유)영창철강,도매 및 소매업,도매 및 상품 중개업,중소기업,11.0,전북 전주시 덕진구,8,2026-08-01 02:44:01
재무건전성,경영혁신형 중소기업(메인비즈),(주)만해금속,도매 및 소매업,도매 및 상품 중개업,중소기업,21.0,경기 화성시,8,2026-08-01 02:44:01
재무건전성,경영혁신형 중소기업(메인비즈),(주)이에스인터네셔널,도매 및 소매업,도매 및 상품 중개업,중소기업,22.0,경기 안산시 단원구,8,2026-08-01 02:44:01
재무건전성,경영혁신형 중소기업(메인비즈),주식회사 타스코,도매 및 소매업,도매 및 상품 중개업,중소기업,61.0,경기 안양시 동안구,8,2026-08-01 02:44:01
재무건전성,경영혁신형 중소기업(메인비즈),에이치제이코퍼레이션즈 주식회사,도매 및 소매업,도매 및 상품 중개업,중소기업,28.0,서울 성동구,8,2026-08-01 02:44:01
재무건전성,경영혁신형 중소기업(메인비즈),농업회사법인 대한푸드주식회사,도매 및 소매업,도매 및 상품 중개업,중소기업,31.0,경기 구리시,8,2026-08-01 02:44:01
재무건전성,경영혁신형 중소기업(메인비즈),대영베어링(주),도매 및 소매업,도매 및 상품 중개업,중소기업,20.0,대구 북구,8,2026-08-01 02:44:01
재무건전성,경영혁신형 중소기업(메인비즈),(주)농업회사법인이에프시,도매 및 소매업,도매 및 상품 중개업,중소기업,13.0,경기 이천시,8,2026-08-01 02:44:01
재무건전성,경영혁신형 중소기업(메인비즈),부경에너지(주),도매 및 소매업,도매 및 상품 중개업,중견기업,30.0,부산 북구,8,2026-08-01 02:44:01
재무건전성,경영혁신형 중소기업(메인비즈),세원약품,도매 및 소매업,도매 및 상품 중개업,중소기업,,대구 남구,8,2026-08-01 02:44:01
재무건전성,경영혁신형 중소기업(메인비즈),쿠산코리아(주),도매 및 소매업,도매 및 상품 중개업,중소기업,65.0,서울 강남구,8,2026-08-01 02:44:01
재무건전성,경영혁신형 중소기업(메인비즈),(주)그린식품,도매 및 소매업,도매 및 상품 중개업,중소기업,31.0,대구 북구,8,2026-08-01 02:44:01
재무건전성,경영혁신형 중소기업(메인비즈),(주)유앤미팜,도매 및 소매업,도매 및 상품 중개업,중소기업,28.0,인천 미추홀구,8,2026-08-01 02:44:01
재무건전성,경영혁신형 중소기업(메인비즈),(주)워너비코스메틱,도매 및 소매업,도매 및 상품 중개업,중소기업,7.0,서울 강서구,8,2026-08-01 02:44:01
재무건전성,경영혁신형 중소기업(메인비즈),주식회사 그릿,도매 및 소매업,도매 및 상품 중개업,중소기업,12.0,부산 중구,8,2026-08-01 02:44:01
재무건전성,경영혁신형 중소기업(메인비즈),근남정보기술 주식회사,도매 및 소매업,도매 및 상품 중개업,중소기업,10.0,전북 전주시 완산구,8,2026-08-01 02:44:01
재무건전성,경영혁신형 중소기업(메인비즈),(주)우리약품,도매 및 소매업,도매 및 상품 중개업,중소기업,38.0,인천 연수구,8,2026-08-01 02:44:01
재무건전성,경영혁신형 중소기업(메인비즈),주식회사 정훈정보시스템,도매 및 소매업,도매 및 상품 중개업,중소기업,31.0,경남 창원시 성산구,8,2026-08-01 02:44:01
재무건전성,경영혁신형 중소기업(메인비즈),(주)미도시,도매 및 소매업,도매 및 상품 중개업,중소기업,24.0,경기 파주시,8,2026-08-01 02:44:01
재무건전성,경영혁신형 중소기업(메인비즈),(주)씨아이시스템,도매 및 소매업,도매 및 상품 중개업,중소기업,15.0,경기 안산시 단원구,8,2026-08-01 02:44:01
재무건전성,경영혁신형 중소기업(메인비즈),주식회사 중앙약품,도매 및 소매업,도매 및 상품 중개업,중소기업,20.0,,8,2026-08-01 02:44:01
재무건전성,경영혁신형 중소기업(메인비즈),주식회사 올북스,도매 및 소매업,도매 및 상품 중개업,중소기업,12.0,부산 수영구,8,2026-08-01 02:44:01
재무건전성,경영혁신형 중소기업(메인비즈),해성약품(주),도매 및 소매업,도매 및 상품 중개업,중소기업,29.0,충북 청주시 청원구,8,2026-08-01 02:44:01
재무건전성,경영혁신형 중소기업(메인비즈),주식회사푸드앤,도매 및 소매업,도매 및 상품 중개업,중소기업,13.0,경기 남양주시,7,2026-08-01 02:44:01
재무건전성,경영혁신형 중소기업(메인비즈),강원전자주식회사,도매 및 소매업,도매 및 상품 중개업,중소기업,15.0,서울 용산구,7,2026-08-01 02:44:01
재무건전성,경영혁신형 중소기업(메인비즈),(주)파르마코리아,도매 및 소매업,도매 및 상품 중개업,중소기업,19.0,인천 남동구,7,2026-08-01 02:44:01
재무건전성,경영혁신형 중소기업(메인비즈),이텍코리아(주),도매 및 소매업,도매 및 상품 중개업,중소기업,18.0,경기 평택시,7,2026-08-01 02:44:01
재무건전성,경영혁신형 중소기업(메인비즈),(주)동신프라스틱,도매 및 소매업,도매 및 상품 중개업,중소기업,15.0,서울 영등포구,7,2026-08-01 02:44:01
재무건전성,경영혁신형 중소기업(메인비즈),(주)진성에너지,도매 및 소매업,도매 및 상품 중개업,중소기업,29.0,제주 제주시,7,2026-08-01 02:44:01
재무건전성,경영혁신형 중소기업(메인비즈),성우에스앤씨 주식회사,도매 및 소매업,도매 및 상품 중개업,중소기업,13.0,경남 함안군,7,2026-08-01 02:44:01
재무건전성,경영혁신형 중소기업(메인비즈),농업회사법인태성그린푸드 주식회사,도매 및 소매업,도매 및 상품 중개업,중소기업,93.0,경기 하남시,7,2026-08-01 02:44:01
재무건전성,경영혁신형 중소기업(메인비즈),주식회사 씨앤씨플래닛,도매 및 소매업,도매 및 상품 중개업,중소기업,14.0,서울 송파구,7,2026-08-01 02:44:01
재무건전성,경영혁신형 중소기업(메인비즈),씨엠에스글로벌(주),도매 및 소매업,도매 및 상품 중개업,중소기업,11.0,서울 성동구,7,2026-08-01 02:44:01
재무건전성,경영혁신형 중소기업(메인비즈),(주)새벽,도매 및 소매업,도매 및 상품 중개업,중소기업,1.0,,7,2026-08-01 02:44:01
재무건전성,경영혁신형 중소기업(메인비즈),우리웰텍 주식회사,도매 및 소매업,도매 및 상품 중개업,중소기업,16.0,경남 김해시,7,2026-08-01 02:44:01
재무건전성,경영혁신형 중소기업(메인비즈),주식회사 씨알상사,도매 및 소매업,도매 및 상품 중개업,중소기업,16.0,부산 강서구,7,2026-08-01 02:44:01
재무건전성,경영혁신형 중소기업(메인비즈),에스더포뮬러 주식회사,도매 및 소매업,도매 및 상품 중개업,중견기업,164.0,서울 강남구,7,2026-08-01 02:44:01
재무건전성,경영혁신형 중소기업(메인비즈),상록(주),도매 및 소매업,도매 및 상품 중개업,중소기업,15.0,경남 김해시,7,2026-08-01 02:44:01
재무건전성,경영혁신형 중소기업(메인비즈),(주)새한공조,도매 및 소매업,도매 및 상품 중개업,중소기업,16.0,제주 서귀포시,7,2026-08-01 02:44:01
재무건전성,경영혁신형 중소기업(메인비즈),(주)오션마린서비스,도매 및 소매업,도매 및 상품 중개업,중소기업,71.0,울산 남구,7,2026-08-01 02:44:01
재무건전성,경영혁신형 중소기업(메인비즈),하이온넷(주),도매 및 소매업,도매 및 상품 중개업,중소기업,59.0,서울 구로구,7,2026-08-01 02:44:01
재무건전성,경영혁신형 중소기업(메인비즈),세동상사,도매 및 소매업,도매 및 상품 중개업,중소기업,36.0,부산 서구,7,2026-08-01 02:44:01
재무건전성,경영혁신형 중소기업(메인비즈),(유)진보팜,도매 및 소매업,도매 및 상품 중개업,중소기업,11.0,전북 전주시 덕진구,7,2026-08-01 02:44:01
재무건전성,경영혁신형 중소기업(메인비즈),오션테크 (주),도매 및 소매업,도매 및 상품 중개업,중소기업,60.0,경기 고양시 덕양구,7,2026-08-01 02:44:01
재무건전성,경영혁신형 중소기업(메인비즈),경원물산(주),도매 및 소매업,도매 및 상품 중개업,중소기업,18.0,부산 해운대구,7,2026-08-01 02:44:01
재무건전성,경영혁신형 중소기업(메인비즈),주식회사커피베이,도매 및 소매업,도매 및 상품 중개업,중소기업,72.0,서울 금천구,6,2026-08-01 02:44:01
재무건전성,경영혁신형 중소기업(메인비즈),싸이버테크 주식회사,도매 및 소매업,도매 및 상품 중개업,중소기업,99.0,,6,2026-08-01 02:44:01
재무건전성,경영혁신형 중소기업(메인비즈),주식회사 트렉시,도매 및 소매업,도매 및 상품 중개업,중소기업,48.0,서울 마포구,6,2026-08-01 02:44:01
재무건전성,경영혁신형 중소기업(메인비즈),(주)조이에너지,도매 및 소매업,도매 및 상품 중개업,중소기업,25.0,경기 안양시 동안구,6,2026-08-01 02:44:01
재무건전성,경영혁신형 중소기업(메인비즈),(주)메탈링크,도매 및 소매업,도매 및 상품 중개업,중소기업,11.0,,6,2026-08-01 02:44:01
재무건전성,경영혁신형 중소기업(메인비즈),한동철강(주),도매 및 소매업,도매 및 상품 중개업,중소기업,14.0,,6,2026-08-01 02:44:01
재무건전성,경영혁신형 중소기업(메인비즈),에버켐(주),도매 및 소매업,도매 및 상품 중개업,중소기업,19.0,경기 파주시,6,2026-08-01 02:44:01
재무건전성,경영혁신형 중소기업(메인비즈),주식회사 새론이엔아이,도매 및 소매업,도매 및 상품 중개업,중소기업,30.0,경북 구미시,6,2026-08-01 02:44:01
재무건전성,경영혁신형 중소기업(메인비즈),에이스알엠에스마린서비스(주),도매 및 소매업,도매 및 상품 중개업,중소기업,40.0,부산 영도구,6,2026-08-01 02:44:01
재무건전성,경영혁신형 중소기업(메인비즈),반도기전(주),도매 및 소매업,도매 및 상품 중개업,중소기업,31.0,부산 금정구,6,2026-08-01 02:44:01
재무건전성,경영혁신형 중소기업(메인비즈),(주)에이치엘아이,도매 및 소매업,도매 및 상품 중개업,중소기업,60.0,서울 강남구,6,2026-08-01 02:44:01
재무건전성,경영혁신형 중소기업(메인비즈),엘피스팜(주),도매 및 소매업,도매 및 상품 중개업,중소기업,24.0,대전 대덕구,6,2026-08-01 02:44:01
재무건전성,경영혁신형 중소기업(메인비즈),두산건기순천판매(주),도매 및 소매업,도매 및 상품 중개업,중소기업,10.0,,6,2026-08-01 02:44:01
재무건전성,경영혁신형 중소기업(메인비즈),(주)이엘쓰리,도매 및 소매업,도매 및 상품 중개업,중소기업,18.0,서울 구로구,6,2026-08-01 02:44:01
재무건전성,경영혁신형 중소기업(메인비즈),명성물산(주),도매 및 소매업,도매 및 상품 중개업,중소기업,70.0,경기 용인시 처인구,6,2026-08-01 02:44:01
재무건전성,경영혁신형 중소기업(메인비즈),대달인터내셔널(주),도매 및 소매업,도매 및 상품 중개업,중소기업,15.0,서울 구로구,6,2026-08-01 02:44:01
재무건전성,경영혁신형 중소기업(메인비즈),(주)에스지세라,도매 및 소매업,도매 및 상품 중개업,중소기업,36.0,서울 강남구,6,2026-08-01 02:44:01
재무건전성,경영혁신형 중소기업(메인비즈),주식회사 태등,도매 및 소매업,도매 및 상품 중개업,중소기업,20.0,,6,2026-08-01 02:44:01
재무건전성,경영혁신형 중소기업(메인비즈),(주)파워클,도매 및 소매업,도매 및 상품 중개업,중소기업,63.0,경기 안양시 동안구,6,2026-08-01 02:44:01
재무건전성,경영혁신형 중소기업(메인비즈),글로벌통상(주),도매 및 소매업,도매 및 상품 중개업,중소기업,12.0,서울 송파구,6,2026-08-01 02:44:01
재무건전성,경영혁신형 중소기업(메인비즈),(주)홈스푸드,도매 및 소매업,도매 및 상품 중개업,중소기업,9.0,서울 송파구,6,2026-08-01 02:44:01
재무건전성,경영혁신형 중소기업(메인비즈),유한회사 싸카,도매 및 소매업,도매 및 상품 중개업,중소기업,50.0,서울 중구,6,2026-08-01 02:44:01
재무건전성,경영혁신형 중소기업(메인비즈),주식회사 제이엘피산전,도매 및 소매업,도매 및 상품 중개업,중소기업,14.0,경기 포천시,6,2026-08-01 02:44:01
재무건전성,경영혁신형 중소기업(메인비즈),중도가스(주),도매 및 소매업,도매 및 상품 중개업,중소기업,57.0,대전 서구,6,2026-08-01 02:44:01
재무건전성,경영혁신형 중소기업(메인비즈),주식회사 피엘페이퍼,도매 및 소매업,도매 및 상품 중개업,중소기업,11.0,대구 서구,5,2026-08-01 02:44:01
재무건전성,경영혁신형 중소기업(메인비즈),동아약품(주),도매 및 소매업,도매 및 상품 중개업,중소기업,5.0,전북 군산시,5,2026-08-01 02:44:01
재무건전성,경영혁신형 중소기업(메인비즈),(주)아쿠아넷,도매 및 소매업,도매 및 상품 중개업,중소기업,14.0,경남 통영시,5,2026-08-01 02:44:01
재무건전성,경영혁신형 중소기업(메인비즈),비엠스틸주식회사,도매 및 소매업,도매 및 상품 중개업,중소기업,12.0,부산 사상구,5,2026-08-01 02:44:01
재무건전성,경영혁신형 중소기업(메인비즈),주식회사 케이엘미트농업회사법인,도매 및 소매업,도매 및 상품 중개업,중소기업,7.0,,5,2026-08-01 02:44:01
재무건전성,경영혁신형 중소기업(메인비즈),(주)한국에이브이,도매 및 소매업,도매 및 상품 중개업,중소기업,28.0,서울 성동구,5,2026-08-01 02:44:01
재무건전성,경영혁신형 중소기업(메인비즈),비오신코리아(주),도매 및 소매업,도매 및 상품 중개업,중소기업,26.0,,5,2026-08-01 02:44:01
재무건전성,경영혁신형 중소기업(메인비즈),(주)남궁TUNA,도매 및 소매업,도매 및 상품 중개업,중소기업,11.0,부산 서구,5,2026-08-01 02:44:01
재무건전성,경영혁신형 중소기업(메인비즈),(주)아이엔지유통,도매 및 소매업,도매 및 상품 중개업,중소기업,4.0,경기 안산시 상록구,5,2026-08-01 02:44:01
재무건전성,경영혁신형 중소기업(메인비즈),(주)영일오엔씨,도매 및 소매업,도매 및 상품 중개업,중소기업,43.0,서울 영등포구,5,2026-08-01 02:44:01
재무건전성,경영혁신형 중소기업(메인비즈),(주)조은약품,도매 및 소매업,도매 및 상품 중개업,중소기업,17.0,인천 계양구,5,2026-08-01 02:44:01
재무건전성,경영혁신형 중소기업(메인비즈),(주)일진레이텍,도매 및 소매업,도매 및 상품 중개업,중소기업,20.0,경기 평택시,5,2026-08-01 02:44:01
재무건전성,경영혁신형 중소기업(메인비즈),에스엠피동물약품(주),도매 및 소매업,도매 및 상품 중개업,중소기업,16.0,경기 오산시,5,2026-08-01 02:44:01
재무건전성,경영혁신형 중소기업(메인비즈),(주)구주철강,도매 및 소매업,도매 및 상품 중개업,중소기업,37.0,경기 안성시,5,2026-08-01 02:44:01
재무건전성,경영혁신형 중소기업(메인비즈),한성철강(주),도매 및 소매업,도매 및 상품 중개업,중소기업,14.0,대구 북구,5,2026-08-01 02:44:01
재무건전성,경영혁신형 중소기업(메인비즈),(주)하나철강,도매 및 소매업,도매 및 상품 중개업,중소기업,11.0,경기 양주시,5,2026-08-01 02:44:01
재무건전성,경영혁신형 중소기업(메인비즈),주식회사 형제푸드,도매 및 소매업,도매 및 상품 중개업,중소기업,42.0,경기 이천시,5,2026-08-01 02:44:01
재무건전성,경영혁신형 중소기업(메인비즈),석진철강 주식회사,도매 및 소매업,도매 및 상품 중개업,중견기업,10.0,경북 칠곡군,5,2026-08-01 02:44:01
재무건전성,경영혁신형 중소기업(메인비즈),(주)씨엔디상사,도매 및 소매업,도매 및 상품 중개업,중소기업,41.0,경기 김포시,5,2026-08-01 02:44:01
재무건전성,경영혁신형 중소기업(메인비즈),(주) 나무테크,도매 및 소매업,도매 및 상품 중개업,중소기업,10.0,경기 김포시,5,2026-08-01 02:44:01
재무건전성,경영혁신형 중소기업(메인비즈),(주)금원아이디에스,도매 및 소매업,도매 및 상품 중개업,중소기업,8.0,부산 사상구,5,2026-08-01 02:44:01
재무건전성,경영혁신형 중소기업(메인비즈),주식회사 땅스푸드,도매 및 소매업,도매 및 상품 중개업,중소기업,26.0,충북 음성군,5,2026-08-01 02:44:01
재무건전성,경영혁신형 중소기업(메인비즈),(주)한강주방물류,도매 및 소매업,도매 및 상품 중개업,중소기업,,경기 포천시,5,2026-08-01 02:44:01
재무건전성,경영혁신형 중소기업(메인비즈),부림영농조합법인,도매 및 소매업,도매 및 상품 중개업,중소기업,47.0,경남 의령군,5,2026-08-01 02:44:01
재무건전성,경영혁신형 중소기업(메인비즈),(주)오방,도매 및 소매업,도매 및 상품 중개업,중소기업,12.0,충남 천안시 동남구,5,2026-08-01 02:44:01
재무건전성,경영혁신형 중소기업(메인비즈),(주)대영에스앤에프,도매 및 소매업,도매 및 상품 중개업,중소기업,32.0,경기 부천시,5,2026-08-01 02:44:01
재무건전성,경영혁신형 중소기업(메인비즈),주식회사 씨엔컴퍼니,도매 및 소매업,도매 및 상품 중개업,중소기업,34.0,부산 동구,5,2026-08-01 02:44:01
재무건전성,경영혁신형 중소기업(메인비즈),국일철강(주),도매 및 소매업,도매 및 상품 중개업,중소기업,26.0,전북 군산시,5,2026-08-01 02:44:01
재무건전성,경영혁신형 중소기업(메인비즈),주식회사 리체바이오,도매 및 소매업,도매 및 상품 중개업,중소기업,38.0,대구 수성구,5,2026-08-01 02:44:01
재무건전성,경영혁신형 중소기업(메인비즈),주식회사 동규,도매 및 소매업,도매 및 상품 중개업,중소기업,6.0,경기 화성시,5,2026-08-01 02:44:01
재무건전성,경영혁신형 중소기업(메인비즈),(주)나무인터내셔널,도매 및 소매업,도매 및 상품 중개업,중소기업,20.0,경기 안양시 동안구,4,2026-08-01 02:44:01
재무건전성,경영혁신형 중소기업(메인비즈),리드팜(주),도매 및 소매업,도매 및 상품 중개업,중견기업,64.0,서울 서초구,4,2026-08-01 02:44:01
재무건전성,경영혁신형 중소기업(메인비즈),주식회사 두손,도매 및 소매업,도매 및 상품 중개업,중소기업,36.0,경북 경산시,4,2026-08-01 02:44:01
재무건전성,경영혁신형 중소기업(메인비즈),주식회사 태양,도매 및 소매업,도매 및 상품 중개업,중소기업,18.0,경기 화성시,4,2026-08-01 02:44:01
재무건전성,경영혁신형 중소기업(메인비즈),(주)아이엠에스코리아,도매 및 소매업,도매 및 상품 중개업,중소기업,28.0,대구 달서구,4,2026-08-01 02:44:01
재무건전성,경영혁신형 중소기업(메인비즈),"주식회사 더이안(THE IAN Co., Ltd)",도매 및 소매업,도매 및 상품 중개업,중소기업,10.0,서울 강서구,4,2026-08-01 02:44:01
재무건전성,경영혁신형 중소기업(메인비즈),주식회사 투씨엘시스템,도매 및 소매업,도매 및 상품 중개업,중소기업,13.0,서울 구로구,4,2026-08-01 02:44:01
재무건전성,경영혁신형 중소기업(메인비즈),주식회사 올리버,도매 및 소매업,도매 및 상품 중개업,중소기업,9.0,경기 화성시,4,2026-08-01 02:44:01
재무건전성,경영혁신형 중소기업(메인비즈),(주)세빛메디칼,도매 및 소매업,도매 및 상품 중개업,중소기업,12.0,경남 창원시 마산회원구,4,2026-08-01 02:44:01
재무건전성,경영혁신형 중소기업(메인비즈),주식회사 비즈하이시스템,도매 및 소매업,도매 및 상품 중개업,중소기업,16.0,경기 화성시,4,2026-08-01 02:44:01
재무건전성,경영혁신형 중소기업(메인비즈),(주)아이티스토리글로벌,도매 및 소매업,도매 및 상품 중개업,중소기업,10.0,경기 고양시 일산서구,4,2026-08-01 02:44:01
재무건전성,경영혁신형 중소기업(메인비즈),(주)월드메디칼,도매 및 소매업,도매 및 상품 중개업,중소기업,10.0,서울 영등포구,4,2026-08-01 02:44:01
재무건전성,경영혁신형 중소기업(메인비즈),(주)다이코,도매 및 소매업,도매 및 상품 중개업,중소기업,15.0,부산 강서구,4,2026-08-01 02:44:01
재무건전성,경영혁신형 중소기업(메인비즈),(주)지엠시스템,도매 및 소매업,도매 및 상품 중개업,중소기업,10.0,서울 종로구,4,2026-08-01 02:44:01
재무건전성,경영혁신형 중소기업(메인비즈),(주)켐스틸글로벌,도매 및 소매업,도매 및 상품 중개업,중소기업,16.0,충북 보은군,4,2026-08-01 02:44:01
재무건전성,경영혁신형 중소기업(메인비즈),주식회사 에스와이스틸,도매 및 소매업,도매 및 상품 중개업,중소기업,13.0,경기 안산시 단원구,4,2026-08-01 02:44:01
재무건전성,경영혁신형 중소기업(메인비즈),(주)명문하드웨어,도매 및 소매업,도매 및 상품 중개업,중소기업,15.0,경기 남양주시,4,2026-08-01 02:44:01
재무건전성,경영혁신형 중소기업(메인비즈),주식회사 제이엔비,도매 및 소매업,도매 및 상품 중개업,중소기업,36.0,인천 연수구,4,2026-08-01 02:44:01
재무건전성,경영혁신형 중소기업(메인비즈),주식회사 케이아이씨팜,도매 및 소매업,도매 및 상품 중개업,중소기업,13.0,서울 금천구,4,2026-08-01 02:44:01
재무건전성,경영혁신형 중소기업(메인비즈),(주)가나개발,도매 및 소매업,도매 및 상품 중개업,중소기업,18.0,경기 화성시,4,2026-08-01 02:44:01
재무건전성,경영혁신형 중소기업(메인비즈),(주)이노빅스,도매 및 소매업,도매 및 상품 중개업,중소기업,20.0,서울 강남구,4,2026-08-01 02:44:01
재무건전성,경영혁신형 중소기업(메인비즈),(주)산양미트,도매 및 소매업,도매 및 상품 중개업,중소기업,95.0,강원 원주시,4,2026-08-01 02:44:01
재무건전성,경영혁신형 중소기업(메인비즈),(주)신화어드밴스,도매 및 소매업,도매 및 상품 중개업,중소기업,14.0,서울 영등포구,4,2026-08-01 02:44:01
재무건전성,경영혁신형 중소기업(메인비즈),(주)잇츠비솔루션,도매 및 소매업,도매 및 상품 중개업,중소기업,12.0,서울 영등포구,4,2026-08-01 02:44:01
재무건전성,경영혁신형 중소기업(메인비즈),제이디플러스(주),도매 및 소매업,도매 및 상품 중개업,중소기업,19.0,경기 광주시,4,2026-08-01 02:44:01
재무건전성,경영혁신형 중소기업(메인비즈),(주)성도약품,도매 및 소매업,도매 및 상품 중개업,중소기업,12.0,인천 계양구,4,2026-08-01 02:44:01
재무건전성,경영혁신형 중소기업(메인비즈),주식회사 대현에벤에셀,도매 및 소매업,도매 및 상품 중개업,중소기업,70.0,서울 동대문구,4,2026-08-01 02:44:01
재무건전성,경영혁신형 중소기업(메인비즈),한신칼라스틸(주),도매 및 소매업,도매 및 상품 중개업,중소기업,37.0,서울 금천구,4,2026-08-01 02:44:01
재무건전성,경영혁신형 중소기업(메인비즈),(주)필라테크,도매 및 소매업,도매 및 상품 중개업,중소기업,156.0,서울 강남구,4,2026-08-01 02:44:01
재무건전성,경영혁신형 중소기업(메인비즈),영신씨엠(주),도매 및 소매업,도매 및 상품 중개업,중소기업,15.0,서울 영등포구,4,2026-08-01 02:44:01
재무건전성,경영혁신형 중소기업(메인비즈),대원안전(주),도매 및 소매업,도매 및 상품 중개업,중소기업,11.0,경기 고양시 덕양구,4,2026-08-01 02:44:01
재무건전성,경영혁신형 중소기업(메인비즈),바다원(주),도매 및 소매업,도매 및 상품 중개업,중소기업,150.0,경기 성남시 중원구,4,2026-08-01 02:44:01
재무건전성,경영혁신형 중소기업(메인비즈),주식회사 지기,도매 및 소매업,도매 및 상품 중개업,중소기업,19.0,경기 수원시 영통구,4,2026-08-01 02:44:01
재무건전성,경영혁신형 중소기업(메인비즈),제일스텐철강 주식회사,도매 및 소매업,도매 및 상품 중개업,중소기업,27.0,경기 김포시,4,2026-08-01 02:44:01
재무건전성,경영혁신형 중소기업(메인비즈),(주)풋마트코리아,도매 및 소매업,도매 및 상품 중개업,중소기업,26.0,서울 영등포구,4,2026-08-01 02:44:01
재무건전성,경영혁신형 중소기업(메인비즈),(주)씨스콥,도매 및 소매업,도매 및 상품 중개업,중소기업,13.0,경기 용인시 처인구,4,2026-08-01 02:44:01
재무건전성,경영혁신형 중소기업(메인비즈),(주)엘그랑,도매 및 소매업,도매 및 상품 중개업,중소기업,23.0,서울 서초구,4,2026-08-01 02:44:01
재무건전성,경영혁신형 중소기업(메인비즈),(주)진선메디칼,도매 및 소매업,도매 및 상품 중개업,중소기업,28.0,충북 청주시 청원구,4,2026-08-01 02:44:01
재무건전성,경영혁신형 중소기업(메인비즈),(주)농민사랑,도매 및 소매업,도매 및 상품 중개업,중소기업,30.0,제주 제주시,4,2026-08-01 02:44:01
재무건전성,경영혁신형 중소기업(메인비즈),오픈정보기술주식회사,도매 및 소매업,도매 및 상품 중개업,중소기업,19.0,대구 동구,4,2026-08-01 02:44:01
재무건전성,경영혁신형 중소기업(메인비즈),(주)하이큐시스템,도매 및 소매업,도매 및 상품 중개업,중소기업,57.0,경기 성남시 분당구,4,2026-08-01 02:44:01
재무건전성,경영혁신형 중소기업(메인비즈),석영개발(주),도매 및 소매업,도매 및 상품 중개업,중소기업,31.0,경기 용인시 수지구,4,2026-08-01 02:44:01
재무건전성,경영혁신형 중소기업(메인비즈),주식회사 김약품,도매 및 소매업,도매 및 상품 중개업,중소기업,26.0,제주 제주시,3,2026-08-01 02:44:01
재무건전성,경영혁신형 중소기업(메인비즈),유니소재(주),도매 및 소매업,도매 및 상품 중개업,중소기업,30.0,경기 광주시,3,2026-08-01 02:44:01
재무건전성,경영혁신형 중소기업(메인비즈),창림에너지(주),도매 및 소매업,도매 및 상품 중개업,중소기업,27.0,경기 동두천시,3,2026-08-01 02:44:01
재무건전성,경영혁신형 중소기업(메인비즈),청산바다영어조합법인,도매 및 소매업,도매 및 상품 중개업,중소기업,22.0,,3,2026-08-01 02:44:01
재무건전성,경영혁신형 중소기업(메인비즈),(주)아이엠에스,도매 및 소매업,도매 및 상품 중개업,중소기업,9.0,부산 수영구,3,2026-08-01 02:44:01
재무건전성,경영혁신형 중소기업(메인비즈),주식회사 웅자네푸드,도매 및 소매업,도매 및 상품 중개업,중소기업,20.0,경기 시흥시,3,2026-08-01 02:44:01
재무건전성,경영혁신형 중소기업(메인비즈),국제인터트레이드(주),도매 및 소매업,도매 및 상품 중개업,중소기업,50.0,경기 성남시 중원구,3,2026-08-01 02:44:01
재무건전성,경영혁신형 중소기업(메인비즈),(주)트리엠,도매 및 소매업,도매 및 상품 중개업,중소기업,69.0,서울 성동구,3,2026-08-01 02:44:01
재무건전성,경영혁신형 중소기업(메인비즈),와우글로컴(주),도매 및 소매업,도매 및 상품 중개업,중소기업,9.0,서울 양천구,3,2026-08-01 02:44:01
재무건전성,경영혁신형 중소기업(메인비즈),피에스피에프앤디(주),도매 및 소매업,도매 및 상품 중개업,중소기업,72.0,서울 송파구,3,2026-08-01 02:44:01
재무건전성,경영혁신형 중소기업(메인비즈),(주)지앤케이솔루션즈,도매 및 소매업,도매 및 상품 중개업,중소기업,11.0,서울 구로구,3,2026-08-01 02:44:01
재무건전성,경영혁신형 중소기업(메인비즈),(주)팜월드,도매 및 소매업,도매 및 상품 중개업,중소기업,27.0,경기 의왕시,3,2026-08-01 02:44:01
재무건전성,경영혁신형 중소기업(메인비즈),(주)디엠아이시스템즈,도매 및 소매업,도매 및 상품 중개업,중소기업,39.0,서울 마포구,3,2026-08-01 02:44:01
재무건전성,경영혁신형 중소기업(메인비즈),(주)미디어메이트,도매 및 소매업,도매 및 상품 중개업,중소기업,25.0,서울 강남구,3,2026-08-01 02:44:01
재무건전성,경영혁신형 중소기업(메인비즈),(주)대원세라믹스,도매 및 소매업,도매 및 상품 중개업,중소기업,17.0,경기 김포시,3,2026-08-01 02:44:01
재무건전성,경영혁신형 중소기업(메인비즈),(주)롬인터네셔널,도매 및 소매업,도매 및 상품 중개업,중소기업,54.0,서울 동대문구,3,2026-08-01 02:44:01
재무건전성,경영혁신형 중소기업(메인비즈),(주)메디메스터,도매 및 소매업,도매 및 상품 중개업,중소기업,22.0,경기 광주시,3,2026-08-01 02:44:01
재무건전성,경영혁신형 중소기업(메인비즈),신원약품(주),도매 및 소매업,도매 및 상품 중개업,중소기업,36.0,서울 송파구,3,2026-08-01 02:44:01
재무건전성,경영혁신형 중소기업(메인비즈),구일종합식품(주),도매 및 소매업,도매 및 상품 중개업,중소기업,36.0,서울 강동구,3,2026-08-01 02:44:01
재무건전성,경영혁신형 중소기업(메인비즈),(주)가인철강,도매 및 소매업,도매 및 상품 중개업,중소기업,24.0,충북 청주시 청원구,3,2026-08-01 02:44:01
재무건전성,경영혁신형 중소기업(메인비즈),주식회사 용타일,도매 및 소매업,도매 및 상품 중개업,중소기업,32.0,,3,2026-08-01 02:44:01
재무건전성,경영혁신형 중소기업(메인비즈),(주)하스피,도매 및 소매업,도매 및 상품 중개업,중소기업,21.0,경기 하남시,3,2026-08-01 02:44:01
재무건전성,경영혁신형 중소기업(메인비즈),주식회사 동명스틸,도매 및 소매업,도매 및 상품 중개업,중소기업,22.0,경기 안성시,3,2026-08-01 02:44:01
재무건전성,경영혁신형 중소기업(메인비즈),주식회사 신기물류,도매 및 소매업,도매 및 상품 중개업,중소기업,10.0,,3,2026-08-01 02:44:01
재무건전성,경영혁신형 중소기업(메인비즈),주식회사 퍼스카,도매 및 소매업,도매 및 상품 중개업,중소기업,45.0,부산 해운대구,3,2026-08-01 02:44:01
재무건전성,경영혁신형 중소기업(메인비즈),(주)티씨에이코리아,도매 및 소매업,도매 및 상품 중개업,중소기업,19.0,경기 파주시,3,2026-08-01 02:44:01
재무건전성,경영혁신형 중소기업(메인비즈),(주)케이알스틸,도매 및 소매업,도매 및 상품 중개업,중소기업,13.0,부산 사상구,3,2026-08-01 02:44:01
재무건전성,경영혁신형 중소기업(메인비즈),주식회사 에스엔에이,도매 및 소매업,도매 및 상품 중개업,중소기업,40.0,서울 성동구,3,2026-08-01 02:44:01
재무건전성,경영혁신형 중소기업(메인비즈),영은페이퍼(주),도매 및 소매업,도매 및 상품 중개업,중소기업,65.0,서울 마포구,3,2026-08-01 02:44:01
재무건전성,경영혁신형 중소기업(메인비즈),솜인터내셔널(주),도매 및 소매업,도매 및 상품 중개업,중소기업,22.0,경기 용인시 처인구,3,2026-08-01 02:44:01
재무건전성,경영혁신형 중소기업(메인비즈),(주)정탑농산,도매 및 소매업,도매 및 상품 중개업,중소기업,7.0,경기 포천시,3,2026-08-01 02:44:01
재무건전성,경영혁신형 중소기업(메인비즈),(주)위드유컴퍼니,도매 및 소매업,도매 및 상품 중개업,중소기업,5.0,서울 성동구,3,2026-08-01 02:44:01
재무건전성,경영혁신형 중소기업(메인비즈),(주)에이치디씨테크,도매 및 소매업,도매 및 상품 중개업,중소기업,,서울 송파구,3,2026-08-01 02:44:01
재무건전성,경영혁신형 중소기업(메인비즈),주식회사 휘게,도매 및 소매업,도매 및 상품 중개업,중소기업,17.0,경기 고양시 일산동구,3,2026-08-01 02:44:01
재무건전성,경영혁신형 중소기업(메인비즈),(주)나라테크,도매 및 소매업,도매 및 상품 중개업,중소기업,18.0,대구 북구,3,2026-08-01 02:44:01
재무건전성,경영혁신형 중소기업(메인비즈),주식회사동원푸드,도매 및 소매업,도매 및 상품 중개업,중소기업,19.0,강원 속초시,3,2026-08-01 02:44:01
재무건전성,경영혁신형 중소기업(메인비즈),(주)한마음생명산업,도매 및 소매업,도매 및 상품 중개업,중소기업,12.0,,3,2026-08-01 02:44:01
재무건전성,경영혁신형 중소기업(메인비즈),(주)월드테크,도매 및 소매업,도매 및 상품 중개업,중소기업,15.0,대구 달서구,3,2026-08-01 02:44:01
재무건전성,경영혁신형 중소기업(메인비즈),주식회사 바로상사,도매 및 소매업,도매 및 상품 중개업,중소기업,27.0,경기 남양주시,2,2026-08-01 02:44:01
재무건전성,경영혁신형 중소기업(메인비즈),(주)플레이위즈,도매 및 소매업,도매 및 상품 중개업,중소기업,23.0,대구 동구,2,2026-08-01 02:44:01
재무건전성,경영혁신형 중소기업(메인비즈),림스케이블 주식회사,도매 및 소매업,도매 및 상품 중개업,중소기업,19.0,경기 수원시 권선구,2,2026-08-01 02:44:01
재무건전성,경영혁신형 중소기업(메인비즈),(주)에스지아이피,도매 및 소매업,도매 및 상품 중개업,중소기업,7.0,서울 광진구,2,2026-08-01 02:44:01
재무건전성,경영혁신형 중소기업(메인비즈),(주)이비즈타운,도매 및 소매업,도매 및 상품 중개업,중소기업,23.0,서울 영등포구,2,2026-08-01 02:44:01
재무건전성,경영혁신형 중소기업(메인비즈),주식회사안성모바일통신,도매 및 소매업,도매 및 상품 중개업,중소기업,93.0,경기 안성시,2,2026-08-01 02:44:01
재무건전성,경영혁신형 중소기업(메인비즈),농업회사법인 주식회사 팜스로컬푸드,도매 및 소매업,도매 및 상품 중개업,중소기업,31.0,,2,2026-08-01 02:44:01
재무건전성,경영혁신형 중소기업(메인비즈),(주)한가람약품,도매 및 소매업,도매 및 상품 중개업,중소기업,27.0,서울 서대문구,2,2026-08-01 02:44:01
재무건전성,경영혁신형 중소기업(메인비즈),(주)이룸시스,도매 및 소매업,도매 및 상품 중개업,중소기업,10.0,서울 금천구,2,2026-08-01 02:44:01
재무건전성,경영혁신형 중소기업(메인비즈),덕양에너지주식회사,도매 및 소매업,도매 및 상품 중개업,중견기업,10.0,,2,2026-08-01 02:44:01
재무건전성,경영혁신형 중소기업(메인비즈),주식회사 랩 메디라인,도매 및 소매업,도매 및 상품 중개업,중소기업,9.0,인천 남동구,2,2026-08-01 02:44:01
재무건전성,경영혁신형 중소기업(메인비즈),(주)드림씨앤비,도매 및 소매업,도매 및 상품 중개업,중소기업,14.0,경기 양주시,2,2026-08-01 02:44:01
재무건전성,경영혁신형 중소기업(메인비즈),두영조명 주식회사,도매 및 소매업,도매 및 상품 중개업,중소기업,10.0,경기 시흥시,2,2026-08-01 02:44:01
재무건전성,경영혁신형 중소기업(메인비즈),계산특수강(주),도매 및 소매업,도매 및 상품 중개업,중소기업,10.0,경기 화성시,2,2026-08-01 02:44:01
재무건전성,경영혁신형 중소기업(메인비즈),케이엠알 주식회사,도매 및 소매업,도매 및 상품 중개업,중소기업,53.0,경기 안양시 동안구,2,2026-08-01 02:44:01
재무건전성,경영혁신형 중소기업(메인비즈),주식회사 성규푸드시스템,도매 및 소매업,도매 및 상품 중개업,중소기업,18.0,경기 남양주시,2,2026-08-01 02:44:01
재무건전성,경영혁신형 중소기업(메인비즈),(주)영진에프에스,도매 및 소매업,도매 및 상품 중개업,중소기업,24.0,충북 증평군,2,2026-08-01 02:44:01
재무건전성,경영혁신형 중소기업(메인비즈),(주)태영인프라,도매 및 소매업,도매 및 상품 중개업,중소기업,13.0,대구 북구,2,2026-08-01 02:44:01
재무건전성,경영혁신형 중소기업(메인비즈),(주)건종,도매 및 소매업,도매 및 상품 중개업,중소기업,64.0,경기 화성시,2,2026-08-01 02:44:01
재무건전성,경영혁신형 중소기업(메인비즈),주식회사 서준약품,도매 및 소매업,도매 및 상품 중개업,중소기업,14.0,서울 마포구,2,2026-08-01 02:44:01
재무건전성,경영혁신형 중소기업(메인비즈),주식회사 포어링크,도매 및 소매업,도매 및 상품 중개업,중소기업,232.0,서울 금천구,2,2026-08-01 02:44:01
재무건전성,경영혁신형 중소기업(메인비즈),신광철강주식회사,도매 및 소매업,도매 및 상품 중개업,중소기업,18.0,대전 대덕구,2,2026-08-01 02:44:01
재무건전성,경영혁신형 중소기업(메인비즈),(주)단군소프트,도매 및 소매업,도매 및 상품 중개업,중소기업,52.0,서울 서초구,2,2026-08-01 02:44:01
재무건전성,경영혁신형 중소기업(메인비즈),주식회사 티에스푸드,도매 및 소매업,도매 및 상품 중개업,중소기업,23.0,경기 광명시,2,2026-08-01 02:44:01
재무건전성,경영혁신형 중소기업(메인비즈),주식회사 비엔솔루션,도매 및 소매업,도매 및 상품 중개업,중소기업,27.0,인천 부평구,2,2026-08-01 02:44:01
재무건전성,경영혁신형 중소기업(메인비즈),영진종합전기주식회사,도매 및 소매업,도매 및 상품 중개업,중소기업,9.0,세종,2,2026-08-01 02:44:01
재무건전성,경영혁신형 중소기업(메인비즈),네오프랜드(주),도매 및 소매업,도매 및 상품 중개업,중소기업,38.0,서울 용산구,2,2026-08-01 02:44:01
재무건전성,경영혁신형 중소기업(메인비즈),(주) 슈랜드,도매 및 소매업,도매 및 상품 중개업,중소기업,277.0,부산 부산진구,2,2026-08-01 02:44:01
재무건전성,경영혁신형 중소기업(메인비즈),영진앵글(주),도매 및 소매업,도매 및 상품 중개업,중소기업,79.0,경기 하남시,2,2026-08-01 02:44:01
재무건전성,경영혁신형 중소기업(메인비즈),주식회사 씨엘에스,도매 및 소매업,도매 및 상품 중개업,중소기업,7.0,서울 동대문구,2,2026-08-01 02:44:01
재무건전성,경영혁신형 중소기업(메인비즈),쓰리씨통상(주),도매 및 소매업,도매 및 상품 중개업,중소기업,22.0,서울 강남구,2,2026-08-01 02:44:01
재무건전성,경영혁신형 중소기업(메인비즈),주식회사 서일애니팜,도매 및 소매업,도매 및 상품 중개업,중소기업,27.0,충남 천안시 동남구,2,2026-08-01 02:44:01
재무건전성,경영혁신형 중소기업(메인비즈),(주)합천철강,도매 및 소매업,도매 및 상품 중개업,중견기업,31.0,경남 창원시 의창구,2,2026-08-01 02:44:01
재무건전성,경영혁신형 중소기업(메인비즈),(주)거산피앤에프,도매 및 소매업,도매 및 상품 중개업,중소기업,11.0,,2,2026-08-01 02:44:01
재무건전성,경영혁신형 중소기업(메인비즈),주식회사 랜오아시스,도매 및 소매업,도매 및 상품 중개업,중소기업,23.0,서울 구로구,2,2026-08-01 02:44:01
재무건전성,경영혁신형 중소기업(메인비즈),엘앤에스정보기술(주),도매 및 소매업,도매 및 상품 중개업,중소기업,23.0,서울 강남구,2,2026-08-01 02:44:01
재무건전성,경영혁신형 중소기업(메인비즈),(주)브레인네트웍스,도매 및 소매업,도매 및 상품 중개업,중소기업,17.0,서울 송파구,2,2026-08-01 02:44:01
재무건전성,경영혁신형 중소기업(메인비즈),에스코텍(주),도매 및 소매업,도매 및 상품 중개업,중소기업,18.0,경기 용인시 기흥구,2,2026-08-01 02:44:01
재무건전성,경영혁신형 중소기업(메인비즈),주식회사 성우씨앤미,도매 및 소매업,도매 및 상품 중개업,중소기업,11.0,부산 기장군,2,2026-08-01 02:44:01
재무건전성,경영혁신형 중소기업(메인비즈),(주)대한사람대한으로,도매 및 소매업,도매 및 상품 중개업,중소기업,25.0,경기 용인시 처인구,2,2026-08-01 02:44:01
재무건전성,경영혁신형 중소기업(메인비즈),투앤원정보통신(주),도매 및 소매업,도매 및 상품 중개업,중소기업,18.0,서울 구로구,2,2026-08-01 02:44:01
재무건전성,경영혁신형 중소기업(메인비즈),주식회사 지엑스,도매 및 소매업,도매 및 상품 중개업,중소기업,30.0,경북 경산시,2,2026-08-01 02:44:01
재무건전성,경영혁신형 중소기업(메인비즈),(주)지원에스아이,도매 및 소매업,도매 및 상품 중개업,중소기업,30.0,경북 영천시,2,2026-08-01 02:44:01
재무건전성,경영혁신형 중소기업(메인비즈),(주)가을디에스,도매 및 소매업,도매 및 상품 중개업,중소기업,18.0,서울 영등포구,2,2026-08-01 02:44:01
재무건전성,경영혁신형 중소기업(메인비즈),(주)한국체인모터,도매 및 소매업,도매 및 상품 중개업,중소기업,77.0,인천 남동구,2,2026-08-01 02:44:01
재무건전성,경영혁신형 중소기업(메인비즈),주식회사 현일약품,도매 및 소매업,도매 및 상품 중개업,중소기업,16.0,제주 제주시,1,2026-08-01 02:44:01
재무건전성,경영혁신형 중소기업(메인비즈),그릿모터테인먼트 주식회사,도매 및 소매업,도매 및 상품 중개업,중소기업,,서울 강남구,1,2026-08-01 02:44:01
재무건전성,경영혁신형 중소기업(메인비즈),(주)이브이케이엠씨,도매 및 소매업,도매 및 상품 중개업,중소기업,,경기 시흥시,1,2026-08-01 02:44:01
재무건전성,경영혁신형 중소기업(메인비즈),주식회사 티에이파트너스,도매 및 소매업,도매 및 상품 중개업,중소기업,10.0,서울 성동구,1,2026-08-01 02:44:01
재무건전성,경영혁신형 중소기업(메인비즈),주식회사 비케이 Corp.,도매 및 소매업,도매 및 상품 중개업,중소기업,9.0,서울 영등포구,1,2026-08-01 02:44:01
재무건전성,경영혁신형 중소기업(메인비즈),(주)케이오닉스,도매 및 소매업,도매 및 상품 중개업,중소기업,7.0,서울 금천구,1,2026-08-01 02:44:01
재무건전성,경영혁신형 중소기업(메인비즈),주식회사 메이텍스타일,도매 및 소매업,도매 및 상품 중개업,중소기업,20.0,서울 광진구,1,2026-08-01 02:44:01
재무건전성,경영혁신형 중소기업(메인비즈),(주)케이투 코리아,도매 및 소매업,도매 및 상품 중개업,중소기업,17.0,경기 고양시 일산동구,1,2026-08-01 02:44:01
재무건전성,경영혁신형 중소기업(메인비즈),(주)이비아이앤씨,도매 및 소매업,도매 및 상품 중개업,중소기업,61.0,서울 영등포구,1,2026-08-01 02:44:01
재무건전성,경영혁신형 중소기업(메인비즈),(주)엘씨케이테크놀로지스,도매 및 소매업,도매 및 상품 중개업,중소기업,32.0,서울 강서구,1,2026-08-01 02:44:01
재무건전성,경영혁신형 중소기업(메인비즈),주식회사 중앙에프앤비,도매 및 소매업,도매 및 상품 중개업,중소기업,29.0,경기 시흥시,1,2026-08-01 02:44:01
재무건전성,경영혁신형 중소기업(메인비즈),(주)하은테크,도매 및 소매업,도매 및 상품 중개업,중소기업,15.0,경기 안양시 동안구,1,2026-08-01 02:44:01
재무건전성,경영혁신형 중소기업(메인비즈),동림석유산업(주),도매 및 소매업,도매 및 상품 중개업,중견기업,19.0,경북 문경시,1,2026-08-01 02:44:01
재무건전성,경영혁신형 중소기업(메인비즈),(주)디벨로바이오,도매 및 소매업,도매 및 상품 중개업,중소기업,14.0,경기 성남시 중원구,1,2026-08-01 02:44:01
재무건전성,경영혁신형 중소기업(메인비즈),주식회사 대건산전,도매 및 소매업,도매 및 상품 중개업,중소기업,,대전 대덕구,1,2026-08-01 02:44:01
재무건전성,경영혁신형 중소기업(메인비즈),(주)금단에프앤디,도매 및 소매업,도매 및 상품 중개업,중소기업,13.0,경기 성남시 분당구,1,2026-08-01 02:44:01
재무건전성,경영혁신형 중소기업(메인비즈),주식회사 대명엔컴,도매 및 소매업,도매 및 상품 중개업,중소기업,14.0,인천 미추홀구,1,2026-08-01 02:44:01
재무건전성,경영혁신형 중소기업(메인비즈),(주)제일종합상사웰딩,도매 및 소매업,도매 및 상품 중개업,중소기업,11.0,경기 화성시,1,2026-08-01 02:44:01
재무건전성,경영혁신형 중소기업(메인비즈),주식회사 임페리얼스포츠,도매 및 소매업,도매 및 상품 중개업,중소기업,49.0,경기 남양주시,1,2026-08-01 02:44:01
재무건전성,경영혁신형 중소기업(메인비즈),주식회사 웰빙푸드,도매 및 소매업,도매 및 상품 중개업,중소기업,137.0,경기 고양시 덕양구,1,2026-08-01 02:44:01
재무건전성,경영혁신형 중소기업(메인비즈),(주)베이넥스,도매 및 소매업,도매 및 상품 중개업,중견기업,121.0,서울 영등포구,1,2026-08-01 02:44:01
재무건전성,경영혁신형 중소기업(메인비즈),(주)브람스생활건강,도매 및 소매업,도매 및 상품 중개업,중소기업,53.0,경기 광주시,1,2026-08-01 02:44:01
재무건전성,경영혁신형 중소기업(메인비즈),(주)인컴씨엔에스,도매 및 소매업,도매 및 상품 중개업,중소기업,7.0,서울 용산구,1,2026-08-01 02:44:01
재무건전성,경영혁신형 중소기업(메인비즈),(주)쎄미게이트,도매 및 소매업,도매 및 상품 중개업,중소기업,13.0,서울 구로구,1,2026-08-01 02:44:01
재무건전성,경영혁신형 중소기업(메인비즈),골든벨통상(주),도매 및 소매업,도매 및 상품 중개업,중소기업,9.0,서울 송파구,1,2026-08-01 02:44:01
재무건전성,경영혁신형 중소기업(메인비즈),(주)엠플레이그라운드,도매 및 소매업,도매 및 상품 중개업,중소기업,213.0,서울 마포구,1,2026-08-01 02:44:01
재무건전성,경영혁신형 중소기업(메인비즈),주식회사 라인업코리아,도매 및 소매업,도매 및 상품 중개업,중소기업,75.0,경기 고양시 덕양구,1,2026-08-01 02:44:01
재무건전성,경영혁신형 중소기업(메인비즈),(주)아이피에스코리아,도매 및 소매업,도매 및 상품 중개업,중소기업,15.0,경기 광주시,1,2026-08-01 02:44:01
재무건전성,경영혁신형 중소기업(메인비즈),(주)황덕기술단,도매 및 소매업,도매 및 상품 중개업,중소기업,16.0,서울 성동구,1,2026-08-01 02:44:01
재무건전성,경영혁신형 중소기업(메인비즈),(주)필코리아테크놀로지,도매 및 소매업,도매 및 상품 중개업,중소기업,35.0,대전 유성구,1,2026-08-01 02:44:01
재무건전성,경영혁신형 중소기업(메인비즈),지엘루비콘(주),도매 및 소매업,도매 및 상품 중개업,중소기업,35.0,경기 안양시 동안구,1,2026-08-01 02:44:01
재무건전성,경영혁신형 중소기업(메인비즈),(주)위캔케어,도매 및 소매업,도매 및 상품 중개업,중소기업,10.0,서울 강서구,1,2026-08-01 02:44:01
재무건전성,경영혁신형 중소기업(메인비즈),(주)원메디칼,도매 및 소매업,도매 및 상품 중개업,중소기업,19.0,경기 부천시,1,2026-08-01 02:44:01
재무건전성,경영혁신형 중소기업(메인비즈),주식회사 제일철강,도매 및 소매업,도매 및 상품 중개업,중소기업,15.0,전북 전주시 덕진구,1,2026-08-01 02:44:01
재무건전성,경영혁신형 중소기업(메인비즈),(주)와이식자재마트계림점,도매 및 소매업,도매 및 상품 중개업,중소기업,18.0,,1,2026-08-01 02:44:01
재무건전성,경영혁신형 중소기업(메인비즈),월드페이퍼(주),도매 및 소매업,도매 및 상품 중개업,중소기업,50.0,경기 파주시,1,2026-08-01 02:44:01
재무건전성,경영혁신형 중소기업(메인비즈),(주)한성엔지니어링,도매 및 소매업,도매 및 상품 중개업,중소기업,42.0,경기 화성시,1,2026-08-01 02:44:01
재무건전성,경영혁신형 중소기업(메인비즈),(주)코리아테크,도매 및 소매업,도매 및 상품 중개업,중소기업,112.0,서울 강남구,1,2026-08-01 02:44:01
재무건전성,경영혁신형 중소기업(메인비즈),(주)이도,도매 및 소매업,도매 및 상품 중개업,중소기업,44.0,충북 청주시 서원구,1,2026-08-01 02:44:01
재무건전성,경영혁신형 중소기업(메인비즈),이엔지폴리머(주),도매 및 소매업,도매 및 상품 중개업,중소기업,12.0,경남 양산시,1,2026-08-01 02:44:01
재무건전성,경영혁신형 중소기업(메인비즈),주식회사 티앤티솔루션,도매 및 소매업,도매 및 상품 중개업,중소기업,51.0,서울 용산구,1,2026-08-01 02:44:01
재무건전성,경영혁신형 중소기업(메인비즈),농업회사법인(주)잇츠프레시,도매 및 소매업,도매 및 상품 중개업,중소기업,,경기 광주시,1,2026-08-01 02:44:01
재무건전성,경영혁신형 중소기업(메인비즈),(주)유한에스디,도매 및 소매업,도매 및 상품 중개업,중소기업,,제주 제주시,1,2026-08-01 02:44:01
재무건전성,경영혁신형 중소기업(메인비즈),에스엠티정보기술(주),도매 및 소매업,도매 및 상품 중개업,중소기업,132.0,서울 금천구,1,2026-08-01 02:44:01
재무건전성,경영혁신형 중소기업(메인비즈),(주)한울,도매 및 소매업,도매 및 상품 중개업,중소기업,13.0,충남 당진시,1,2026-08-01 02:44:01
재무건전성,경영혁신형 중소기업(메인비즈),주식회사 샘빌,도매 및 소매업,도매 및 상품 중개업,중소기업,40.0,경기 안양시 동안구,1,2026-08-01 02:44:01
재무건전성,경영혁신형 중소기업(메인비즈),(주)오성유통,도매 및 소매업,도매 및 상품 중개업,중소기업,15.0,,1,2026-08-01 02:44:01
재무건전성,경영혁신형 중소기업(메인비즈),(주)열림데이타시스템,도매 및 소매업,도매 및 상품 중개업,중소기업,37.0,서울 구로구,1,2026-08-01 02:44:01
재무건전성,경영혁신형 중소기업(메인비즈),주식회사 테라텍,도매 및 소매업,도매 및 상품 중개업,중소기업,60.0,서울 금천구,1,2026-08-01 02:44:01
재무건전성,경영혁신형 중소기업(메인비즈),(주)서보스타,도매 및 소매업,도매 및 상품 중개업,중소기업,48.0,경기 시흥시,1,2026-08-01 02:44:01
재무건전성,경영혁신형 중소기업(메인비즈),(주) 상일기업,도매 및 소매업,도매 및 상품 중개업,중소기업,17.0,서울 동대문구,1,2026-08-01 02:44:01
재무건전성,경영혁신형 중소기업(메인비즈),(주)리버네트워크,도매 및 소매업,도매 및 상품 중개업,중소기업,43.0,서울 용산구,1,2026-08-01 02:44:01
재무건전성,경영혁신형 중소기업(메인비즈),세계로케미칼(주),도매 및 소매업,도매 및 상품 중개업,중소기업,18.0,경기 안양시 동안구,1,2026-08-01 02:44:01
재무건전성,경영혁신형 중소기업(메인비즈),주식회사 비스무트,도매 및 소매업,도매 및 상품 중개업,중소기업,18.0,서울 영등포구,1,2026-08-01 02:44:01
재무건전성,경영혁신형 중소기업(메인비즈),농업회사법인 주식회사 프레시스타,도매 및 소매업,도매 및 상품 중개업,중소기업,21.0,서울 송파구,1,2026-08-01 02:44:01
재무건전성,경영혁신형 중소기업(메인비즈),주식회사 이노퍼스트,도매 및 소매업,도매 및 상품 중개업,중소기업,19.0,서울 용산구,1,2026-08-01 02:44:01
재무건전성,경영혁신형 중소기업(메인비즈),주식회사 에스피상사,도매 및 소매업,도매 및 상품 중개업,중소기업,6.0,대전 대덕구,1,2026-08-01 02:44:01
재무건전성,경영혁신형 중소기업(메인비즈),에이티앤에프글로벌 주식회사,도매 및 소매업,도매 및 상품 중개업,중소기업,20.0,서울 강서구,1,2026-08-01 02:44:01
재무건전성,경영혁신형 중소기업(메인비즈),(주)일현전자,도매 및 소매업,도매 및 상품 중개업,중소기업,36.0,경기 용인시 처인구,1,2026-08-01 02:44:01
재무건전성,경영혁신형 중소기업(메인비즈),주식회사 제주사랑축산,도매 및 소매업,도매 및 상품 중개업,중소기업,,제주 제주시,1,2026-08-01 02:44:01
재무건전성,경영혁신형 중소기업(메인비즈),(주)나비타월드,도매 및 소매업,도매 및 상품 중개업,중소기업,27.0,서울 강서구,1,2026-08-01 02:44:01
재무건전성,경영혁신형 중소기업(메인비즈),새결정보통신(주),도매 및 소매업,도매 및 상품 중개업,중소기업,21.0,서울 성동구,1,2026-08-01 02:44:01
재무건전성,경영혁신형 중소기업(메인비즈),주식회사 이노트릭스,도매 및 소매업,도매 및 상품 중개업,중소기업,13.0,,1,2026-08-01 02:44:01
재무건전성,경영혁신형 중소기업(메인비즈),(주)다우에프에이,도매 및 소매업,도매 및 상품 중개업,중소기업,15.0,충남 천안시 서북구,1,2026-08-01 02:44:01
재무건전성,경영혁신형 중소기업(메인비즈),모두헬스케어(주),도매 및 소매업,도매 및 상품 중개업,중소기업,13.0,대전 동구,1,2026-08-01 02:44:01
재무건전성,경영혁신형 중소기업(메인비즈),(주)유로사이언스,도매 및 소매업,도매 및 상품 중개업,중소기업,27.0,경기 성남시 중원구,1,2026-08-01 02:44:01
재무건전성,경영혁신형 중소기업(메인비즈),대영식품 주식회사,도매 및 소매업,도매 및 상품 중개업,중소기업,,경기 파주시,1,2026-08-01 02:44:01
재무건전성,경영혁신형 중소기업(메인비즈),주식회사 엠디에스,도매 및 소매업,도매 및 상품 중개업,중소기업,19.0,경기 남양주시,1,2026-08-01 02:44:01
재무건전성,경영혁신형 중소기업(메인비즈),대상라이프사이언스(주),도매 및 소매업,도매 및 상품 중개업,중견기업,331.0,서울 종로구,1,2026-08-01 02:44:01
재무건전성,경영혁신형 중소기업(메인비즈),원광산전(주),도매 및 소매업,도매 및 상품 중개업,중소기업,26.0,경기 남양주시,1,2026-08-01 02:44:01
재무건전성,경영혁신형 중소기업(메인비즈),주식회사 에스앤씨,도매 및 소매업,도매 및 상품 중개업,중소기업,33.0,경기 하남시,1,2026-08-01 02:44:01
재무건전성,경영혁신형 중소기업(메인비즈),주식회사 새이레,도매 및 소매업,도매 및 상품 중개업,중소기업,4.0,경남 김해시,1,2026-08-01 02:44:01
재무건전성,경영혁신형 중소기업(메인비즈),세광인터내셔날네트워크(주),도매 및 소매업,도매 및 상품 중개업,중소기업,36.0,서울 광진구,1,2026-08-01 02:44:01
재무건전성,경영혁신형 중소기업(메인비즈),(주)바른손,도매 및 소매업,도매 및 상품 중개업,중소기업,115.0,경기 수원시 영통구,1,2026-08-01 02:44:01
재무건전성,경영혁신형 중소기업(메인비즈),주식회사 웰팜,도매 및 소매업,도매 및 상품 중개업,중소기업,25.0,,1,2026-08-01 02:44:01
재무건전성,경영혁신형 중소기업(메인비즈),주식회사 오트리푸드,도매 및 소매업,도매 및 상품 중개업,중소기업,25.0,서울 강남구,1,2026-08-01 02:44:01
재무건전성,경영혁신형 중소기업(메인비즈),송림메디칼 주식회사,도매 및 소매업,도매 및 상품 중개업,중소기업,1.0,대전 중구,1,2026-08-01 02:44:01
재무건전성,경영혁신형 중소기업(메인비즈),(주)우진트레이딩,도매 및 소매업,도매 및 상품 중개업,중소기업,17.0,경기 안양시 만안구,0,2026-08-01 02:44:01
재무건전성,경영혁신형 중소기업(메인비즈),풍전약품 (주),도매 및 소매업,도매 및 상품 중개업,중소기업,18.0,서울 강남구,0,2026-08-01 02:44:01
재무건전성,경영혁신형 중소기업(메인비즈),주식회사 고고마,도매 및 소매업,도매 및 상품 중개업,중소기업,26.0,서울 중구,0,2026-08-01 02:44:01
재무건전성,경영혁신형 중소기업(메인비즈),(주)레이델코리아,도매 및 소매업,도매 및 상품 중개업,중소기업,114.0,서울 서초구,0,2026-08-01 02:44:01
재무건전성,경영혁신형 중소기업(메인비즈),(주)지은정보통신,도매 및 소매업,도매 및 상품 중개업,중소기업,36.0,경기 안양시 만안구,0,2026-08-01 02:44:01
재무건전성,경영혁신형 중소기업(메인비즈),농업법인산촌들주식회사,도매 및 소매업,도매 및 상품 중개업,,,경기 평택시,0,2026-08-01 02:44:01
재무건전성,경영혁신형 중소기업(메인비즈),(주)영원상사,도매 및 소매업,도매 및 상품 중개업,중소기업,16.0,대구 북구,0,2026-08-01 02:44:01
재무건전성,경영혁신형 중소기업(메인비즈),누아트 주식회사,도매 및 소매업,도매 및 상품 중개업,중소기업,,서울 영등포구,0,2026-08-01 02:44:01
재무건전성,경영혁신형 중소기업(메인비즈),(주)벤하임코리아,도매 및 소매업,도매 및 상품 중개업,,,경기 파주시,0,2026-08-01 02:44:01
재무건전성,경영혁신형 중소기업(메인비즈),(주)인스코리아,도매 및 소매업,도매 및 상품 중개업,중소기업,27.0,경기 안산시 단원구,0,2026-08-01 02:44:01
재무건전성,경영혁신형 중소기업(메인비즈),(주)씨에스비전,도매 및 소매업,도매 및 상품 중개업,,,서울 영등포구,0,2026-08-01 02:44:01
재무건전성,경영혁신형 중소기업(메인비즈),주식회사 후후인터내셔널,도매 및 소매업,도매 및 상품 중개업,,,서울 강남구,0,2026-08-01 02:44:01
재무건전성,경영혁신형 중소기업(메인비즈),(주)무지개약품,도매 및 소매업,도매 및 상품 중개업,중소기업,26.0,부산 수영구,0,2026-08-01 02:44:01
재무건전성,경영혁신형 중소기업(메인비즈),(주)학술정보,도매 및 소매업,도매 및 상품 중개업,중소기업,21.0,서울 금천구,0,2026-08-01 02:44:01
재무건전성,경영혁신형 중소기업(메인비즈),(주)디지탈지앤티,도매 및 소매업,도매 및 상품 중개업,중소기업,17.0,서울 용산구,0,2026-08-01 02:44:01
재무건전성,경영혁신형 중소기업(메인비즈),주식회사 매일정보기술,도매 및 소매업,도매 및 상품 중개업,중소기업,,서울 금천구,0,2026-08-01 02:44:01
재무건전성,경영혁신형 중소기업(메인비즈),주식회사 스킨앤플러스,도매 및 소매업,도매 및 상품 중개업,중소기업,17.0,서울 강남구,0,2026-08-01 02:44:01
재무건전성,경영혁신형 중소기업(메인비즈),(주)넥스트정보기술,도매 및 소매업,도매 및 상품 중개업,중소기업,14.0,서울 영등포구,0,2026-08-01 02:44:01
재무건전성,경영혁신형 중소기업(메인비즈),주식회사 현우,도매 및 소매업,도매 및 상품 중개업,중소기업,63.0,,0,2026-08-01 02:44:01
재무건전성,경영혁신형 중소기업(메인비즈),(주)제일메디칼,도매 및 소매업,도매 및 상품 중개업,중소기업,9.0,경남 창원시 의창구,0,2026-08-01 02:44:01
재무건전성,경영혁신형 중소기업(메인비즈),(주)더블유,도매 및 소매업,도매 및 상품 중개업,중소기업,23.0,대구 중구,0,2026-08-01 02:44:01
재무건전성,경영혁신형 중소기업(메인비즈),헬스밸런스(주),도매 및 소매업,도매 및 상품 중개업,,,서울 강남구,0,2026-08-01 02:44:01
재무건전성,경영혁신형 중소기업(메인비즈),(주)파코인터내셔날,도매 및 소매업,도매 및 상품 중개업,중소기업,34.0,서울 서초구,0,2026-08-01 02:44:01
재무건전성,경영혁신형 중소기업(메인비즈),(주)인비전스,도매 및 소매업,도매 및 상품 중개업,,,서울 용산구,0,2026-08-01 02:44:01
재무건전성,경영혁신형 중소기업(메인비즈),주식회사 링크플레이스,도매 및 소매업,도매 및 상품 중개업,중소기업,32.0,서울 송파구,0,2026-08-01 02:44:01
재무건전성,경영혁신형 중소기업(메인비즈),주식회사 유석철강산업,도매 및 소매업,도매 및 상품 중개업,중소기업,25.0,충북 청주시 청원구,0,2026-08-01 02:44:01
재무건전성,경영혁신형 중소기업(메인비즈),(주)토우그린,도매 및 소매업,도매 및 상품 중개업,중소기업,30.0,충남 천안시 동남구,0,2026-08-01 02:44:01
재무건전성,경영혁신형 중소기업(메인비즈),(주)솔리드팜,도매 및 소매업,도매 및 상품 중개업,,,경기 의정부시,0,2026-08-01 02:44:01
재무건전성,경영혁신형 중소기업(메인비즈),(주)클릭,도매 및 소매업,도매 및 상품 중개업,중소기업,10.0,충북 음성군,0,2026-08-01 02:44:01
재무건전성,경영혁신형 중소기업(메인비즈),주식회사 지리페,도매 및 소매업,도매 및 상품 중개업,,,서울 광진구,0,2026-08-01 02:44:01
재무건전성,경영혁신형 중소기업(메인비즈),주식회사 소백산한우프라자,도매 및 소매업,도매 및 상품 중개업,중소기업,8.0,대구 북구,0,2026-08-01 02:44:01
재무건전성,경영혁신형 중소기업(메인비즈),해성에스티(주),도매 및 소매업,도매 및 상품 중개업,,,서울 강남구,0,2026-08-01 02:44:01
재무건전성,경영혁신형 중소기업(메인비즈),승진이엠씨 주식회사,도매 및 소매업,도매 및 상품 중개업,,,경남 김해시,0,2026-08-01 02:44:01
재무건전성,경영혁신형 중소기업(메인비즈),주식회사 네이처가든,도매 및 소매업,도매 및 상품 중개업,중소기업,,서울 동대문구,0,2026-08-01 02:44:01
재무건전성,경영혁신형 중소기업(메인비즈),제이큐브데이터(주),도매 및 소매업,도매 및 상품 중개업,중소기업,58.0,서울 서초구,0,2026-08-01 02:44:01
재무건전성,경영혁신형 중소기업(메인비즈),(주)대양약품,도매 및 소매업,도매 및 상품 중개업,중소기업,15.0,,0,2026-08-01 02:44:01
재무건전성,경영혁신형 중소기업(메인비즈),활안약품주식회사,도매 및 소매업,도매 및 상품 중개업,중소기업,12.0,서울 동대문구,0,2026-08-01 02:44:01
재무건전성,경영혁신형 중소기업(메인비즈),주식회사 진선팜,도매 및 소매업,도매 및 상품 중개업,중소기업,19.0,충북 청주시 청원구,0,2026-08-01 02:44:01
재무건전성,경영혁신형 중소기업(메인비즈),(주)명인일렉트로닉스,도매 및 소매업,도매 및 상품 중개업,중소기업,22.0,서울 용산구,0,2026-08-01 02:44:01
재무건전성,경영혁신형 중소기업(메인비즈),주식회사 상우측기,도매 및 소매업,도매 및 상품 중개업,,,경기 남양주시,0,2026-08-01 02:44:01
재무건전성,경영혁신형 중소기업(메인비즈),(주)비엘에스,도매 및 소매업,도매 및 상품 중개업,중소기업,37.0,서울 성동구,0,2026-08-01 02:44:01
재무건전성,경영혁신형 중소기업(메인비즈),성도교역,도매 및 소매업,도매 및 상품 중개업,,,서울 서대문구,0,2026-08-01 02:44:01
재무건전성,경영혁신형 중소기업(메인비즈),주식회사 에듀에이드,도매 및 소매업,도매 및 상품 중개업,중소기업,13.0,대전 서구,0,2026-08-01 02:44:01
재무건전성,경영혁신형 중소기업(메인비즈),우성종합유통,도매 및 소매업,도매 및 상품 중개업,중소기업,12.0,제주 서귀포시,0,2026-08-01 02:44:01
재무건전성,경영혁신형 중소기업(메인비즈),(주)제엠디케미칼,도매 및 소매업,도매 및 상품 중개업,중소기업,15.0,인천 연수구,0,2026-08-01 02:44:01
재무건전성,경영혁신형 중소기업(메인비즈),주식회사 에쎄르,도매 및 소매업,도매 및 상품 중개업,,,경기 김포시,0,2026-08-01 02:44:01
재무건전성,경영혁신형 중소기업(메인비즈),(주)경진코퍼레이션,도매 및 소매업,도매 및 상품 중개업,중소기업,13.0,서울 구로구,0,2026-08-01 02:44:01
재무건전성,경영혁신형 중소기업(메인비즈),(주)선덜랜드코리아,도매 및 소매업,도매 및 상품 중개업,중소기업,24.0,경기 성남시 분당구,0,2026-08-01 02:44:01
재무건전성,경영혁신형 중소기업(메인비즈),평창하이그로스 주식회사,도매 및 소매업,도매 및 상품 중개업,중소기업,27.0,서울 서초구,0,2026-08-01 02:44:01
재무건전성,경영혁신형 중소기업(메인비즈),삼성네오정보(주),도매 및 소매업,도매 및 상품 중개업,중소기업,74.0,서울 용산구,0,2026-08-01 02:44:01
재무건전성,경영혁신형 중소기업(메인비즈),주식회사 한라축산,도매 및 소매업,도매 및 상품 중개업,중소기업,18.0,제주 제주시,0,2026-08-01 02:44:01
재무건전성,경영혁신형 중소기업(메인비즈),(주)에스앤엘컴,도매 및 소매업,도매 및 상품 중개업,중소기업,12.0,서울 용산구,0,2026-08-01 02:44:01
재무건전성,경영혁신형 중소기업(메인비즈),삼성특수유,도매 및 소매업,도매 및 상품 중개업,중소기업,0.0,경북 경산시,0,2026-08-01 02:44:01
재무건전성,경영혁신형 중소기업(메인비즈),주식회사 딕트,도매 및 소매업,도매 및 상품 중개업,중소기업,11.0,서울 강남구,0,2026-08-01 02:44:01
재무건전성,경영혁신형 중소기업(메인비즈),나이스페이퍼(유),도매 및 소매업,도매 및 상품 중개업,,,서울 종로구,0,2026-08-01 02:44:01
재무건전성,경영혁신형 중소기업(메인비즈),주식회사 녹색약품,도매 및 소매업,도매 및 상품 중개업,중소기업,20.0,서울 영등포구,0,2026-08-01 02:44:01
재무건전성,경영혁신형 중소기업(메인비즈),주식회사 제이케이인터내셔널,도매 및 소매업,도매 및 상품 중개업,중소기업,34.0,서울 동대문구,0,2026-08-01 02:44:01
재무건전성,경영혁신형 중소기업(메인비즈),(주)동성메디칼,도매 및 소매업,도매 및 상품 중개업,중소기업,8.0,대전 중구,0,2026-08-01 02:44:01
재무건전성,경영혁신형 중소기업(메인비즈),(주)아이티솔루션,도매 및 소매업,도매 및 상품 중개업,중소기업,,서울 영등포구,0,2026-08-01 02:44:01
재무건전성,경영혁신형 중소기업(메인비즈),(주)도담아이,도매 및 소매업,도매 및 상품 중개업,중소기업,7.0,서울 강남구,0,2026-08-01 02:44:01
재무건전성,경영혁신형 중소기업(메인비즈),주식회사 카멜인터내셔널,도매 및 소매업,도매 및 상품 중개업,중소기업,36.0,서울 금천구,0,2026-08-01 02:44:01
재무건전성,경영혁신형 중소기업(메인비즈),주식회사 에이치케이세미텍,도매 및 소매업,도매 및 상품 중개업,,,경기 안양시 동안구,0,2026-08-01 02:44:01
재무건전성,경영혁신형 중소기업(메인비즈),빛가람정보(주),도매 및 소매업,도매 및 상품 중개업,중소기업,36.0,,0,2026-08-01 02:44:01
재무건전성,경영혁신형 중소기업(메인비즈),(주)케이엔정보기술,도매 및 소매업,도매 및 상품 중개업,,,경북 김천시,0,2026-08-01 02:44:01
재무건전성,경영혁신형 중소기업(메인비즈),(주)엘빅스,도매 및 소매업,도매 및 상품 중개업,중소기업,,서울 강남구,0,2026-08-01 02:44:01
재무건전성,경영혁신형 중소기업(메인비즈),주식회사 에스디에프인터내셔널,도매 및 소매업,도매 및 상품 중개업,,,서울 서초구,0,2026-08-01 02:44:01
재무건전성,경영혁신형 중소기업(메인비즈),(주)탑코글로벌,도매 및 소매업,도매 및 상품 중개업,중견기업,9.0,서울 강남구,0,2026-08-01 02:44:01
재무건전성,경영혁신형 중소기업(메인비즈),(주)유정메디텍,도매 및 소매업,도매 및 상품 중개업,중소기업,49.0,서울 중구,0,2026-08-01 02:44:01
재무건전성,경영혁신형 중소기업(메인비즈),(주)툴렉스,도매 및 소매업,도매 및 상품 중개업,중소기업,5.0,경기 안양시 동안구,0,2026-08-01 02:44:01
재무건전성,경영혁신형 중소기업(메인비즈),주식회사 준성폴리머,도매 및 소매업,도매 및 상품 중개업,중소기업,10.0,서울 마포구,0,2026-08-01 02:44:01
재무건전성,경영혁신형 중소기업(메인비즈),(주)영진종합전기,도매 및 소매업,도매 및 상품 중개업,,,부산 사하구,0,2026-08-01 02:44:01
재무건전성,경영혁신형 중소기업(메인비즈),주식회사 미래바이오텍,도매 및 소매업,도매 및 상품 중개업,중소기업,8.0,경기 포천시,0,2026-08-01 02:44:01
재무건전성,경영혁신형 중소기업(메인비즈),어업회사법인 금강씨푸드 주식회사,도매 및 소매업,도매 및 상품 중개업,,,,0,2026-08-01 02:44:01
재무건전성,경영혁신형 중소기업(메인비즈),(주)부경메디칼,도매 및 소매업,도매 및 상품 중개업,중소기업,14.0,부산 부산진구,0,2026-08-01 02:44:01
재무건전성,경영혁신형 중소기업(메인비즈),(주)라이노정보기술,도매 및 소매업,도매 및 상품 중개업,중소기업,31.0,경남 김해시,0,2026-08-01 02:44:01
재무건전성,경영혁신형 중소기업(메인비즈),(주)에셈컴퍼니,도매 및 소매업,도매 및 상품 중개업,중소기업,40.0,서울 송파구,0,2026-08-01 02:44:01
재무건전성,경영혁신형 중소기업(메인비즈),(주)정산,도매 및 소매업,도매 및 상품 중개업,,,울산 남구,0,2026-08-01 02:44:01
재무건전성,경영혁신형 중소기업(메인비즈),(주)비투엘메디칼,도매 및 소매업,도매 및 상품 중개업,중소기업,9.0,대전 서구,0,2026-08-01 02:44:01
재무건전성,경영혁신형 중소기업(메인비즈),주식회사 로리스토어,도매 및 소매업,도매 및 상품 중개업,중소기업,12.0,서울 강서구,0,2026-08-01 02:44:01
재무건전성,경영혁신형 중소기업(메인비즈),주식회사 청정에프엘에스,도매 및 소매업,도매 및 상품 중개업,,,대전 동구,0,2026-08-01 02:44:01
재무건전성,경영혁신형 중소기업(메인비즈),주식회사 남선푸드,도매 및 소매업,도매 및 상품 중개업,,,충북 음성군,0,2026-08-01 02:44:01
재무건전성,경영혁신형 중소기업(메인비즈),(주)백년가게국제의료기,도매 및 소매업,도매 및 상품 중개업,,,대구 달서구,0,2026-08-01 02:44:01
재무건전성,경영혁신형 중소기업(메인비즈),(주)포쉐프,도매 및 소매업,도매 및 상품 중개업,,,부산 기장군,0,2026-08-01 02:44:01
재무건전성,경영혁신형 중소기업(메인비즈),아세코코리아 (주),도매 및 소매업,도매 및 상품 중개업,중소기업,26.0,서울 영등포구,0,2026-08-01 02:44:01
재무건전성,경영혁신형 중소기업(메인비즈),에스비기어 주식회사,도매 및 소매업,도매 및 상품 중개업,,,서울 강서구,0,2026-08-01 02:44:01
재무건전성,경영혁신형 중소기업(메인비즈),나이스솔루션뱅크,도매 및 소매업,도매 및 상품 중개업,,,서울 금천구,0,2026-08-01 02:44:01
재무건전성,경영혁신형 중소기업(메인비즈),주식회사 마이푸드,도매 및 소매업,도매 및 상품 중개업,중소기업,24.0,부산 사하구,0,2026-08-01 02:44:01
재무건전성,경영혁신형 중소기업(메인비즈),(주)에디샵,도매 및 소매업,도매 및 상품 중개업,중소기업,13.0,서울 성북구,0,2026-08-01 02:44:01
재무건전성,경영혁신형 중소기업(메인비즈),주식회사 본에스티스,도매 및 소매업,도매 및 상품 중개업,,,서울 강남구,0,2026-08-01 02:44:01
재무건전성,경영혁신형 중소기업(메인비즈),주식회사 영윈,도매 및 소매업,도매 및 상품 중개업,,,경북 안동시,0,2026-08-01 02:44:01
재무건전성,경영혁신형 중소기업(메인비즈),(주)성한아이엔티,도매 및 소매업,도매 및 상품 중개업,중소기업,23.0,서울 마포구,0,2026-08-01 02:44:01
재무건전성,경영혁신형 중소기업(메인비즈),퓨어코스메틱 주식회사,도매 및 소매업,도매 및 상품 중개업,,,인천 부평구,0,2026-08-01 02:44:01
재무건전성,경영혁신형 중소기업(메인비즈),주식회사 지엔팜,도매 및 소매업,도매 및 상품 중개업,중소기업,29.0,경기 의왕시,0,2026-08-01 02:44:01
재무건전성,경영혁신형 중소기업(메인비즈),합자회사영광물류,도매 및 소매업,도매 및 상품 중개업,중소기업,8.0,충남 서산시,0,2026-08-01 02:44:01
재무건전성,경영혁신형 중소기업(메인비즈),주식회사투플러스,도매 및 소매업,도매 및 상품 중개업,중소기업,17.0,경기 남양주시,0,2026-08-01 02:44:01
재무건전성,경영혁신형 중소기업(메인비즈),(주)앞썬아이앤씨,도매 및 소매업,도매 및 상품 중개업,중소기업,51.0,서울 송파구,0,2026-08-01 02:44:01
재무건전성,경영혁신형 중소기업(메인비즈),(주)이컴정보기술,도매 및 소매업,도매 및 상품 중개업,중소기업,4.0,경기 안산시 단원구,0,2026-08-01 02:44:01
재무건전성,경영혁신형 중소기업(메인비즈),미래텔레콤주식회사,도매 및 소매업,도매 및 상품 중개업,중소기업,10.0,서울 송파구,0,2026-08-01 02:44:01
재무건전성,경영혁신형 중소기업(메인비즈),주식회사 중앙파이프,도매 및 소매업,도매 및 상품 중개업,,,경기 구리시,0,2026-08-01 02:44:01
재무건전성,경영혁신형 중소기업(메인비즈),주식회사 에이브로,도매 및 소매업,도매 및 상품 중개업,중소기업,,대구 남구,0,2026-08-01 02:44:01
재무건전성,경영혁신형 중소기업(메인비즈),주식회사 바노바기,도매 및 소매업,도매 및 상품 중개업,중소기업,,서울 강남구,0,2026-08-01 02:44:01
재무건전성,경영혁신형 중소기업(메인비즈),진흥철강주식회사,도매 및 소매업,도매 및 상품 중개업,,,경기 김포시,0,2026-08-01 02:44:01
재무건전성,경영혁신형 중소기업(메인비즈),주식회사 에이디텍,도매 및 소매업,도매 및 상품 중개업,,,경기 화성시,0,2026-08-01 02:44:01
재무건전성,경영혁신형 중소기업(메인비즈),(주)트라이얼정보통신,도매 및 소매업,도매 및 상품 중개업,중소기업,25.0,서울 영등포구,0,2026-08-01 02:44:01
재무건전성,경영혁신형 중소기업(메인비즈),태신상사(주),도매 및 소매업,도매 및 상품 중개업,중소기업,18.0,서울 구로구,0,2026-08-01 02:44:01
재무건전성,경영혁신형 중소기업(메인비즈),주식회사 청담네트웍스,도매 및 소매업,도매 및 상품 중개업,중소기업,45.0,서울 광진구,0,2026-08-01 02:44:01
재무건전성,경영혁신형 중소기업(메인비즈),이엔지에스텍주식회사,도매 및 소매업,도매 및 상품 중개업,중소기업,14.0,경기 시흥시,0,2026-08-01 02:44:01
재무건전성,경영혁신형 중소기업(메인비즈),지씨테크주식회사,도매 및 소매업,도매 및 상품 중개업,중소기업,,,0,2026-08-01 02:44:01
재무건전성,경영혁신형 중소기업(메인비즈),(주)남강컴퓨터,도매 및 소매업,도매 및 상품 중개업,중소기업,15.0,서울 용산구,0,2026-08-01 02:44:01
재무건전성,경영혁신형 중소기업(메인비즈),(주)아이컨텐츠,도매 및 소매업,도매 및 상품 중개업,중소기업,5.0,제주 서귀포시,0,2026-08-01 02:44:01
재무건전성,경영혁신형 중소기업(메인비즈),신동영산업,도매 및 소매업,도매 및 상품 중개업,중소기업,24.0,전북 군산시,0,2026-08-01 02:44:01
재무건전성,경영혁신형 중소기업(메인비즈),넥스틸주식회사,도매 및 소매업,도매 및 상품 중개업,중소기업,21.0,부산 사하구,0,2026-08-01 02:44:01
재무건전성,경영혁신형 중소기업(메인비즈),(주)아이넷빌더,도매 및 소매업,도매 및 상품 중개업,중소기업,19.0,서울 영등포구,0,2026-08-01 02:44:01
재무건전성,경영혁신형 중소기업(메인비즈),(주)창해,도매 및 소매업,도매 및 상품 중개업,중소기업,,강원 강릉시,0,2026-08-01 02:44:01
재무건전성,경영혁신형 중소기업(메인비즈),(주)태광네트웍정보,도매 및 소매업,도매 및 상품 중개업,,,경기 안양시 동안구,0,2026-08-01 02:44:01
재무건전성,경영혁신형 중소기업(메인비즈),(주)에이월드,도매 및 소매업,도매 및 상품 중개업,중소기업,6.0,경기 부천시,0,2026-08-01 02:44:01
재무건전성,경영혁신형 중소기업(메인비즈),삼일약품교역(주),도매 및 소매업,도매 및 상품 중개업,중소기업,14.0,경기 성남시 중원구,0,2026-08-01 02:44:01
재무건전성,경영혁신형 중소기업(메인비즈),주식회사지앤드,도매 및 소매업,도매 및 상품 중개업,중소기업,69.0,경기 파주시,0,2026-08-01 02:44:01
재무건전성,경영혁신형 중소기업(메인비즈),(주)혜성미트코리아,도매 및 소매업,도매 및 상품 중개업,중소기업,10.0,서울 성동구,0,2026-08-01 02:44:01
재무건전성,경영혁신형 중소기업(메인비즈),농업회사법인 주식회사 한라팜,도매 및 소매업,도매 및 상품 중개업,중소기업,2.0,제주 제주시,0,2026-08-01 02:44:01
재무건전성,경영혁신형 중소기업(메인비즈),(주)담원인터내셔널,도매 및 소매업,도매 및 상품 중개업,중소기업,,경기 수원시 권선구,0,2026-08-01 02:44:01
재무건전성,경영혁신형 중소기업(메인비즈),(주)하이케이넷,도매 및 소매업,도매 및 상품 중개업,,,서울 용산구,0,2026-08-01 02:44:01
재무건전성,경영혁신형 중소기업(메인비즈),국제건일(주),도매 및 소매업,도매 및 상품 중개업,중소기업,11.0,서울 노원구,0,2026-08-01 02:44:01
재무건전성,경영혁신형 중소기업(메인비즈),주식회사 에스브이인포,도매 및 소매업,도매 및 상품 중개업,중소기업,28.0,서울 송파구,0,2026-08-01 02:44:01
재무건전성,경영혁신형 중소기업(메인비즈),(주)아이에스캐스트,도매 및 소매업,도매 및 상품 중개업,중소기업,,서울 강남구,0,2026-08-01 02:44:01
재무건전성,경영혁신형 중소기업(메인비즈),(주)라온메드,도매 및 소매업,도매 및 상품 중개업,,,서울 성동구,0,2026-08-01 02:44:01
재무건전성,경영혁신형 중소기업(메인비즈),(주)에스엠씨오토메이션,도매 및 소매업,도매 및 상품 중개업,,,서울 영등포구,0,2026-08-01 02:44:01
재무건전성,경영혁신형 중소기업(메인비즈),주식회사 메드탑,도매 및 소매업,도매 및 상품 중개업,중소기업,12.0,서울 동대문구,0,2026-08-01 02:44:01
재무건전성,경영혁신형 중소기업(메인비즈),(주)푸드야식품,도매 및 소매업,도매 및 상품 중개업,,,경기 용인시 처인구,0,2026-08-01 02:44:01
재무건전성,경영혁신형 중소기업(메인비즈),(주)케이팜,도매 및 소매업,도매 및 상품 중개업,중소기업,12.0,경기 구리시,0,2026-08-01 02:44:01
재무건전성,경영혁신형 중소기업(메인비즈),(주)한국젬스,도매 및 소매업,도매 및 상품 중개업,,,서울 광진구,0,2026-08-01 02:44:01
재무건전성,경영혁신형 중소기업(메인비즈),오에스피(주),도매 및 소매업,도매 및 상품 중개업,중소기업,20.0,경기 광명시,0,2026-08-01 02:44:01
재무건전성,경영혁신형 중소기업(메인비즈),(주)아프리카,도매 및 소매업,도매 및 상품 중개업,중소기업,6.0,서울 강남구,0,2026-08-01 02:44:01
재무건전성,경영혁신형 중소기업(메인비즈),주식회사 에이브이미트,도매 및 소매업,도매 및 상품 중개업,중소기업,20.0,경기 하남시,0,2026-08-01 02:44:01
재무건전성,경영혁신형 중소기업(메인비즈),디클(주),도매 및 소매업,도매 및 상품 중개업,,,서울 금천구,0,2026-08-01 02:44:01
재무건전성,경영혁신형 중소기업(메인비즈),(주)웰퍼니처,도매 및 소매업,도매 및 상품 중개업,,,경기 성남시 수정구,0,2026-08-01 02:44:01
재무건전성,경영혁신형 중소기업(메인비즈),주식회사아이디에스글로벌,도매 및 소매업,도매 및 상품 중개업,중소기업,16.0,서울 서초구,0,2026-08-01 02:44:01
재무건전성,경영혁신형 중소기업(메인비즈),동방헬스다인(주),도매 및 소매업,도매 및 상품 중개업,,,서울 강남구,0,2026-08-01 02:44:01
재무건전성,경영혁신형 중소기업(메인비즈),(주)이건약품,도매 및 소매업,도매 및 상품 중개업,,,강원 춘천시,0,2026-08-01 02:44:01
재무건전성,경영혁신형 중소기업(메인비즈),(주)유겐트,도매 및 소매업,도매 및 상품 중개업,중소기업,22.0,서울 용산구,0,2026-08-01 02:44:01
재무건전성,경영혁신형 중소기업(메인비즈),주식회사 에스케이코리아,도매 및 소매업,도매 및 상품 중개업,중소기업,19.0,,0,2026-08-01 02:44:01
재무건전성,경영혁신형 중소기업(메인비즈),(주)비트라이스,도매 및 소매업,도매 및 상품 중개업,중소기업,37.0,서울 구로구,0,2026-08-01 02:44:01
재무건전성,경영혁신형 중소기업(메인비즈),대도철강(주),도매 및 소매업,도매 및 상품 중개업,중소기업,35.0,서울 동대문구,0,2026-08-01 02:44:01
재무건전성,경영혁신형 중소기업(메인비즈),(주)켐리치,도매 및 소매업,도매 및 상품 중개업,중소기업,31.0,경기 용인시 기흥구,0,2026-08-01 02:44:01
재무건전성,경영혁신형 중소기업(메인비즈),(주)리플러스,도매 및 소매업,소매업; 자동차 제외,중소기업,52.0,경북 포항시 북구,54,2026-08-01 02:44:01
재무건전성,경영혁신형 중소기업(메인비즈),주식회사 에스에스엘케이에이치,도매 및 소매업,소매업; 자동차 제외,중소기업,135.0,부산 해운대구,50,2026-08-01 02:44:01
재무건전성,경영혁신형 중소기업(메인비즈),(주)아이베,도매 및 소매업,소매업; 자동차 제외,중소기업,89.0,경기 남양주시,48,2026-08-01 02:44:01
재무건전성,경영혁신형 중소기업(메인비즈),주식회사 디씨넷,도매 및 소매업,소매업; 자동차 제외,중소기업,27.0,경기 광명시,36,2026-08-01 02:44:01
재무건전성,경영혁신형 중소기업(메인비즈),(주)신영허브,도매 및 소매업,소매업; 자동차 제외,중소기업,17.0,서울 동대문구,33,2026-08-01 02:44:01
재무건전성,경영혁신형 중소기업(메인비즈),농업회사법인(주)조이야드,도매 및 소매업,소매업; 자동차 제외,중소기업,21.0,,28,2026-08-01 02:44:01
재무건전성,경영혁신형 중소기업(메인비즈),주식회사푸드아트,도매 및 소매업,소매업; 자동차 제외,중소기업,25.0,전북 전주시 완산구,21,2026-08-01 02:44:01
재무건전성,경영혁신형 중소기업(메인비즈),(주)뉴월드,도매 및 소매업,소매업; 자동차 제외,중소기업,221.0,제주 제주시,21,2026-08-01 02:44:01
재무건전성,경영혁신형 중소기업(메인비즈),(주)올곧은컴퍼니,도매 및 소매업,소매업; 자동차 제외,중소기업,30.0,서울 마포구,19,2026-08-01 02:44:01
재무건전성,경영혁신형 중소기업(메인비즈),주식회사 더메이,도매 및 소매업,소매업; 자동차 제외,중소기업,49.0,경기 고양시 덕양구,18,2026-08-01 02:44:01
재무건전성,경영혁신형 중소기업(메인비즈),주식회사 편한세상,도매 및 소매업,소매업; 자동차 제외,중소기업,31.0,대전 서구,13,2026-08-01 02:44:01
재무건전성,경영혁신형 중소기업(메인비즈),제이마트주식회사,도매 및 소매업,소매업; 자동차 제외,중소기업,152.0,강원 평창군,13,2026-08-01 02:44:01
재무건전성,경영혁신형 중소기업(메인비즈),(주)토담,도매 및 소매업,소매업; 자동차 제외,중소기업,,울산 울주군,13,2026-08-01 02:44:01
재무건전성,경영혁신형 중소기업(메인비즈),(주)창원충전소,도매 및 소매업,소매업; 자동차 제외,중소기업,43.0,경남 창원시 의창구,12,2026-08-01 02:44:01
재무건전성,경영혁신형 중소기업(메인비즈),(주)데일리앤코,도매 및 소매업,소매업; 자동차 제외,중견기업,74.0,서울 강남구,9,2026-08-01 02:44:01
재무건전성,경영혁신형 중소기업(메인비즈),(주)몽돌,도매 및 소매업,소매업; 자동차 제외,중소기업,59.0,대구 북구,7,2026-08-01 02:44:01
재무건전성,경영혁신형 중소기업(메인비즈),(주)아티,도매 및 소매업,소매업; 자동차 제외,중소기업,10.0,경기 남양주시,6,2026-08-01 02:44:01
재무건전성,경영혁신형 중소기업(메인비즈),강릉원마트주식회사,도매 및 소매업,소매업; 자동차 제외,중소기업,39.0,강원 강릉시,6,2026-08-01 02:44:01
재무건전성,경영혁신형 중소기업(메인비즈),주식회사 두온,도매 및 소매업,소매업; 자동차 제외,중소기업,14.0,,6,2026-08-01 02:44:01
재무건전성,경영혁신형 중소기업(메인비즈),주식회사 세이브마트,도매 및 소매업,소매업; 자동차 제외,중소기업,19.0,,6,2026-08-01 02:44:01
재무건전성,경영혁신형 중소기업(메인비즈),주식회사 파켓,도매 및 소매업,소매업; 자동차 제외,중소기업,93.0,서울 강남구,5,2026-08-01 02:44:01
재무건전성,경영혁신형 중소기업(메인비즈),주식회사 이스트헬스케어,도매 및 소매업,소매업; 자동차 제외,중소기업,,서울 강남구,5,2026-08-01 02:44:01
재무건전성,경영혁신형 중소기업(메인비즈),(주)신영,도매 및 소매업,소매업; 자동차 제외,중소기업,18.0,,5,2026-08-01 02:44:01
재무건전성,경영혁신형 중소기업(메인비즈),(주)상도가구,도매 및 소매업,소매업; 자동차 제외,중소기업,36.0,경기 고양시 일산동구,4,2026-08-01 02:44:01
재무건전성,경영혁신형 중소기업(메인비즈),주식회사 나림,도매 및 소매업,소매업; 자동차 제외,중소기업,25.0,대구 중구,4,2026-08-01 02:44:01
재무건전성,경영혁신형 중소기업(메인비즈),(주)한라에너지,도매 및 소매업,소매업; 자동차 제외,중소기업,23.0,제주 서귀포시,4,2026-08-01 02:44:01
재무건전성,경영혁신형 중소기업(메인비즈),(유)프리티스킨인터내셔널,도매 및 소매업,소매업; 자동차 제외,중소기업,30.0,서울 중구,4,2026-08-01 02:44:01
재무건전성,경영혁신형 중소기업(메인비즈),주식회사 유카스에너지,도매 및 소매업,소매업; 자동차 제외,중소기업,20.0,인천 남동구,3,2026-08-01 02:44:01
재무건전성,경영혁신형 중소기업(메인비즈),주식회사 비티몰,도매 및 소매업,소매업; 자동차 제외,중소기업,43.0,경기 남양주시,3,2026-08-01 02:44:01
재무건전성,경영혁신형 중소기업(메인비즈),주식회사 지온컴퍼니,도매 및 소매업,소매업; 자동차 제외,중소기업,,대구 달성군,3,2026-08-01 02:44:01
재무건전성,경영혁신형 중소기업(메인비즈),주식회사에버커머스,도매 및 소매업,소매업; 자동차 제외,중소기업,9.0,서울 송파구,3,2026-08-01 02:44:01
재무건전성,경영혁신형 중소기업(메인비즈),주식회사 유니토아,도매 및 소매업,소매업; 자동차 제외,중소기업,63.0,서울 강남구,3,2026-08-01 02:44:01
재무건전성,경영혁신형 중소기업(메인비즈),주식회사 핌아시아(F. I. M Asia),도매 및 소매업,소매업; 자동차 제외,중소기업,47.0,서울 강남구,3,2026-08-01 02:44:01
재무건전성,경영혁신형 중소기업(메인비즈),(주)이화컴퍼니,도매 및 소매업,소매업; 자동차 제외,중소기업,18.0,서울 송파구,2,2026-08-01 02:44:01
재무건전성,경영혁신형 중소기업(메인비즈),(주)진보유통,도매 및 소매업,소매업; 자동차 제외,중소기업,84.0,경기 시흥시,2,2026-08-01 02:44:01
재무건전성,경영혁신형 중소기업(메인비즈),(주)하본인터내셔널,도매 및 소매업,소매업; 자동차 제외,중소기업,,경기 고양시 덕양구,2,2026-08-01 02:44:01
재무건전성,경영혁신형 중소기업(메인비즈),(주)내포,도매 및 소매업,소매업; 자동차 제외,중소기업,16.0,충남 서산시,2,2026-08-01 02:44:01
재무건전성,경영혁신형 중소기업(메인비즈),(주)용두애브컴,도매 및 소매업,소매업; 자동차 제외,중소기업,11.0,강원 춘천시,2,2026-08-01 02:44:01
재무건전성,경영혁신형 중소기업(메인비즈),주식회사 씨오케이컴퍼니,도매 및 소매업,소매업; 자동차 제외,중소기업,,서울 금천구,2,2026-08-01 02:44:01
재무건전성,경영혁신형 중소기업(메인비즈),(주)홈앤하우스,도매 및 소매업,소매업; 자동차 제외,중소기업,42.0,경기 화성시,1,2026-08-01 02:44:01
재무건전성,경영혁신형 중소기업(메인비즈),(주)트랜드메카,도매 및 소매업,소매업; 자동차 제외,중소기업,82.0,서울 강남구,1,2026-08-01 02:44:01
재무건전성,경영혁신형 중소기업(메인비즈),주식회사 지원알엔티,도매 및 소매업,소매업; 자동차 제외,중소기업,,서울 강북구,1,2026-08-01 02:44:01
재무건전성,경영혁신형 중소기업(메인비즈),(주)렛츠밀란커머스,도매 및 소매업,소매업; 자동차 제외,중소기업,35.0,서울 성동구,1,2026-08-01 02:44:01
재무건전성,경영혁신형 중소기업(메인비즈),(주)스쿨뮤직,도매 및 소매업,소매업; 자동차 제외,중소기업,31.0,,1,2026-08-01 02:44:01
재무건전성,경영혁신형 중소기업(메인비즈),(주)큐엔씨24,도매 및 소매업,소매업; 자동차 제외,중소기업,79.0,경기 안산시 단원구,1,2026-08-01 02:44:01
재무건전성,경영혁신형 중소기업(메인비즈),주식회사 대가들이사는마을,도매 및 소매업,소매업; 자동차 제외,중소기업,9.0,경기 고양시 덕양구,1,2026-08-01 02:44:01
재무건전성,경영혁신형 중소기업(메인비즈),주식회사 마트킹권선,도매 및 소매업,소매업; 자동차 제외,중소기업,18.0,경기 수원시 권선구,1,2026-08-01 02:44:01
재무건전성,경영혁신형 중소기업(메인비즈),넥셀시스템 주식회사,도매 및 소매업,소매업; 자동차 제외,중소기업,35.0,서울 영등포구,1,2026-08-01 02:44:01
재무건전성,경영혁신형 중소기업(메인비즈),주식회사 린백,도매 및 소매업,소매업; 자동차 제외,중소기업,,경기 화성시,1,2026-08-01 02:44:01
재무건전성,경영혁신형 중소기업(메인비즈),주식회사 씨스토어,도매 및 소매업,소매업; 자동차 제외,중소기업,11.0,서울 영등포구,0,2026-08-01 02:44:01
재무건전성,경영혁신형 중소기업(메인비즈),주식회사 엘아이엠 컴퍼니,도매 및 소매업,소매업; 자동차 제외,,,인천 부평구,0,2026-08-01 02:44:01
재무건전성,경영혁신형 중소기업(메인비즈),주식회사 씨엘텔레콤,도매 및 소매업,소매업; 자동차 제외,중소기업,32.0,부산 부산진구,0,2026-08-01 02:44:01
재무건전성,경영혁신형 중소기업(메인비즈),이음메디컬세일즈플랫폼(주),도매 및 소매업,소매업; 자동차 제외,중소기업,22.0,서울 강서구,0,2026-08-01 02:44:01
재무건전성,경영혁신형 중소기업(메인비즈),로지오가닉주식회사,도매 및 소매업,소매업; 자동차 제외,중소기업,13.0,경기 남양주시,0,2026-08-01 02:44:01
재무건전성,경영혁신형 중소기업(메인비즈),(주)유니메인,도매 및 소매업,소매업; 자동차 제외,중소기업,10.0,경기 시흥시,0,2026-08-01 02:44:01
재무건전성,경영혁신형 중소기업(메인비즈),주식회사 다원트레이드,도매 및 소매업,소매업; 자동차 제외,중소기업,27.0,서울 금천구,0,2026-08-01 02:44:01
재무건전성,경영혁신형 중소기업(메인비즈),코리아마트(주),도매 및 소매업,소매업; 자동차 제외,중소기업,1.0,제주 서귀포시,0,2026-08-01 02:44:01
재무건전성,경영혁신형 중소기업(메인비즈),(주)리노아이엔티,도매 및 소매업,소매업; 자동차 제외,중소기업,21.0,서울 영등포구,0,2026-08-01 02:44:01
재무건전성,경영혁신형 중소기업(메인비즈),주식회사 토리,도매 및 소매업,소매업; 자동차 제외,중소기업,10.0,경기 안산시 단원구,0,2026-08-01 02:44:01
재무건전성,경영혁신형 중소기업(메인비즈),주식회사 프레시멘토,도매 및 소매업,소매업; 자동차 제외,,,서울 송파구,0,2026-08-01 02:44:01
재무건전성,경영혁신형 중소기업(메인비즈),에이치알메디텍,도매 및 소매업,소매업; 자동차 제외,,,,0,2026-08-01 02:44:01
재무건전성,경영혁신형 중소기업(메인비즈),주식회사 메디스토어,도매 및 소매업,소매업; 자동차 제외,,,경기 안양시 만안구,0,2026-08-01 02:44:01
재무건전성,경영혁신형 중소기업(메인비즈),(주)성한기업,도매 및 소매업,소매업; 자동차 제외,중소기업,108.0,경기 시흥시,0,2026-08-01 02:44:01
재무건전성,경영혁신형 중소기업(메인비즈),샵피온(주),도매 및 소매업,소매업; 자동차 제외,중소기업,10.0,서울 성동구,0,2026-08-01 02:44:01
재무건전성,경영혁신형 중소기업(메인비즈),한샘유통 주식회사,도매 및 소매업,소매업; 자동차 제외,중소기업,84.0,경기 평택시,0,2026-08-01 02:44:01
재무건전성,경영혁신형 중소기업(메인비즈),주식회사이노바인코리아,도매 및 소매업,소매업; 자동차 제외,중소기업,74.0,서울 강남구,0,2026-08-01 02:44:01
재무건전성,경영혁신형 중소기업(메인비즈),주식회사 국민클럽,도매 및 소매업,소매업; 자동차 제외,중소기업,,경기 부천시,0,2026-08-01 02:44:01
재무건전성,경영혁신형 중소기업(메인비즈),(주)대찬정보통신,도매 및 소매업,소매업; 자동차 제외,,,,0,2026-08-01 02:44:01
재무건전성,경영혁신형 중소기업(메인비즈),주식회사 청년들,도매 및 소매업,소매업; 자동차 제외,,,서울 금천구,0,2026-08-01 02:44:01
재무건전성,경영혁신형 중소기업(메인비즈),주식회사 구일팔,도매 및 소매업,소매업; 자동차 제외,,,서울 중랑구,0,2026-08-01 02:44:01
재무건전성,경영혁신형 중소기업(메인비즈),(주)앤서블미디어,도매 및 소매업,소매업; 자동차 제외,중소기업,37.0,경기 파주시,0,2026-08-01 02:44:01
재무건전성,경영혁신형 중소기업(메인비즈),주식회사 영진에너지,도매 및 소매업,소매업; 자동차 제외,중소기업,19.0,,0,2026-08-01 02:44:01
재무건전성,경영혁신형 중소기업(메인비즈),주식회사 탑보이,도매 및 소매업,소매업; 자동차 제외,중소기업,22.0,서울 성동구,0,2026-08-01 02:44:01
재무건전성,경영혁신형 중소기업(메인비즈),(주)소이,도매 및 소매업,소매업; 자동차 제외,중소기업,30.0,서울 동대문구,0,2026-08-01 02:44:01
재무건전성,경영혁신형 중소기업(메인비즈),(주)와이마트상동고속,도매 및 소매업,소매업; 자동차 제외,중소기업,16.0,,0,2026-08-01 02:44:01
재무건전성,경영혁신형 중소기업(메인비즈),주식회사만정와이식자재마트제주삼화점,도매 및 소매업,소매업; 자동차 제외,중소기업,20.0,제주 제주시,0,2026-08-01 02:44:01
재무건전성,경영혁신형 중소기업(메인비즈),주식회사 빅픽쳐코퍼레이션,도매 및 소매업,소매업; 자동차 제외,중소기업,,서울 구로구,0,2026-08-01 02:44:01
재무건전성,경영혁신형 중소기업(메인비즈),(주)리프이노베이션,도매 및 소매업,소매업; 자동차 제외,,,서울 구로구,0,2026-08-01 02:44:01
재무건전성,경영혁신형 중소기업(메인비즈),주식회사 랩스엠알오,도매 및 소매업,소매업; 자동차 제외,,,대전 유성구,0,2026-08-01 02:44:01
재무건전성,경영혁신형 중소기업(메인비즈),주식회사 예스모바일,도매 및 소매업,소매업; 자동차 제외,중소기업,9.0,경기 안산시 단원구,0,2026-08-01 02:44:01
재무건전성,경영혁신형 중소기업(메인비즈),주식회사 마크에프에스,도매 및 소매업,소매업; 자동차 제외,중소기업,7.0,경기 광주시,0,2026-08-01 02:44:01
재무건전성,경영혁신형 중소기업(메인비즈),(주)에버테크,도매 및 소매업,소매업; 자동차 제외,중소기업,,경기 부천시,0,2026-08-01 02:44:01
재무건전성,경영혁신형 중소기업(메인비즈),주식회사 씨투클로버,도매 및 소매업,소매업; 자동차 제외,중소기업,,서울 강남구,0,2026-08-01 02:44:01
재무건전성,경영혁신형 중소기업(메인비즈),주식회사 원팀,도매 및 소매업,소매업; 자동차 제외,,,대구 남구,0,2026-08-01 02:44:01
재무건전성,경영혁신형 중소기업(메인비즈),(주) 슬라운드,도매 및 소매업,소매업; 자동차 제외,중소기업,21.0,서울 마포구,0,2026-08-01 02:44:01
재무건전성,경영혁신형 중소기업(메인비즈),상아제약 주식회사,도매 및 소매업,소매업; 자동차 제외,중소기업,,서울 양천구,0,2026-08-01 02:44:01
재무건전성,경영혁신형 중소기업(메인비즈),(주)티엠씨케이,도매 및 소매업,소매업; 자동차 제외,,,서울 서초구,0,2026-08-01 02:44:01
재무건전성,경영혁신형 중소기업(메인비즈),양양물류(주),운수 및 창고업,육상운송 및 파이프라인 운송업,중소기업,81.0,경기 용인시 처인구,90,2026-08-01 02:44:01
재무건전성,경영혁신형 중소기업(메인비즈),(주)로덱스,운수 및 창고업,육상운송 및 파이프라인 운송업,중소기업,47.0,,84,2026-08-01 02:44:01
재무건전성,경영혁신형 중소기업(메인비즈),주식회사 제이비,운수 및 창고업,육상운송 및 파이프라인 운송업,중소기업,32.0,경기 하남시,76,2026-08-01 02:44:01
재무건전성,경영혁신형 중소기업(메인비즈),주식회사 비티에스(BTS),운수 및 창고업,육상운송 및 파이프라인 운송업,중소기업,2.0,경기 양평군,64,2026-08-01 02:44:01
재무건전성,경영혁신형 중소기업(메인비즈),(주)세원,운수 및 창고업,육상운송 및 파이프라인 운송업,중소기업,310.0,경남 양산시,60,2026-08-01 02:44:01
재무건전성,경영혁신형 중소기업(메인비즈),주식회사 더광성물류,운수 및 창고업,육상운송 및 파이프라인 운송업,중소기업,47.0,,48,2026-08-01 02:44:01
재무건전성,경영혁신형 중소기업(메인비즈),금강물류(주),운수 및 창고업,육상운송 및 파이프라인 운송업,중소기업,46.0,부산 동구,41,2026-08-01 02:44:01
재무건전성,경영혁신형 중소기업(메인비즈),(주)대현,운수 및 창고업,육상운송 및 파이프라인 운송업,중소기업,26.0,부산 중구,37,2026-08-01 02:44:01
재무건전성,경영혁신형 중소기업(메인비즈),(주)스마트로지스틱,운수 및 창고업,육상운송 및 파이프라인 운송업,중소기업,3.0,경기 용인시 기흥구,36,2026-08-01 02:44:01
재무건전성,경영혁신형 중소기업(메인비즈),(주) 삼성종합물류,운수 및 창고업,육상운송 및 파이프라인 운송업,중소기업,13.0,전북 군산시,33,2026-08-01 02:44:01
재무건전성,경영혁신형 중소기업(메인비즈),태양여객주식회사,운수 및 창고업,육상운송 및 파이프라인 운송업,중소기업,185.0,인천 부평구,33,2026-08-01 02:44:01
재무건전성,경영혁신형 중소기업(메인비즈),에이치에스엘(주),운수 및 창고업,육상운송 및 파이프라인 운송업,중소기업,107.0,울산 북구,28,2026-08-01 02:44:01
재무건전성,경영혁신형 중소기업(메인비즈),영암고속 주식회사,운수 및 창고업,육상운송 및 파이프라인 운송업,중소기업,133.0,강원 태백시,26,2026-08-01 02:44:01
재무건전성,경영혁신형 중소기업(메인비즈),(주)국민트랜스,운수 및 창고업,육상운송 및 파이프라인 운송업,중소기업,34.0,서울 중구,22,2026-08-01 02:44:01
재무건전성,경영혁신형 중소기업(메인비즈),(주)청솔해외관광,운수 및 창고업,육상운송 및 파이프라인 운송업,중소기업,28.0,충남 공주시,17,2026-08-01 02:44:01
재무건전성,경영혁신형 중소기업(메인비즈),주식회사 에치디엘,운수 및 창고업,육상운송 및 파이프라인 운송업,중소기업,90.0,경기 평택시,12,2026-08-01 02:44:01
재무건전성,경영혁신형 중소기업(메인비즈),(주)고려택배,운수 및 창고업,육상운송 및 파이프라인 운송업,중소기업,152.0,경기 화성시,10,2026-08-01 02:44:01
재무건전성,경영혁신형 중소기업(메인비즈),유엘피(주),운수 및 창고업,육상운송 및 파이프라인 운송업,중소기업,10.0,충남 아산시,10,2026-08-01 02:44:01
재무건전성,경영혁신형 중소기업(메인비즈),(주)삼환교통,운수 및 창고업,육상운송 및 파이프라인 운송업,중소기업,361.0,,10,2026-08-01 02:44:01
재무건전성,경영혁신형 중소기업(메인비즈),(주)솔로몬아트,운수 및 창고업,육상운송 및 파이프라인 운송업,중소기업,13.0,서울 마포구,9,2026-08-01 02:44:01
재무건전성,경영혁신형 중소기업(메인비즈),(주) 로고 농업회사법인,운수 및 창고업,육상운송 및 파이프라인 운송업,중소기업,24.0,경기 포천시,9,2026-08-01 02:44:01
재무건전성,경영혁신형 중소기업(메인비즈),주식회사 영서이앤에스,운수 및 창고업,육상운송 및 파이프라인 운송업,중소기업,41.0,강원 춘천시,9,2026-08-01 02:44:01
재무건전성,경영혁신형 중소기업(메인비즈),대양토탈라인주식회사,운수 및 창고업,육상운송 및 파이프라인 운송업,중소기업,22.0,경북 구미시,8,2026-08-01 02:44:01
재무건전성,경영혁신형 중소기업(메인비즈),(주)해성물류,운수 및 창고업,육상운송 및 파이프라인 운송업,중소기업,25.0,,8,2026-08-01 02:44:01
재무건전성,경영혁신형 중소기업(메인비즈),주식회사 다코넷,운수 및 창고업,육상운송 및 파이프라인 운송업,중소기업,38.0,경기 이천시,7,2026-08-01 02:44:01
재무건전성,경영혁신형 중소기업(메인비즈),(주) 그린,운수 및 창고업,육상운송 및 파이프라인 운송업,중소기업,117.0,경기 여주시,7,2026-08-01 02:44:01
재무건전성,경영혁신형 중소기업(메인비즈),영서로지스틱스주식회사,운수 및 창고업,육상운송 및 파이프라인 운송업,중소기업,35.0,강원 춘천시,6,2026-08-01 02:44:01
재무건전성,경영혁신형 중소기업(메인비즈),(주)새천년관광,운수 및 창고업,육상운송 및 파이프라인 운송업,중소기업,48.0,대구 북구,6,2026-08-01 02:44:01
재무건전성,경영혁신형 중소기업(메인비즈),(주)가야고속관광,운수 및 창고업,육상운송 및 파이프라인 운송업,중소기업,56.0,대구 달서구,5,2026-08-01 02:44:01
재무건전성,경영혁신형 중소기업(메인비즈),(유)금오관광,운수 및 창고업,육상운송 및 파이프라인 운송업,중소기업,21.0,,4,2026-08-01 02:44:01
재무건전성,경영혁신형 중소기업(메인비즈),(주)삼영유엘에스,운수 및 창고업,육상운송 및 파이프라인 운송업,중소기업,29.0,충남 아산시,3,2026-08-01 02:44:01
재무건전성,경영혁신형 중소기업(메인비즈),(주) 코리아나고속관광,운수 및 창고업,육상운송 및 파이프라인 운송업,중소기업,34.0,대전 서구,3,2026-08-01 02:44:01
재무건전성,경영혁신형 중소기업(메인비즈),(주)마레콘솔리데이션,운수 및 창고업,육상운송 및 파이프라인 운송업,중소기업,30.0,서울 영등포구,3,2026-08-01 02:44:01
재무건전성,경영혁신형 중소기업(메인비즈),유한회사 삼성글로텍,운수 및 창고업,육상운송 및 파이프라인 운송업,중소기업,,전북 익산시,3,2026-08-01 02:44:01
재무건전성,경영혁신형 중소기업(메인비즈),(주) 아트랜스,운수 및 창고업,육상운송 및 파이프라인 운송업,중소기업,12.0,서울 영등포구,2,2026-08-01 02:44:01
재무건전성,경영혁신형 중소기업(메인비즈),(주)에이원,운수 및 창고업,육상운송 및 파이프라인 운송업,중소기업,31.0,경기 하남시,2,2026-08-01 02:44:01
재무건전성,경영혁신형 중소기업(메인비즈),신동아고속관광(주),운수 및 창고업,육상운송 및 파이프라인 운송업,,,서울 강동구,0,2026-08-01 02:44:01
재무건전성,경영혁신형 중소기업(메인비즈),(주)로지스제이비엘,운수 및 창고업,육상운송 및 파이프라인 운송업,중소기업,,제주 제주시,0,2026-08-01 02:44:01
재무건전성,경영혁신형 중소기업(메인비즈),(주)파이스물류,운수 및 창고업,육상운송 및 파이프라인 운송업,,,,0,2026-08-01 02:44:01
재무건전성,경영혁신형 중소기업(메인비즈),주식회사 새천년고속관광,운수 및 창고업,육상운송 및 파이프라인 운송업,중소기업,34.0,대구 북구,0,2026-08-01 02:44:01
재무건전성,경영혁신형 중소기업(메인비즈),주식회사 동영투어,운수 및 창고업,육상운송 및 파이프라인 운송업,중소기업,50.0,경기 파주시,0,2026-08-01 02:44:01
재무건전성,경영혁신형 중소기업(메인비즈),(주)세진물류,운수 및 창고업,육상운송 및 파이프라인 운송업,,,전북 전주시 덕진구,0,2026-08-01 02:44:01
재무건전성,경영혁신형 중소기업(메인비즈),주식회사 나라고속관광,운수 및 창고업,육상운송 및 파이프라인 운송업,중소기업,66.0,,0,2026-08-01 02:44:01
재무건전성,경영혁신형 중소기업(메인비즈),일신해운주식회사,운수 및 창고업,수상 운송업,중소기업,190.0,경북 포항시 북구,15,2026-08-01 02:44:01
재무건전성,경영혁신형 중소기업(메인비즈),동보해운주식회사,운수 및 창고업,수상 운송업,중소기업,75.0,부산 중구,10,2026-08-01 02:44:01
재무건전성,경영혁신형 중소기업(메인비즈),(주) 우현쉬핑,운수 및 창고업,수상 운송업,중견기업,25.0,부산 중구,7,2026-08-01 02:44:01
재무건전성,경영혁신형 중소기업(메인비즈),제일인터내셔널 주식회사,운수 및 창고업,수상 운송업,중소기업,51.0,부산 부산진구,3,2026-08-01 02:44:01
재무건전성,경영혁신형 중소기업(메인비즈),유한회사 수성해운,운수 및 창고업,수상 운송업,중소기업,15.0,,2,2026-08-01 02:44:01
재무건전성,경영혁신형 중소기업(메인비즈),우정선박(주),운수 및 창고업,수상 운송업,중소기업,20.0,,2,2026-08-01 02:44:01
재무건전성,경영혁신형 중소기업(메인비즈),(주)조양,운수 및 창고업,수상 운송업,중소기업,63.0,부산 동구,1,2026-08-01 02:44:01
재무건전성,경영혁신형 중소기업(메인비즈),태경탱커주식회사,운수 및 창고업,수상 운송업,중소기업,49.0,부산 중구,0,2026-08-01 02:44:01
재무건전성,경영혁신형 중소기업(메인비즈),주식회사 디엠쉽핑,운수 및 창고업,수상 운송업,중견기업,17.0,부산 해운대구,0,2026-08-01 02:44:01
재무건전성,경영혁신형 중소기업(메인비즈),주식회사 송양,운수 및 창고업,수상 운송업,중소기업,16.0,울산 남구,0,2026-08-01 02:44:01
재무건전성,경영혁신형 중소기업(메인비즈),(주)헬리코리아,운수 및 창고업,항공 운송업,중소기업,154.0,대전 대덕구,57,2026-08-01 02:44:01
재무건전성,경영혁신형 중소기업(메인비즈),마산신항운영 주식회사,운수 및 창고업,창고 및 운송관련 서비스업,중소기업,71.0,경남 창원시 마산합포구,94,2026-08-01 02:44:01
재무건전성,경영혁신형 중소기업(메인비즈),주식회사 다함에스엘피,운수 및 창고업,창고 및 운송관련 서비스업,중소기업,21.0,경기 평택시,47,2026-08-01 02:44:01
재무건전성,경영혁신형 중소기업(메인비즈),(주)오케이로지웰,운수 및 창고업,창고 및 운송관련 서비스업,중소기업,101.0,경기 화성시,46,2026-08-01 02:44:01
재무건전성,경영혁신형 중소기업(메인비즈),에이에이씨티 유한회사,운수 및 창고업,창고 및 운송관련 서비스업,중소기업,427.0,,46,2026-08-01 02:44:01
재무건전성,경영혁신형 중소기업(메인비즈),(주)엑스포라인,운수 및 창고업,창고 및 운송관련 서비스업,중소기업,33.0,경기 고양시 일산동구,36,2026-08-01 02:44:01
재무건전성,경영혁신형 중소기업(메인비즈),선진로지스틱스 주식회사,운수 및 창고업,창고 및 운송관련 서비스업,중소기업,163.0,서울 강동구,33,2026-08-01 02:44:01
재무건전성,경영혁신형 중소기업(메인비즈),조양국제종합물류(주),운수 및 창고업,창고 및 운송관련 서비스업,중소기업,326.0,서울 강서구,31,2026-08-01 02:44:01
재무건전성,경영혁신형 중소기업(메인비즈),주식회사 로지스마일,운수 및 창고업,창고 및 운송관련 서비스업,중견기업,94.0,전북 군산시,24,2026-08-01 02:44:01
재무건전성,경영혁신형 중소기업(메인비즈),(주)아신,운수 및 창고업,창고 및 운송관련 서비스업,중소기업,53.0,서울 강남구,23,2026-08-01 02:44:01
재무건전성,경영혁신형 중소기업(메인비즈),주식회사 에이치유로지스틱스,운수 및 창고업,창고 및 운송관련 서비스업,중소기업,,부산 중구,23,2026-08-01 02:44:01
재무건전성,경영혁신형 중소기업(메인비즈),(주)동방허치슨,운수 및 창고업,창고 및 운송관련 서비스업,중소기업,20.0,부산 동구,22,2026-08-01 02:44:01
재무건전성,경영혁신형 중소기업(메인비즈),(주)제주로지스틱스,운수 및 창고업,창고 및 운송관련 서비스업,중소기업,94.0,제주 제주시,18,2026-08-01 02:44:01
재무건전성,경영혁신형 중소기업(메인비즈),주식회사 153로지스틱스,운수 및 창고업,창고 및 운송관련 서비스업,중소기업,125.0,경기 군포시,17,2026-08-01 02:44:01
재무건전성,경영혁신형 중소기업(메인비즈),일사천리시스템 주식회사,운수 및 창고업,창고 및 운송관련 서비스업,중소기업,42.0,서울 마포구,16,2026-08-01 02:44:01
재무건전성,경영혁신형 중소기업(메인비즈),(주)광진종합물류,운수 및 창고업,창고 및 운송관련 서비스업,중소기업,62.0,경기 안산시 단원구,16,2026-08-01 02:44:01
재무건전성,경영혁신형 중소기업(메인비즈),신조로지텍 주식회사,운수 및 창고업,창고 및 운송관련 서비스업,중소기업,26.0,부산 해운대구,15,2026-08-01 02:44:01
재무건전성,경영혁신형 중소기업(메인비즈),(주)영화기업사,운수 및 창고업,창고 및 운송관련 서비스업,중소기업,27.0,,14,2026-08-01 02:44:01
재무건전성,경영혁신형 중소기업(메인비즈),주식회사 지엘에스코리아,운수 및 창고업,창고 및 운송관련 서비스업,중견기업,68.0,서울 서초구,12,2026-08-01 02:44:01
재무건전성,경영혁신형 중소기업(메인비즈),한국선박물류(주),운수 및 창고업,창고 및 운송관련 서비스업,중소기업,26.0,부산 중구,11,2026-08-01 02:44:01
재무건전성,경영혁신형 중소기업(메인비즈),(주)우영종합물류,운수 및 창고업,창고 및 운송관련 서비스업,중소기업,18.0,경기 고양시 일산동구,10,2026-08-01 02:44:01
재무건전성,경영혁신형 중소기업(메인비즈),대신로지스틱스(주),운수 및 창고업,창고 및 운송관련 서비스업,중소기업,145.0,서울 송파구,10,2026-08-01 02:44:01
재무건전성,경영혁신형 중소기업(메인비즈),관세법인 라온,운수 및 창고업,창고 및 운송관련 서비스업,중소기업,30.0,경기 평택시,10,2026-08-01 02:44:01
재무건전성,경영혁신형 중소기업(메인비즈),(주)키멕스항공해운,운수 및 창고업,창고 및 운송관련 서비스업,중소기업,32.0,서울 강서구,9,2026-08-01 02:44:01
재무건전성,경영혁신형 중소기업(메인비즈),주식회사 동양,운수 및 창고업,창고 및 운송관련 서비스업,중소기업,50.0,,9,2026-08-01 02:44:01
재무건전성,경영혁신형 중소기업(메인비즈),서울항공화물 (주),운수 및 창고업,창고 및 운송관련 서비스업,중소기업,42.0,서울 영등포구,9,2026-08-01 02:44:01
재무건전성,경영혁신형 중소기업(메인비즈),관세법인 에스에이엠씨,운수 및 창고업,창고 및 운송관련 서비스업,중소기업,70.0,경기 의왕시,9,2026-08-01 02:44:01
재무건전성,경영혁신형 중소기업(메인비즈),(주)그린글로브라인,운수 및 창고업,창고 및 운송관련 서비스업,중소기업,102.0,서울 영등포구,8,2026-08-01 02:44:01
재무건전성,경영혁신형 중소기업(메인비즈),(주)에스아이씨,운수 및 창고업,창고 및 운송관련 서비스업,중견기업,42.0,서울 종로구,7,2026-08-01 02:44:01
재무건전성,경영혁신형 중소기업(메인비즈),(주)이안로지스,운수 및 창고업,창고 및 운송관련 서비스업,중소기업,38.0,경기 용인시 기흥구,7,2026-08-01 02:44:01
재무건전성,경영혁신형 중소기업(메인비즈),주식회사 트랜스올,운수 및 창고업,창고 및 운송관련 서비스업,중견기업,61.0,서울 영등포구,7,2026-08-01 02:44:01
재무건전성,경영혁신형 중소기업(메인비즈),신양항업(주),운수 및 창고업,창고 및 운송관련 서비스업,중소기업,,부산 사하구,6,2026-08-01 02:44:01
재무건전성,경영혁신형 중소기업(메인비즈),(주)광진티엘에스,운수 및 창고업,창고 및 운송관련 서비스업,중소기업,57.0,부산 남구,6,2026-08-01 02:44:01
재무건전성,경영혁신형 중소기업(메인비즈),(주)스카이로드,운수 및 창고업,창고 및 운송관련 서비스업,중소기업,68.0,서울 강서구,5,2026-08-01 02:44:01
재무건전성,경영혁신형 중소기업(메인비즈),(주)남선지티엘,운수 및 창고업,창고 및 운송관련 서비스업,중소기업,16.0,충북 청주시 상당구,5,2026-08-01 02:44:01
재무건전성,경영혁신형 중소기업(메인비즈),퓨마스로지스틱스(주),운수 및 창고업,창고 및 운송관련 서비스업,중소기업,15.0,서울 마포구,5,2026-08-01 02:44:01
재무건전성,경영혁신형 중소기업(메인비즈),시웅로직스(주),운수 및 창고업,창고 및 운송관련 서비스업,중소기업,18.0,,5,2026-08-01 02:44:01
재무건전성,경영혁신형 중소기업(메인비즈),(주)캐미리,운수 및 창고업,창고 및 운송관련 서비스업,중소기업,16.0,서울 광진구,5,2026-08-01 02:44:01
재무건전성,경영혁신형 중소기업(메인비즈),주식회사 로지스월드,운수 및 창고업,창고 및 운송관련 서비스업,중소기업,11.0,경기 평택시,4,2026-08-01 02:44:01
재무건전성,경영혁신형 중소기업(메인비즈),주식회사 뉴평화관광여행사,운수 및 창고업,창고 및 운송관련 서비스업,중소기업,3.0,대구 중구,4,2026-08-01 02:44:01
재무건전성,경영혁신형 중소기업(메인비즈),주식회사대한종합물류,운수 및 창고업,창고 및 운송관련 서비스업,중소기업,6.0,경기 평택시,3,2026-08-01 02:44:01
재무건전성,경영혁신형 중소기업(메인비즈),세중해운(주),운수 및 창고업,창고 및 운송관련 서비스업,중견기업,146.0,서울 중구,2,2026-08-01 02:44:01
재무건전성,경영혁신형 중소기업(메인비즈),(주)강산물류,운수 및 창고업,창고 및 운송관련 서비스업,중소기업,,충남 천안시 서북구,2,2026-08-01 02:44:01
재무건전성,경영혁신형 중소기업(메인비즈),오케이물류(주),운수 및 창고업,창고 및 운송관련 서비스업,중소기업,22.0,부산 중구,2,2026-08-01 02:44:01
재무건전성,경영혁신형 중소기업(메인비즈),(주)제범,운수 및 창고업,창고 및 운송관련 서비스업,중소기업,29.0,서울 서초구,1,2026-08-01 02:44:01
재무건전성,경영혁신형 중소기업(메인비즈),호남물류주식회사,운수 및 창고업,창고 및 운송관련 서비스업,중소기업,17.0,충남 논산시,1,2026-08-01 02:44:01
재무건전성,경영혁신형 중소기업(메인비즈),(주)일심로지스타,운수 및 창고업,창고 및 운송관련 서비스업,중소기업,12.0,서울 마포구,1,2026-08-01 02:44:01
재무건전성,경영혁신형 중소기업(메인비즈),(주)일호로지스틱스,운수 및 창고업,창고 및 운송관련 서비스업,중소기업,22.0,서울 종로구,1,2026-08-01 02:44:01
재무건전성,경영혁신형 중소기업(메인비즈),(주)비엔에스로지스틱,운수 및 창고업,창고 및 운송관련 서비스업,중소기업,14.0,서울 강서구,1,2026-08-01 02:44:01
재무건전성,경영혁신형 중소기업(메인비즈),에이치앤프랜즈 주식회사,운수 및 창고업,창고 및 운송관련 서비스업,중소기업,41.0,,1,2026-08-01 02:44:01
재무건전성,경영혁신형 중소기업(메인비즈),서도상선(주),운수 및 창고업,창고 및 운송관련 서비스업,중소기업,23.0,부산 중구,1,2026-08-01 02:44:01
재무건전성,경영혁신형 중소기업(메인비즈),주식회사 디오비로지스,운수 및 창고업,창고 및 운송관련 서비스업,중소기업,88.0,경기 성남시 분당구,1,2026-08-01 02:44:01
재무건전성,경영혁신형 중소기업(메인비즈),(주)현우특수기업,운수 및 창고업,창고 및 운송관련 서비스업,,,부산 중구,0,2026-08-01 02:44:01
재무건전성,경영혁신형 중소기업(메인비즈),주식회사 호남푸드,운수 및 창고업,창고 및 운송관련 서비스업,중소기업,3.0,,0,2026-08-01 02:44:01
재무건전성,경영혁신형 중소기업(메인비즈),주식회사 원스탑에어앤씨,운수 및 창고업,창고 및 운송관련 서비스업,중소기업,,서울 서초구,0,2026-08-01 02:44:01
재무건전성,경영혁신형 중소기업(메인비즈),에이치로지스틱스 주식회사,운수 및 창고업,창고 및 운송관련 서비스업,중소기업,30.0,,0,2026-08-01 02:44:01
재무건전성,경영혁신형 중소기업(메인비즈),(주)진선코리아,운수 및 창고업,창고 및 운송관련 서비스업,중소기업,127.0,,0,2026-08-01 02:44:01
재무건전성,경영혁신형 중소기업(메인비즈),선진아트(주),운수 및 창고업,창고 및 운송관련 서비스업,중소기업,15.0,서울 영등포구,0,2026-08-01 02:44:01
재무건전성,경영혁신형 중소기업(메인비즈),동해현진관광호텔(주),숙박 및 음식점업,숙박업,중소기업,29.0,강원 동해시,26,2026-08-01 02:44:01
재무건전성,경영혁신형 중소기업(메인비즈),주식회사 서진푸드,숙박 및 음식점업,음식점 및 주점업,중소기업,55.0,경기 시흥시,56,2026-08-01 02:44:01
재무건전성,경영혁신형 중소기업(메인비즈),(주)가온에프앤에스,숙박 및 음식점업,음식점 및 주점업,중소기업,526.0,대전 유성구,29,2026-08-01 02:44:01
재무건전성,경영혁신형 중소기업(메인비즈),주식회사 지오푸드,숙박 및 음식점업,음식점 및 주점업,중소기업,49.0,대구 수성구,27,2026-08-01 02:44:01
재무건전성,경영혁신형 중소기업(메인비즈),티엔티푸드주식회사,숙박 및 음식점업,음식점 및 주점업,중소기업,80.0,경기 하남시,21,2026-08-01 02:44:01
재무건전성,경영혁신형 중소기업(메인비즈),주식회사 휴먼푸드서비스,숙박 및 음식점업,음식점 및 주점업,중소기업,258.0,경기 수원시 권선구,17,2026-08-01 02:44:01
재무건전성,경영혁신형 중소기업(메인비즈),주식회사 베비에르,숙박 및 음식점업,음식점 및 주점업,중소기업,10.0,,11,2026-08-01 02:44:01
재무건전성,경영혁신형 중소기업(메인비즈),(주)에스에프이노베이션,숙박 및 음식점업,음식점 및 주점업,중소기업,62.0,서울 강남구,8,2026-08-01 02:44:01
재무건전성,경영혁신형 중소기업(메인비즈),(주)한솥,숙박 및 음식점업,음식점 및 주점업,중견기업,92.0,서울 강남구,8,2026-08-01 02:44:01
재무건전성,경영혁신형 중소기업(메인비즈),뚜쥬루개발(주),숙박 및 음식점업,음식점 및 주점업,중소기업,277.0,충남 천안시 동남구,5,2026-08-01 02:44:01
재무건전성,경영혁신형 중소기업(메인비즈),주식회사청초수,숙박 및 음식점업,음식점 및 주점업,중소기업,58.0,강원 속초시,4,2026-08-01 02:44:01
재무건전성,경영혁신형 중소기업(메인비즈),(주)원데이타,숙박 및 음식점업,음식점 및 주점업,중소기업,146.0,서울 강서구,2,2026-08-01 02:44:01
재무건전성,경영혁신형 중소기업(메인비즈),주식회사 마들렌뷔페,숙박 및 음식점업,음식점 및 주점업,중소기업,30.0,충남 아산시,2,2026-08-01 02:44:01
재무건전성,경영혁신형 중소기업(메인비즈),주식회사디에이블,숙박 및 음식점업,음식점 및 주점업,중소기업,,부산 수영구,1,2026-08-01 02:44:01
재무건전성,경영혁신형 중소기업(메인비즈),황남빵,숙박 및 음식점업,음식점 및 주점업,,,경북 경주시,0,2026-08-01 02:44:01
재무건전성,경영혁신형 중소기업(메인비즈),(주)장원교육,정보통신업,출판업,중소기업,121.0,대구 동구,32,2026-08-01 02:44:01
재무건전성,경영혁신형 중소기업(메인비즈),신우프레스(주),정보통신업,출판업,중소기업,79.0,경기 파주시,29,2026-08-01 02:44:01
재무건전성,경영혁신형 중소기업(메인비즈),(주)강원일보,정보통신업,출판업,중소기업,140.0,강원 춘천시,22,2026-08-01 02:44:01
재무건전성,경영혁신형 중소기업(메인비즈),(주)나야넷,정보통신업,출판업,중소기업,45.0,서울 금천구,22,2026-08-01 02:44:01
재무건전성,경영혁신형 중소기업(메인비즈),(주)엔텍정보통신,정보통신업,출판업,중소기업,269.0,서울 금천구,16,2026-08-01 02:44:01
재무건전성,경영혁신형 중소기업(메인비즈),(주) 대로정보통신,정보통신업,출판업,중소기업,4.0,충남 당진시,14,2026-08-01 02:44:01
재무건전성,경영혁신형 중소기업(메인비즈),(주)디자인하우스,정보통신업,출판업,중소기업,97.0,서울 중구,10,2026-08-01 02:44:01
재무건전성,경영혁신형 중소기업(메인비즈),(주)한길인터라인,정보통신업,출판업,중소기업,12.0,,10,2026-08-01 02:44:01
재무건전성,경영혁신형 중소기업(메인비즈),(주)레아테크,정보통신업,출판업,중소기업,,충남 천안시 서북구,9,2026-08-01 02:44:01
재무건전성,경영혁신형 중소기업(메인비즈),(주)인실리코젠,정보통신업,출판업,중소기업,51.0,경기 용인시 기흥구,8,2026-08-01 02:44:01
재무건전성,경영혁신형 중소기업(메인비즈),오렌지나무시스템(주),정보통신업,출판업,중소기업,23.0,경기 과천시,8,2026-08-01 02:44:01
재무건전성,경영혁신형 중소기업(메인비즈),주식회사 마인드엔,정보통신업,출판업,중소기업,18.0,인천 연수구,8,2026-08-01 02:44:01
재무건전성,경영혁신형 중소기업(메인비즈),주식회사 구름,정보통신업,출판업,중소기업,148.0,경기 성남시 분당구,7,2026-08-01 02:44:01
재무건전성,경영혁신형 중소기업(메인비즈),(주)모음커뮤니케이션,정보통신업,출판업,중소기업,7.0,서울 금천구,7,2026-08-01 02:44:01
재무건전성,경영혁신형 중소기업(메인비즈),(주)삼인시스템,정보통신업,출판업,중소기업,17.0,대구 달서구,7,2026-08-01 02:44:01
재무건전성,경영혁신형 중소기업(메인비즈),주식회사 더솔루션스,정보통신업,출판업,중소기업,20.0,,7,2026-08-01 02:44:01
재무건전성,경영혁신형 중소기업(메인비즈),주식회사 새롬씨앤씨,정보통신업,출판업,중소기업,54.0,서울 구로구,6,2026-08-01 02:44:01
재무건전성,경영혁신형 중소기업(메인비즈),주식회사 셉템,정보통신업,출판업,중소기업,30.0,경기 의왕시,6,2026-08-01 02:44:01
재무건전성,경영혁신형 중소기업(메인비즈),주식회사 나우리,정보통신업,출판업,중소기업,26.0,전북 전주시 완산구,5,2026-08-01 02:44:01
재무건전성,경영혁신형 중소기업(메인비즈),주식회사 엔엠플러스,정보통신업,출판업,중소기업,10.0,서울 구로구,5,2026-08-01 02:44:01
재무건전성,경영혁신형 중소기업(메인비즈),주식회사 클라우드시스템,정보통신업,출판업,중소기업,24.0,대전 유성구,4,2026-08-01 02:44:01
재무건전성,경영혁신형 중소기업(메인비즈),조아기프트(주),정보통신업,출판업,중소기업,25.0,서울 금천구,4,2026-08-01 02:44:01
재무건전성,경영혁신형 중소기업(메인비즈),빌포스트(주),정보통신업,출판업,중견기업,106.0,서울 광진구,3,2026-08-01 02:44:01
재무건전성,경영혁신형 중소기업(메인비즈),노리시스템(주),정보통신업,출판업,중소기업,207.0,충남 천안시 서북구,3,2026-08-01 02:44:01
재무건전성,경영혁신형 중소기업(메인비즈),(주)씨에이웨이브,정보통신업,출판업,중소기업,42.0,서울 영등포구,3,2026-08-01 02:44:01
재무건전성,경영혁신형 중소기업(메인비즈),한국오피스컴퓨터(주),정보통신업,출판업,중소기업,227.0,서울 구로구,3,2026-08-01 02:44:01
재무건전성,경영혁신형 중소기업(메인비즈),부엉이들 주식회사,정보통신업,출판업,중소기업,12.0,서울 서대문구,2,2026-08-01 02:44:01
재무건전성,경영혁신형 중소기업(메인비즈),주식회사 피앤디솔루션,정보통신업,출판업,중소기업,57.0,경기 안양시 동안구,2,2026-08-01 02:44:01
재무건전성,경영혁신형 중소기업(메인비즈),(주)유앤아이소프트,정보통신업,출판업,중소기업,28.0,서울 서초구,2,2026-08-01 02:44:01
재무건전성,경영혁신형 중소기업(메인비즈),(주)넥스모어시스템즈,정보통신업,출판업,중소기업,33.0,서울 성동구,2,2026-08-01 02:44:01
재무건전성,경영혁신형 중소기업(메인비즈),(주)화신이앤엘,정보통신업,출판업,중소기업,24.0,서울 금천구,2,2026-08-01 02:44:01
재무건전성,경영혁신형 중소기업(메인비즈),(주)스타오토모빌,정보통신업,출판업,중소기업,16.0,경기 수원시 영통구,1,2026-08-01 02:44:01
재무건전성,경영혁신형 중소기업(메인비즈),(주)씨에스아이비젼,정보통신업,출판업,중소기업,9.0,경기 수원시 영통구,1,2026-08-01 02:44:01
재무건전성,경영혁신형 중소기업(메인비즈),(주)정보라인,정보통신업,출판업,중소기업,16.0,서울 구로구,1,2026-08-01 02:44:01
재무건전성,경영혁신형 중소기업(메인비즈),유티정보(주),정보통신업,출판업,중소기업,33.0,경기 수원시 영통구,1,2026-08-01 02:44:01
재무건전성,경영혁신형 중소기업(메인비즈),(주)포스트미디어,정보통신업,출판업,중소기업,25.0,서울 강남구,1,2026-08-01 02:44:01
재무건전성,경영혁신형 중소기업(메인비즈),주식회사 모두의교육그룹,정보통신업,출판업,중소기업,,서울 금천구,1,2026-08-01 02:44:01
재무건전성,경영혁신형 중소기업(메인비즈),블루칩씨앤에스(주),정보통신업,출판업,중소기업,18.0,서울 용산구,1,2026-08-01 02:44:01
재무건전성,경영혁신형 중소기업(메인비즈),주식회사 퓨즈,정보통신업,출판업,중소기업,36.0,서울 강남구,1,2026-08-01 02:44:01
재무건전성,경영혁신형 중소기업(메인비즈),주식회사코아소프트,정보통신업,출판업,중소기업,18.0,서울 마포구,1,2026-08-01 02:44:01
재무건전성,경영혁신형 중소기업(메인비즈),(주)소프트커뮤니케이션즈,정보통신업,출판업,중소기업,27.0,서울 성동구,1,2026-08-01 02:44:01
재무건전성,경영혁신형 중소기업(메인비즈),(주)더아이엠씨,정보통신업,출판업,중소기업,47.0,대구 수성구,1,2026-08-01 02:44:01
재무건전성,경영혁신형 중소기업(메인비즈),더에이치(주),정보통신업,출판업,중소기업,14.0,경기 수원시 권선구,1,2026-08-01 02:44:01
재무건전성,경영혁신형 중소기업(메인비즈),주식회사 리로소프트,정보통신업,출판업,중소기업,26.0,서울 구로구,1,2026-08-01 02:44:01
재무건전성,경영혁신형 중소기업(메인비즈),주식회사 트립일레븐,정보통신업,출판업,중소기업,,서울 금천구,1,2026-08-01 02:44:01
재무건전성,경영혁신형 중소기업(메인비즈),주식회사 닥터소프트,정보통신업,출판업,중소기업,54.0,서울 구로구,1,2026-08-01 02:44:01
재무건전성,경영혁신형 중소기업(메인비즈),(주)아인시스아이엔씨,정보통신업,출판업,중소기업,40.0,서울 영등포구,1,2026-08-01 02:44:01
재무건전성,경영혁신형 중소기업(메인비즈),(주)아이써치마케팅,정보통신업,출판업,중소기업,29.0,서울 강동구,1,2026-08-01 02:44:01
재무건전성,경영혁신형 중소기업(메인비즈),(주)위로드,정보통신업,출판업,중소기업,11.0,서울 금천구,0,2026-08-01 02:44:01
재무건전성,경영혁신형 중소기업(메인비즈),(주)소올아이티,정보통신업,출판업,중소기업,17.0,서울 금천구,0,2026-08-01 02:44:01
재무건전성,경영혁신형 중소기업(메인비즈),주식회사 데이터이노텍,정보통신업,출판업,중소기업,18.0,서울 종로구,0,2026-08-01 02:44:01
재무건전성,경영혁신형 중소기업(메인비즈),주식회사 테크아이,정보통신업,출판업,중소기업,20.0,대전 서구,0,2026-08-01 02:44:01
재무건전성,경영혁신형 중소기업(메인비즈),주식회사 아주뉴스코퍼레이션,정보통신업,출판업,중소기업,170.0,서울 종로구,0,2026-08-01 02:44:01
재무건전성,경영혁신형 중소기업(메인비즈),(주)제이제이커뮤니케이션,정보통신업,출판업,중소기업,10.0,서울 중구,0,2026-08-01 02:44:01
재무건전성,경영혁신형 중소기업(메인비즈),주식회사 에이치디그룹,정보통신업,출판업,중소기업,,서울 서초구,0,2026-08-01 02:44:01
재무건전성,경영혁신형 중소기업(메인비즈),(주)이프리키아테크놀로지,정보통신업,출판업,중소기업,25.0,서울 양천구,0,2026-08-01 02:44:01
재무건전성,경영혁신형 중소기업(메인비즈),주식회사 씨마스,정보통신업,출판업,중소기업,74.0,서울 강서구,0,2026-08-01 02:44:01
재무건전성,경영혁신형 중소기업(메인비즈),(주)메이팜소프트,정보통신업,출판업,중소기업,24.0,서울 송파구,0,2026-08-01 02:44:01
재무건전성,경영혁신형 중소기업(메인비즈),(주)더즈인터랙티브,정보통신업,출판업,,,서울 마포구,0,2026-08-01 02:44:01
재무건전성,경영혁신형 중소기업(메인비즈),(주) 인프라시스템,정보통신업,출판업,중소기업,25.0,서울 영등포구,0,2026-08-01 02:44:01
재무건전성,경영혁신형 중소기업(메인비즈),에이치에스소프트 주식회사,정보통신업,출판업,중소기업,27.0,인천 연수구,0,2026-08-01 02:44:01
재무건전성,경영혁신형 중소기업(메인비즈),주식회사 윈즈아이티,정보통신업,출판업,중소기업,74.0,서울 강남구,0,2026-08-01 02:44:01
재무건전성,경영혁신형 중소기업(메인비즈),주식회사 큐스코,정보통신업,출판업,중소기업,16.0,서울 서초구,0,2026-08-01 02:44:01
재무건전성,경영혁신형 중소기업(메인비즈),(주)인포시즈,정보통신업,출판업,중소기업,18.0,서울 강남구,0,2026-08-01 02:44:01
재무건전성,경영혁신형 중소기업(메인비즈),주식회사 에스비넷,정보통신업,출판업,중소기업,47.0,서울 금천구,0,2026-08-01 02:44:01
재무건전성,경영혁신형 중소기업(메인비즈),공앤박 주식회사,정보통신업,출판업,,,서울 광진구,0,2026-08-01 02:44:01
재무건전성,경영혁신형 중소기업(메인비즈),오일장신문(주),정보통신업,출판업,중소기업,38.0,제주 제주시,0,2026-08-01 02:44:01
재무건전성,경영혁신형 중소기업(메인비즈),주식회사 포토매틱(Photomatic Inc.),정보통신업,출판업,,,서울 강남구,0,2026-08-01 02:44:01
재무건전성,경영혁신형 중소기업(메인비즈),위드시스템(주),정보통신업,출판업,,,서울 금천구,0,2026-08-01 02:44:01
재무건전성,경영혁신형 중소기업(메인비즈),(주)키트웍스,정보통신업,출판업,중소기업,24.0,서울 영등포구,0,2026-08-01 02:44:01
재무건전성,경영혁신형 중소기업(메인비즈),주식회사 핫셀러,정보통신업,출판업,,,서울 동대문구,0,2026-08-01 02:44:01
재무건전성,경영혁신형 중소기업(메인비즈),(주)페이도커뮤니케이션즈,정보통신업,출판업,,,서울 금천구,0,2026-08-01 02:44:01
재무건전성,경영혁신형 중소기업(메인비즈),(주)케이엘씨앤에스,정보통신업,출판업,중소기업,16.0,서울 서초구,0,2026-08-01 02:44:01
재무건전성,경영혁신형 중소기업(메인비즈),이노브주식회사,정보통신업,출판업,중소기업,51.0,서울 성동구,0,2026-08-01 02:44:01
재무건전성,경영혁신형 중소기업(메인비즈),주식회사 씨제이에스,정보통신업,출판업,중소기업,25.0,서울 용산구,0,2026-08-01 02:44:01
재무건전성,경영혁신형 중소기업(메인비즈),주식회사 락플레이스,정보통신업,출판업,중견기업,347.0,서울 종로구,0,2026-08-01 02:44:01
재무건전성,경영혁신형 중소기업(메인비즈),젬텍(주),정보통신업,출판업,중견기업,16.0,서울 강남구,0,2026-08-01 02:44:01
재무건전성,경영혁신형 중소기업(메인비즈),(주)미래기술,정보통신업,출판업,중소기업,31.0,대전 유성구,0,2026-08-01 02:44:01
재무건전성,경영혁신형 중소기업(메인비즈),(주)솔빛아이텍,정보통신업,출판업,중소기업,114.0,서울 영등포구,0,2026-08-01 02:44:01
재무건전성,경영혁신형 중소기업(메인비즈),(주)프리윌커뮤니케이션,정보통신업,출판업,중소기업,18.0,서울 영등포구,0,2026-08-01 02:44:01
재무건전성,경영혁신형 중소기업(메인비즈),주식회사 유오케이,정보통신업,출판업,,,,0,2026-08-01 02:44:01
재무건전성,경영혁신형 중소기업(메인비즈),티에스라인시스템 주식회사,정보통신업,출판업,중소기업,98.0,서울 영등포구,0,2026-08-01 02:44:01
재무건전성,경영혁신형 중소기업(메인비즈),주식회사 수호아이오,정보통신업,출판업,중소기업,,서울 강남구,0,2026-08-01 02:44:01
재무건전성,경영혁신형 중소기업(메인비즈),(주)페이게이트,정보통신업,출판업,중소기업,37.0,서울 송파구,0,2026-08-01 02:44:01
재무건전성,경영혁신형 중소기업(메인비즈),주식회사 아이랩미디어,정보통신업,출판업,중소기업,33.0,서울 강남구,0,2026-08-01 02:44:01
재무건전성,경영혁신형 중소기업(메인비즈),(주)제트코,정보통신업,출판업,,,서울 송파구,0,2026-08-01 02:44:01
재무건전성,경영혁신형 중소기업(메인비즈),(주)이루온아이앤에스,정보통신업,출판업,중소기업,47.0,경기 성남시 분당구,0,2026-08-01 02:44:01
재무건전성,경영혁신형 중소기업(메인비즈),(주)유엔비즈,정보통신업,출판업,중소기업,31.0,서울 강서구,0,2026-08-01 02:44:01
재무건전성,경영혁신형 중소기업(메인비즈),주식회사 이엠포커스,정보통신업,출판업,,,경기 안산시 상록구,0,2026-08-01 02:44:01
재무건전성,경영혁신형 중소기업(메인비즈),신영에스아이(주),정보통신업,출판업,,,서울 용산구,0,2026-08-01 02:44:01
재무건전성,경영혁신형 중소기업(메인비즈),(주)엔아이티소프트,정보통신업,출판업,중소기업,8.0,서울 강남구,0,2026-08-01 02:44:01
재무건전성,경영혁신형 중소기업(메인비즈),주식회사 신화씨엔에스,정보통신업,출판업,,,강원 원주시,0,2026-08-01 02:44:01
재무건전성,경영혁신형 중소기업(메인비즈),윈스로드(주),정보통신업,출판업,중소기업,29.0,경기 성남시 분당구,0,2026-08-01 02:44:01
재무건전성,경영혁신형 중소기업(메인비즈),제일항업(주),정보통신업,출판업,,,경기 고양시 덕양구,0,2026-08-01 02:44:01
재무건전성,경영혁신형 중소기업(메인비즈),아트프린팅(주),정보통신업,출판업,중소기업,36.0,서울 금천구,0,2026-08-01 02:44:01
재무건전성,경영혁신형 중소기업(메인비즈),(주)마로스튜디오,정보통신업,출판업,중소기업,22.0,,0,2026-08-01 02:44:01
재무건전성,경영혁신형 중소기업(메인비즈),주식회사 지앤비소프텍,정보통신업,출판업,중소기업,29.0,서울 서초구,0,2026-08-01 02:44:01
재무건전성,경영혁신형 중소기업(메인비즈),진솔아이엔에스주식회사,정보통신업,출판업,중소기업,67.0,서울 구로구,0,2026-08-01 02:44:01
재무건전성,경영혁신형 중소기업(메인비즈),(주)푸른정보통신,정보통신업,출판업,중소기업,32.0,서울 서초구,0,2026-08-01 02:44:01
재무건전성,경영혁신형 중소기업(메인비즈),주식회사 넥스트 아이앤아이,정보통신업,출판업,,,경기 용인시 기흥구,0,2026-08-01 02:44:01
재무건전성,경영혁신형 중소기업(메인비즈),에스앤에이엔터테인먼트 주식회사,정보통신업,영상ㆍ오디오 기록물 제작 및 배급업,중소기업,9.0,서울 서초구,10,2026-08-01 02:44:01
재무건전성,경영혁신형 중소기업(메인비즈),주식회사 컨텐츠랩 비보,정보통신업,영상ㆍ오디오 기록물 제작 및 배급업,중소기업,34.0,서울 마포구,2,2026-08-01 02:44:01
재무건전성,경영혁신형 중소기업(메인비즈),주식회사 다락컴퍼니,정보통신업,영상ㆍ오디오 기록물 제작 및 배급업,중소기업,14.0,서울 마포구,2,2026-08-01 02:44:01
재무건전성,경영혁신형 중소기업(메인비즈),주식회사 상단스튜디오,정보통신업,영상ㆍ오디오 기록물 제작 및 배급업,중소기업,,,1,2026-08-01 02:44:01
재무건전성,경영혁신형 중소기업(메인비즈),(주)미디어이야기,정보통신업,영상ㆍ오디오 기록물 제작 및 배급업,,,서울 강서구,0,2026-08-01 02:44:01
재무건전성,경영혁신형 중소기업(메인비즈),(주)지논,정보통신업,영상ㆍ오디오 기록물 제작 및 배급업,중소기업,9.0,서울 구로구,0,2026-08-01 02:44:01
재무건전성,경영혁신형 중소기업(메인비즈),(주)디지털에볼루션,정보통신업,영상ㆍ오디오 기록물 제작 및 배급업,,,서울 마포구,0,2026-08-01 02:44:01
재무건전성,경영혁신형 중소기업(메인비즈),주식회사 원포유,정보통신업,우편 및 통신업,중소기업,21.0,서울 강남구,1,2026-08-01 02:44:01
재무건전성,경영혁신형 중소기업(메인비즈),유지텔레컴 주식회사,정보통신업,우편 및 통신업,,,경기 용인시 기흥구,0,2026-08-01 02:44:01
재무건전성,경영혁신형 중소기업(메인비즈),시큐코리아 주식회사,정보통신업,"컴퓨터 프로그래밍, 시스템 통합 및 관리업",중소기업,40.0,서울 송파구,30,2026-08-01 02:44:01
재무건전성,경영혁신형 중소기업(메인비즈),대신 네트웍스 주식회사,정보통신업,"컴퓨터 프로그래밍, 시스템 통합 및 관리업",중소기업,38.0,강원 원주시,27,2026-08-01 02:44:01
재무건전성,경영혁신형 중소기업(메인비즈),한국아이티진흥주식회사,정보통신업,"컴퓨터 프로그래밍, 시스템 통합 및 관리업",중소기업,137.0,서울 영등포구,14,2026-08-01 02:44:01
재무건전성,경영혁신형 중소기업(메인비즈),(주)디지탈씨오에스,정보통신업,"컴퓨터 프로그래밍, 시스템 통합 및 관리업",중소기업,64.0,서울 영등포구,11,2026-08-01 02:44:01
재무건전성,경영혁신형 중소기업(메인비즈),(주)서인디지탈,정보통신업,"컴퓨터 프로그래밍, 시스템 통합 및 관리업",중소기업,99.0,경기 의왕시,10,2026-08-01 02:44:01
재무건전성,경영혁신형 중소기업(메인비즈),(주)시스게이트,정보통신업,"컴퓨터 프로그래밍, 시스템 통합 및 관리업",중소기업,306.0,경기 안양시 동안구,6,2026-08-01 02:44:01
재무건전성,경영혁신형 중소기업(메인비즈),주식회사오파스넷,정보통신업,"컴퓨터 프로그래밍, 시스템 통합 및 관리업",중견기업,434.0,서울 강남구,6,2026-08-01 02:44:01
재무건전성,경영혁신형 중소기업(메인비즈),펜타시스템테크놀러지(주),정보통신업,"컴퓨터 프로그래밍, 시스템 통합 및 관리업",중소기업,340.0,서울 영등포구,5,2026-08-01 02:44:01
재무건전성,경영혁신형 중소기업(메인비즈),(주)고우넷,정보통신업,"컴퓨터 프로그래밍, 시스템 통합 및 관리업",중소기업,160.0,서울 성동구,5,2026-08-01 02:44:01
재무건전성,경영혁신형 중소기업(메인비즈),(주)에스큐브아이,정보통신업,"컴퓨터 프로그래밍, 시스템 통합 및 관리업",중소기업,74.0,서울 서초구,3,2026-08-01 02:44:01
재무건전성,경영혁신형 중소기업(메인비즈),주식회사듀얼에스디,정보통신업,"컴퓨터 프로그래밍, 시스템 통합 및 관리업",중소기업,23.0,강원 원주시,3,2026-08-01 02:44:01
재무건전성,경영혁신형 중소기업(메인비즈),한국리스크관리 주식회사,정보통신업,"컴퓨터 프로그래밍, 시스템 통합 및 관리업",중소기업,56.0,서울 종로구,3,2026-08-01 02:44:01
재무건전성,경영혁신형 중소기업(메인비즈),오오씨아이(주),정보통신업,"컴퓨터 프로그래밍, 시스템 통합 및 관리업",중소기업,15.0,부산 남구,2,2026-08-01 02:44:01
재무건전성,경영혁신형 중소기업(메인비즈),씨엠티정보통신 주식회사,정보통신업,"컴퓨터 프로그래밍, 시스템 통합 및 관리업",중소기업,450.0,서울 성동구,2,2026-08-01 02:44:01
재무건전성,경영혁신형 중소기업(메인비즈),(주)브로드씨엔에스,정보통신업,"컴퓨터 프로그래밍, 시스템 통합 및 관리업",중소기업,50.0,서울 구로구,2,2026-08-01 02:44:01
재무건전성,경영혁신형 중소기업(메인비즈),(주)무사이,정보통신업,"컴퓨터 프로그래밍, 시스템 통합 및 관리업",중소기업,27.0,서울 서초구,1,2026-08-01 02:44:01
재무건전성,경영혁신형 중소기업(메인비즈),(주)아이티앤씨,정보통신업,"컴퓨터 프로그래밍, 시스템 통합 및 관리업",중소기업,97.0,서울 서초구,1,2026-08-01 02:44:01
재무건전성,경영혁신형 중소기업(메인비즈),(주)비즈시스템,정보통신업,"컴퓨터 프로그래밍, 시스템 통합 및 관리업",중소기업,11.0,서울 영등포구,1,2026-08-01 02:44:01
재무건전성,경영혁신형 중소기업(메인비즈),펜타린크(주),정보통신업,"컴퓨터 프로그래밍, 시스템 통합 및 관리업",중소기업,55.0,서울 영등포구,1,2026-08-01 02:44:01
재무건전성,경영혁신형 중소기업(메인비즈),(주)컨비니언스,정보통신업,"컴퓨터 프로그래밍, 시스템 통합 및 관리업",중소기업,32.0,서울 마포구,1,2026-08-01 02:44:01
재무건전성,경영혁신형 중소기업(메인비즈),(주)늘엔,정보통신업,"컴퓨터 프로그래밍, 시스템 통합 및 관리업",중소기업,49.0,서울 금천구,1,2026-08-01 02:44:01
재무건전성,경영혁신형 중소기업(메인비즈),(주)에이비클,정보통신업,"컴퓨터 프로그래밍, 시스템 통합 및 관리업",,,서울 구로구,0,2026-08-01 02:44:01
재무건전성,경영혁신형 중소기업(메인비즈),주식회사 에스앤인포텍,정보통신업,"컴퓨터 프로그래밍, 시스템 통합 및 관리업",중소기업,13.0,서울 송파구,0,2026-08-01 02:44:01
재무건전성,경영혁신형 중소기업(메인비즈),주식회사 삼인에이치엔티,정보통신업,"컴퓨터 프로그래밍, 시스템 통합 및 관리업",,,대전 유성구,0,2026-08-01 02:44:01
재무건전성,경영혁신형 중소기업(메인비즈),주식회사 일루텍코리아,정보통신업,"컴퓨터 프로그래밍, 시스템 통합 및 관리업",,,서울 강서구,0,2026-08-01 02:44:01
재무건전성,경영혁신형 중소기업(메인비즈),(주)코어스톤,정보통신업,"컴퓨터 프로그래밍, 시스템 통합 및 관리업",중소기업,51.0,서울 송파구,0,2026-08-01 02:44:01
재무건전성,경영혁신형 중소기업(메인비즈),(주)아이티에이스,정보통신업,"컴퓨터 프로그래밍, 시스템 통합 및 관리업",,,경기 하남시,0,2026-08-01 02:44:01
재무건전성,경영혁신형 중소기업(메인비즈),(주)에스이파트너즈,정보통신업,"컴퓨터 프로그래밍, 시스템 통합 및 관리업",중소기업,58.0,서울 강남구,0,2026-08-01 02:44:01
재무건전성,경영혁신형 중소기업(메인비즈),샘솔정보주식회사,정보통신업,"컴퓨터 프로그래밍, 시스템 통합 및 관리업",중소기업,13.0,서울 구로구,0,2026-08-01 02:44:01
재무건전성,경영혁신형 중소기업(메인비즈),(주)산들네트웍스,정보통신업,"컴퓨터 프로그래밍, 시스템 통합 및 관리업",중소기업,80.0,서울 영등포구,0,2026-08-01 02:44:01
재무건전성,경영혁신형 중소기업(메인비즈),주식회사 케이시스템,정보통신업,"컴퓨터 프로그래밍, 시스템 통합 및 관리업",중소기업,22.0,서울 금천구,0,2026-08-01 02:44:01
재무건전성,경영혁신형 중소기업(메인비즈),주식회사 이레솔루션,정보통신업,"컴퓨터 프로그래밍, 시스템 통합 및 관리업",중소기업,24.0,경기 하남시,0,2026-08-01 02:44:01
재무건전성,경영혁신형 중소기업(메인비즈),(주)심소프트,정보통신업,"컴퓨터 프로그래밍, 시스템 통합 및 관리업",,,세종,0,2026-08-01 02:44:01
재무건전성,경영혁신형 중소기업(메인비즈),(주)클라우드메이트,정보통신업,"컴퓨터 프로그래밍, 시스템 통합 및 관리업",중소기업,106.0,서울 구로구,0,2026-08-01 02:44:01
재무건전성,경영혁신형 중소기업(메인비즈),한성티에스주식회사,정보통신업,"컴퓨터 프로그래밍, 시스템 통합 및 관리업",중소기업,6.0,서울 금천구,0,2026-08-01 02:44:01
재무건전성,경영혁신형 중소기업(메인비즈),주식회사 인시퀀스,정보통신업,"컴퓨터 프로그래밍, 시스템 통합 및 관리업",중소기업,,서울 구로구,0,2026-08-01 02:44:01
재무건전성,경영혁신형 중소기업(메인비즈),(주)삼주,정보통신업,정보서비스업,중소기업,25.0,부산 해운대구,23,2026-08-01 02:44:01
재무건전성,경영혁신형 중소기업(메인비즈),주식회사 효명에코빌드,정보통신업,정보서비스업,중소기업,,인천 남동구,9,2026-08-01 02:44:01
재무건전성,경영혁신형 중소기업(메인비즈),(주)파슬미디어,정보통신업,정보서비스업,중소기업,16.0,서울 성북구,6,2026-08-01 02:44:01
재무건전성,경영혁신형 중소기업(메인비즈),(주)소프트센,정보통신업,정보서비스업,중소기업,14.0,서울 영등포구,6,2026-08-01 02:44:01
재무건전성,경영혁신형 중소기업(메인비즈),주식회사 유피소프트,정보통신업,정보서비스업,중소기업,33.0,서울 성동구,5,2026-08-01 02:44:01
재무건전성,경영혁신형 중소기업(메인비즈),미스터블루(주),정보통신업,정보서비스업,중소기업,155.0,서울 강서구,5,2026-08-01 02:44:01
재무건전성,경영혁신형 중소기업(메인비즈),주식회사 플라시스템,정보통신업,정보서비스업,중소기업,37.0,부산 부산진구,2,2026-08-01 02:44:01
재무건전성,경영혁신형 중소기업(메인비즈),주식회사공터영어,정보통신업,정보서비스업,중소기업,27.0,경기 화성시,1,2026-08-01 02:44:01
재무건전성,경영혁신형 중소기업(메인비즈),주식회사 그로스체인,정보통신업,정보서비스업,중소기업,25.0,경기 부천시,1,2026-08-01 02:44:01
재무건전성,경영혁신형 중소기업(메인비즈),(주)아이뉴스이십사,정보통신업,정보서비스업,중소기업,60.0,서울 중구,0,2026-08-01 02:44:01
재무건전성,경영혁신형 중소기업(메인비즈),(주)코베이옥션,정보통신업,정보서비스업,중소기업,18.0,서울 종로구,0,2026-08-01 02:44:01
재무건전성,경영혁신형 중소기업(메인비즈),주식회사 테크프러스,정보통신업,정보서비스업,,,서울 서초구,0,2026-08-01 02:44:01
재무건전성,경영혁신형 중소기업(메인비즈),리더스손해사정(주),금융 및 보험업,금융 및 보험 관련 서비스업,중소기업,875.0,부산 동구,31,2026-08-01 02:44:01
재무건전성,경영혁신형 중소기업(메인비즈),(주)드림라이프,금융 및 보험업,금융 및 보험 관련 서비스업,중소기업,42.0,,20,2026-08-01 02:44:01
재무건전성,경영혁신형 중소기업(메인비즈),(주)리치골드에셋,금융 및 보험업,금융 및 보험 관련 서비스업,중소기업,300.0,서울 강남구,9,2026-08-01 02:44:01
재무건전성,경영혁신형 중소기업(메인비즈),(주)윈글로벌페이,금융 및 보험업,금융 및 보험 관련 서비스업,중소기업,12.0,경기 하남시,3,2026-08-01 02:44:01
재무건전성,경영혁신형 중소기업(메인비즈),(주)위펀딩,금융 및 보험업,금융 및 보험 관련 서비스업,,,서울 강남구,0,2026-08-01 02:44:01
재무건전성,경영혁신형 중소기업(메인비즈),천하종합관리(주),부동산업,부동산업,중소기업,315.0,경기 수원시 장안구,266,2026-08-01 02:44:01
재무건전성,경영혁신형 중소기업(메인비즈),서일개발(주),부동산업,부동산업,중소기업,385.0,경기 구리시,191,2026-08-01 02:44:01
재무건전성,경영혁신형 중소기업(메인비즈),목송산업개발(주),부동산업,부동산업,중견기업,2031.0,,190,2026-08-01 02:44:01
재무건전성,경영혁신형 중소기업(메인비즈),(주)로이안 H&F,부동산업,부동산업,중소기업,393.0,서울 강남구,171,2026-08-01 02:44:01
재무건전성,경영혁신형 중소기업(메인비즈),신서림에스앤에스(주),부동산업,부동산업,중소기업,214.0,경남 창원시 의창구,143,2026-08-01 02:44:01
재무건전성,경영혁신형 중소기업(메인비즈),현대아미스(주),부동산업,부동산업,중소기업,2050.0,,117,2026-08-01 02:44:01
재무건전성,경영혁신형 중소기업(메인비즈),(주)케이비개발,부동산업,부동산업,중소기업,791.0,,108,2026-08-01 02:44:01
재무건전성,경영혁신형 중소기업(메인비즈),주식회사 태룡에스디,부동산업,부동산업,중소기업,319.0,경기 의정부시,107,2026-08-01 02:44:01
재무건전성,경영혁신형 중소기업(메인비즈),진양메인티넌스(주),부동산업,부동산업,중소기업,432.0,서울 서초구,105,2026-08-01 02:44:01
재무건전성,경영혁신형 중소기업(메인비즈),주식회사 한영파트너스에프에이치,부동산업,부동산업,중소기업,608.0,경기 시흥시,93,2026-08-01 02:44:01
재무건전성,경영혁신형 중소기업(메인비즈),주식회사 한빛종합관리,부동산업,부동산업,중소기업,263.0,서울 구로구,60,2026-08-01 02:44:01
재무건전성,경영혁신형 중소기업(메인비즈),(주)휴먼에스엔피,부동산업,부동산업,중소기업,1.0,서울 용산구,59,2026-08-01 02:44:01
재무건전성,경영혁신형 중소기업(메인비즈),(유)대신종합개발,부동산업,부동산업,중소기업,258.0,,57,2026-08-01 02:44:01
재무건전성,경영혁신형 중소기업(메인비즈),주식회사 대신주택관리,부동산업,부동산업,중소기업,23.0,강원 원주시,42,2026-08-01 02:44:01
재무건전성,경영혁신형 중소기업(메인비즈),(주)에이스,부동산업,부동산업,중소기업,71.0,대전 중구,20,2026-08-01 02:44:01
재무건전성,경영혁신형 중소기업(메인비즈),뉴퍼스트부동산중개법인 주식회사,부동산업,부동산업,중소기업,,서울 서초구,2,2026-08-01 02:44:01
재무건전성,경영혁신형 중소기업(메인비즈),(주)남경,부동산업,부동산업,중소기업,31.0,경남 김해시,1,2026-08-01 02:44:01
재무건전성,경영혁신형 중소기업(메인비즈),주식회사 휴:콥,"사업시설 관리, 사업 지원 및 임대 서비스업",사업시설 관리 및 조경 서비스업,중소기업,1267.0,서울 마포구,583,2026-08-01 02:44:01
재무건전성,경영혁신형 중소기업(메인비즈),주식회사 미래티엠에스,"사업시설 관리, 사업 지원 및 임대 서비스업",사업시설 관리 및 조경 서비스업,중소기업,534.0,경기 용인시 수지구,422,2026-08-01 02:44:01
재무건전성,경영혁신형 중소기업(메인비즈),월드유니텍(주),"사업시설 관리, 사업 지원 및 임대 서비스업",사업시설 관리 및 조경 서비스업,중소기업,1305.0,경기 성남시 분당구,415,2026-08-01 02:44:01
재무건전성,경영혁신형 중소기업(메인비즈),(주)원봉,"사업시설 관리, 사업 지원 및 임대 서비스업",사업시설 관리 및 조경 서비스업,중소기업,475.0,부산 부산진구,337,2026-08-01 02:44:01
재무건전성,경영혁신형 중소기업(메인비즈),(주)삼익,"사업시설 관리, 사업 지원 및 임대 서비스업",사업시설 관리 및 조경 서비스업,중소기업,1419.0,제주 제주시,318,2026-08-01 02:44:01
재무건전성,경영혁신형 중소기업(메인비즈),주식회사 한미기술,"사업시설 관리, 사업 지원 및 임대 서비스업",사업시설 관리 및 조경 서비스업,중소기업,672.0,서울 강남구,283,2026-08-01 02:44:01
재무건전성,경영혁신형 중소기업(메인비즈),(주)대건기업,"사업시설 관리, 사업 지원 및 임대 서비스업",사업시설 관리 및 조경 서비스업,중소기업,445.0,서울 영등포구,271,2026-08-01 02:44:01
재무건전성,경영혁신형 중소기업(메인비즈),(주) 세안텍스,"사업시설 관리, 사업 지원 및 임대 서비스업",사업시설 관리 및 조경 서비스업,중견기업,1535.0,서울 송파구,270,2026-08-01 02:44:01
재무건전성,경영혁신형 중소기업(메인비즈),(주)에프엠텍,"사업시설 관리, 사업 지원 및 임대 서비스업",사업시설 관리 및 조경 서비스업,중소기업,1069.0,서울 동대문구,262,2026-08-01 02:44:01
재무건전성,경영혁신형 중소기업(메인비즈),에스더블유엠(주),"사업시설 관리, 사업 지원 및 임대 서비스업",사업시설 관리 및 조경 서비스업,중소기업,810.0,서울 강남구,238,2026-08-01 02:44:01
재무건전성,경영혁신형 중소기업(메인비즈),(주) 성우알티에스,"사업시설 관리, 사업 지원 및 임대 서비스업",사업시설 관리 및 조경 서비스업,중소기업,220.0,서울 강남구,224,2026-08-01 02:44:01
재무건전성,경영혁신형 중소기업(메인비즈),(주)성진시스템즈,"사업시설 관리, 사업 지원 및 임대 서비스업",사업시설 관리 및 조경 서비스업,중소기업,293.0,서울 금천구,207,2026-08-01 02:44:01
재무건전성,경영혁신형 중소기업(메인비즈),씨엔에스 주식회사,"사업시설 관리, 사업 지원 및 임대 서비스업",사업시설 관리 및 조경 서비스업,중소기업,301.0,,199,2026-08-01 02:44:01
재무건전성,경영혁신형 중소기업(메인비즈),(주)청우티에스,"사업시설 관리, 사업 지원 및 임대 서비스업",사업시설 관리 및 조경 서비스업,중소기업,625.0,경기 고양시 덕양구,197,2026-08-01 02:44:01
재무건전성,경영혁신형 중소기업(메인비즈),(주)대형,"사업시설 관리, 사업 지원 및 임대 서비스업",사업시설 관리 및 조경 서비스업,중소기업,173.0,경기 안양시 동안구,191,2026-08-01 02:44:01
재무건전성,경영혁신형 중소기업(메인비즈),주식회사 다원엠앤이,"사업시설 관리, 사업 지원 및 임대 서비스업",사업시설 관리 및 조경 서비스업,중소기업,349.0,대전 서구,189,2026-08-01 02:44:01
재무건전성,경영혁신형 중소기업(메인비즈),(주)서비스월드,"사업시설 관리, 사업 지원 및 임대 서비스업",사업시설 관리 및 조경 서비스업,중소기업,593.0,경기 안양시 만안구,172,2026-08-01 02:44:01
재무건전성,경영혁신형 중소기업(메인비즈),태진자산관리(주),"사업시설 관리, 사업 지원 및 임대 서비스업",사업시설 관리 및 조경 서비스업,중소기업,1142.0,서울 광진구,170,2026-08-01 02:44:01
재무건전성,경영혁신형 중소기업(메인비즈),(주)유성시에스,"사업시설 관리, 사업 지원 및 임대 서비스업",사업시설 관리 및 조경 서비스업,중소기업,247.0,서울 용산구,165,2026-08-01 02:44:01
재무건전성,경영혁신형 중소기업(메인비즈),나라솔루션 주식회사,"사업시설 관리, 사업 지원 및 임대 서비스업",사업시설 관리 및 조경 서비스업,중소기업,1094.0,대구 수성구,163,2026-08-01 02:44:01
재무건전성,경영혁신형 중소기업(메인비즈),(주) 와이즈비젼,"사업시설 관리, 사업 지원 및 임대 서비스업",사업시설 관리 및 조경 서비스업,중소기업,533.0,전북 익산시,154,2026-08-01 02:44:01
재무건전성,경영혁신형 중소기업(메인비즈),주식회사 장풍에이치에스,"사업시설 관리, 사업 지원 및 임대 서비스업",사업시설 관리 및 조경 서비스업,중소기업,305.0,부산 부산진구,144,2026-08-01 02:44:01
재무건전성,경영혁신형 중소기업(메인비즈),광인산업(주),"사업시설 관리, 사업 지원 및 임대 서비스업",사업시설 관리 및 조경 서비스업,중소기업,442.0,서울 용산구,143,2026-08-01 02:44:01
재무건전성,경영혁신형 중소기업(메인비즈),지에스아이(주),"사업시설 관리, 사업 지원 및 임대 서비스업",사업시설 관리 및 조경 서비스업,중소기업,550.0,경기 성남시 수정구,140,2026-08-01 02:44:01
재무건전성,경영혁신형 중소기업(메인비즈),(주)원중기업,"사업시설 관리, 사업 지원 및 임대 서비스업",사업시설 관리 및 조경 서비스업,중소기업,316.0,인천 남동구,139,2026-08-01 02:44:01
재무건전성,경영혁신형 중소기업(메인비즈),피에이아름다운관리(주),"사업시설 관리, 사업 지원 및 임대 서비스업",사업시설 관리 및 조경 서비스업,중소기업,204.0,경기 안산시 단원구,115,2026-08-01 02:44:01
재무건전성,경영혁신형 중소기업(메인비즈),(주)쉴드인터내셔널,"사업시설 관리, 사업 지원 및 임대 서비스업",사업시설 관리 및 조경 서비스업,중소기업,157.0,서울 송파구,114,2026-08-01 02:44:01
재무건전성,경영혁신형 중소기업(메인비즈),주식회사 윤코퍼레이션,"사업시설 관리, 사업 지원 및 임대 서비스업",사업시설 관리 및 조경 서비스업,중소기업,343.0,부산 부산진구,114,2026-08-01 02:44:01
재무건전성,경영혁신형 중소기업(메인비즈),(주)비오워크,"사업시설 관리, 사업 지원 및 임대 서비스업",사업시설 관리 및 조경 서비스업,중소기업,295.0,서울 송파구,107,2026-08-01 02:44:01
재무건전성,경영혁신형 중소기업(메인비즈),(주)미래비엠,"사업시설 관리, 사업 지원 및 임대 서비스업",사업시설 관리 및 조경 서비스업,중견기업,653.0,서울 중구,105,2026-08-01 02:44:01
재무건전성,경영혁신형 중소기업(메인비즈),에이엠영보(주),"사업시설 관리, 사업 지원 및 임대 서비스업",사업시설 관리 및 조경 서비스업,중소기업,93.0,서울 강남구,103,2026-08-01 02:44:01
재무건전성,경영혁신형 중소기업(메인비즈),(주)신대한관리,"사업시설 관리, 사업 지원 및 임대 서비스업",사업시설 관리 및 조경 서비스업,중소기업,538.0,경기 구리시,100,2026-08-01 02:44:01
재무건전성,경영혁신형 중소기업(메인비즈),서울이앤지(주),"사업시설 관리, 사업 지원 및 임대 서비스업",사업시설 관리 및 조경 서비스업,중소기업,76.0,서울 강서구,98,2026-08-01 02:44:01
재무건전성,경영혁신형 중소기업(메인비즈),(주)한국관리서비스,"사업시설 관리, 사업 지원 및 임대 서비스업",사업시설 관리 및 조경 서비스업,중소기업,360.0,경기 하남시,89,2026-08-01 02:44:01
재무건전성,경영혁신형 중소기업(메인비즈),남광개발(주),"사업시설 관리, 사업 지원 및 임대 서비스업",사업시설 관리 및 조경 서비스업,중소기업,781.0,경기 안양시 만안구,73,2026-08-01 02:44:01
재무건전성,경영혁신형 중소기업(메인비즈),(주)대한안전관리공사,"사업시설 관리, 사업 지원 및 임대 서비스업",사업시설 관리 및 조경 서비스업,중소기업,358.0,서울 마포구,70,2026-08-01 02:44:01
재무건전성,경영혁신형 중소기업(메인비즈),(주)태광개발,"사업시설 관리, 사업 지원 및 임대 서비스업",사업시설 관리 및 조경 서비스업,중소기업,331.0,서울 강남구,67,2026-08-01 02:44:01
재무건전성,경영혁신형 중소기업(메인비즈),(주)비엠에스종합개발,"사업시설 관리, 사업 지원 및 임대 서비스업",사업시설 관리 및 조경 서비스업,중소기업,1100.0,인천 남동구,66,2026-08-01 02:44:01
재무건전성,경영혁신형 중소기업(메인비즈),주식회사 그린에스,"사업시설 관리, 사업 지원 및 임대 서비스업",사업시설 관리 및 조경 서비스업,중소기업,67.0,경북 포항시 남구,66,2026-08-01 02:44:01
재무건전성,경영혁신형 중소기업(메인비즈),(주)크린산업개발,"사업시설 관리, 사업 지원 및 임대 서비스업",사업시설 관리 및 조경 서비스업,중소기업,32.0,대전 서구,59,2026-08-01 02:44:01
재무건전성,경영혁신형 중소기업(메인비즈),주식회사 티에스산업,"사업시설 관리, 사업 지원 및 임대 서비스업",사업시설 관리 및 조경 서비스업,중소기업,252.0,경기 고양시 일산동구,56,2026-08-01 02:44:01
재무건전성,경영혁신형 중소기업(메인비즈),(주)케이디,"사업시설 관리, 사업 지원 및 임대 서비스업",사업시설 관리 및 조경 서비스업,중소기업,329.0,,47,2026-08-01 02:44:01
재무건전성,경영혁신형 중소기업(메인비즈),주식회사 서비스플러스,"사업시설 관리, 사업 지원 및 임대 서비스업",사업시설 관리 및 조경 서비스업,중소기업,320.0,서울 마포구,45,2026-08-01 02:44:01
재무건전성,경영혁신형 중소기업(메인비즈),(주)바른종합관리,"사업시설 관리, 사업 지원 및 임대 서비스업",사업시설 관리 및 조경 서비스업,중소기업,86.0,경남 양산시,44,2026-08-01 02:44:01
재무건전성,경영혁신형 중소기업(메인비즈),(주)탑코리아서비스,"사업시설 관리, 사업 지원 및 임대 서비스업",사업시설 관리 및 조경 서비스업,중소기업,325.0,서울 강동구,43,2026-08-01 02:44:01
재무건전성,경영혁신형 중소기업(메인비즈),송간기업 주식회사,"사업시설 관리, 사업 지원 및 임대 서비스업",사업시설 관리 및 조경 서비스업,중소기업,138.0,서울 서초구,39,2026-08-01 02:44:01
재무건전성,경영혁신형 중소기업(메인비즈),다드림한마음주식회사,"사업시설 관리, 사업 지원 및 임대 서비스업",사업시설 관리 및 조경 서비스업,중소기업,279.0,경기 파주시,38,2026-08-01 02:44:01
재무건전성,경영혁신형 중소기업(메인비즈),우지산업(주),"사업시설 관리, 사업 지원 및 임대 서비스업",사업시설 관리 및 조경 서비스업,중소기업,291.0,서울 종로구,36,2026-08-01 02:44:01
재무건전성,경영혁신형 중소기업(메인비즈),주식회사 창민종합관리,"사업시설 관리, 사업 지원 및 임대 서비스업",사업시설 관리 및 조경 서비스업,중소기업,146.0,대전 중구,34,2026-08-01 02:44:01
재무건전성,경영혁신형 중소기업(메인비즈),프로종합관리(주),"사업시설 관리, 사업 지원 및 임대 서비스업",사업시설 관리 및 조경 서비스업,중소기업,155.0,서울 금천구,31,2026-08-01 02:44:01
재무건전성,경영혁신형 중소기업(메인비즈),(주)에스와이인터텍,"사업시설 관리, 사업 지원 및 임대 서비스업",사업시설 관리 및 조경 서비스업,중소기업,491.0,서울 서초구,28,2026-08-01 02:44:01
재무건전성,경영혁신형 중소기업(메인비즈),(주)에스에이시시스템,"사업시설 관리, 사업 지원 및 임대 서비스업",사업시설 관리 및 조경 서비스업,중소기업,31.0,서울 영등포구,27,2026-08-01 02:44:01
재무건전성,경영혁신형 중소기업(메인비즈),(주)씨앤티,"사업시설 관리, 사업 지원 및 임대 서비스업",사업시설 관리 및 조경 서비스업,중소기업,90.0,충남 천안시 서북구,23,2026-08-01 02:44:01
재무건전성,경영혁신형 중소기업(메인비즈),(주)신우시스템,"사업시설 관리, 사업 지원 및 임대 서비스업",사업시설 관리 및 조경 서비스업,중소기업,220.0,부산 사상구,23,2026-08-01 02:44:01
재무건전성,경영혁신형 중소기업(메인비즈),(주)다림엔지니어링,"사업시설 관리, 사업 지원 및 임대 서비스업",사업시설 관리 및 조경 서비스업,중소기업,4.0,서울 동작구,23,2026-08-01 02:44:01
재무건전성,경영혁신형 중소기업(메인비즈),(주) 세명엔터프라이즈,"사업시설 관리, 사업 지원 및 임대 서비스업",사업시설 관리 및 조경 서비스업,중소기업,480.0,경남 창원시 의창구,21,2026-08-01 02:44:01
재무건전성,경영혁신형 중소기업(메인비즈),제이마스터(주),"사업시설 관리, 사업 지원 및 임대 서비스업",사업시설 관리 및 조경 서비스업,중소기업,94.0,서울 용산구,20,2026-08-01 02:44:01
재무건전성,경영혁신형 중소기업(메인비즈),합자회사 대홍,"사업시설 관리, 사업 지원 및 임대 서비스업",사업시설 관리 및 조경 서비스업,중소기업,96.0,강원 원주시,16,2026-08-01 02:44:01
재무건전성,경영혁신형 중소기업(메인비즈),(주)휴먼씨앤씨,"사업시설 관리, 사업 지원 및 임대 서비스업",사업시설 관리 및 조경 서비스업,중소기업,187.0,경기 수원시 권선구,16,2026-08-01 02:44:01
재무건전성,경영혁신형 중소기업(메인비즈),엔케이주식회사,"사업시설 관리, 사업 지원 및 임대 서비스업",사업시설 관리 및 조경 서비스업,중소기업,34.0,세종,13,2026-08-01 02:44:01
재무건전성,경영혁신형 중소기업(메인비즈),삼성산업관리(주),"사업시설 관리, 사업 지원 및 임대 서비스업",사업시설 관리 및 조경 서비스업,중소기업,54.0,충북 청주시 상당구,12,2026-08-01 02:44:01
재무건전성,경영혁신형 중소기업(메인비즈),주식회사 가인텍,"사업시설 관리, 사업 지원 및 임대 서비스업",사업시설 관리 및 조경 서비스업,중소기업,52.0,,11,2026-08-01 02:44:01
재무건전성,경영혁신형 중소기업(메인비즈),주식회사 대신종합관리시스템,"사업시설 관리, 사업 지원 및 임대 서비스업",사업시설 관리 및 조경 서비스업,중소기업,34.0,,8,2026-08-01 02:44:01
재무건전성,경영혁신형 중소기업(메인비즈),주식회사영풍위생방역,"사업시설 관리, 사업 지원 및 임대 서비스업",사업시설 관리 및 조경 서비스업,중소기업,,세종,8,2026-08-01 02:44:01
재무건전성,경영혁신형 중소기업(메인비즈),(주)두드림홈,"사업시설 관리, 사업 지원 및 임대 서비스업",사업시설 관리 및 조경 서비스업,중소기업,13.0,서울 서초구,7,2026-08-01 02:44:01
재무건전성,경영혁신형 중소기업(메인비즈),거명개발(주),"사업시설 관리, 사업 지원 및 임대 서비스업",사업시설 관리 및 조경 서비스업,중소기업,51.0,서울 용산구,7,2026-08-01 02:44:01
재무건전성,경영혁신형 중소기업(메인비즈),(주)명진메인티넌스,"사업시설 관리, 사업 지원 및 임대 서비스업",사업시설 관리 및 조경 서비스업,중소기업,12.0,서울 강서구,6,2026-08-01 02:44:01
재무건전성,경영혁신형 중소기업(메인비즈),(주)탄탄관리,"사업시설 관리, 사업 지원 및 임대 서비스업",사업시설 관리 및 조경 서비스업,중소기업,30.0,서울 강동구,4,2026-08-01 02:44:01
재무건전성,경영혁신형 중소기업(메인비즈),(주)포앰,"사업시설 관리, 사업 지원 및 임대 서비스업",사업시설 관리 및 조경 서비스업,중소기업,20.0,부산 동구,4,2026-08-01 02:44:01
재무건전성,경영혁신형 중소기업(메인비즈),주식회사 씨디케이,"사업시설 관리, 사업 지원 및 임대 서비스업",사업시설 관리 및 조경 서비스업,중소기업,18.0,경기 시흥시,2,2026-08-01 02:44:01
재무건전성,경영혁신형 중소기업(메인비즈),(주)코스코,"사업시설 관리, 사업 지원 및 임대 서비스업",사업시설 관리 및 조경 서비스업,중소기업,22.0,경남 거제시,2,2026-08-01 02:44:01
재무건전성,경영혁신형 중소기업(메인비즈),(주)월드와이드써비스코리아,"사업시설 관리, 사업 지원 및 임대 서비스업",사업시설 관리 및 조경 서비스업,,,서울 강남구,0,2026-08-01 02:44:01
재무건전성,경영혁신형 중소기업(메인비즈),주식회사 원엔터프라이즈,"사업시설 관리, 사업 지원 및 임대 서비스업",사업시설 관리 및 조경 서비스업,,,부산 부산진구,0,2026-08-01 02:44:01
재무건전성,경영혁신형 중소기업(메인비즈),예주산업(주),"사업시설 관리, 사업 지원 및 임대 서비스업",사업지원 서비스업,중견기업,1726.0,서울 마포구,401,2026-08-01 02:44:01
재무건전성,경영혁신형 중소기업(메인비즈),성오보안공사(주),"사업시설 관리, 사업 지원 및 임대 서비스업",사업지원 서비스업,중소기업,379.0,대구 동구,326,2026-08-01 02:44:01
재무건전성,경영혁신형 중소기업(메인비즈),케이에스엔시(주),"사업시설 관리, 사업 지원 및 임대 서비스업",사업지원 서비스업,중소기업,1250.0,서울 영등포구,306,2026-08-01 02:44:01
재무건전성,경영혁신형 중소기업(메인비즈),(주)거성지엠에스,"사업시설 관리, 사업 지원 및 임대 서비스업",사업지원 서비스업,중소기업,466.0,대구 수성구,257,2026-08-01 02:44:01
재무건전성,경영혁신형 중소기업(메인비즈),주식회사 인서비스원,"사업시설 관리, 사업 지원 및 임대 서비스업",사업지원 서비스업,중소기업,130.0,경남 창원시 의창구,246,2026-08-01 02:44:01
재무건전성,경영혁신형 중소기업(메인비즈),(주)디이씨오,"사업시설 관리, 사업 지원 및 임대 서비스업",사업지원 서비스업,중소기업,800.0,부산 남구,185,2026-08-01 02:44:01
재무건전성,경영혁신형 중소기업(메인비즈),범호개발 주식회사,"사업시설 관리, 사업 지원 및 임대 서비스업",사업지원 서비스업,중소기업,725.0,대전 중구,170,2026-08-01 02:44:01
재무건전성,경영혁신형 중소기업(메인비즈),(주)대호안전관리공사,"사업시설 관리, 사업 지원 및 임대 서비스업",사업지원 서비스업,중소기업,2327.0,,169,2026-08-01 02:44:01
재무건전성,경영혁신형 중소기업(메인비즈),(주)케이비에스시큐리티,"사업시설 관리, 사업 지원 및 임대 서비스업",사업지원 서비스업,중소기업,238.0,서울 영등포구,168,2026-08-01 02:44:01
재무건전성,경영혁신형 중소기업(메인비즈),(주)앤케이스테이션,"사업시설 관리, 사업 지원 및 임대 서비스업",사업지원 서비스업,중소기업,169.0,서울 영등포구,151,2026-08-01 02:44:01
재무건전성,경영혁신형 중소기업(메인비즈),서운에스티에스(주),"사업시설 관리, 사업 지원 및 임대 서비스업",사업지원 서비스업,중소기업,830.0,서울 성동구,148,2026-08-01 02:44:01
재무건전성,경영혁신형 중소기업(메인비즈),주식회사 에이스엠,"사업시설 관리, 사업 지원 및 임대 서비스업",사업지원 서비스업,중소기업,627.0,경기 수원시 영통구,117,2026-08-01 02:44:01
재무건전성,경영혁신형 중소기업(메인비즈),(주)제일비엠시,"사업시설 관리, 사업 지원 및 임대 서비스업",사업지원 서비스업,중소기업,1638.0,서울 서초구,115,2026-08-01 02:44:01
재무건전성,경영혁신형 중소기업(메인비즈),(주)구일일무인경비시스템,"사업시설 관리, 사업 지원 및 임대 서비스업",사업지원 서비스업,중소기업,86.0,서울 노원구,105,2026-08-01 02:44:01
재무건전성,경영혁신형 중소기업(메인비즈),(주)KTS솔루션스,"사업시설 관리, 사업 지원 및 임대 서비스업",사업지원 서비스업,중소기업,106.0,서울 송파구,102,2026-08-01 02:44:01
재무건전성,경영혁신형 중소기업(메인비즈),(주)지엠스,"사업시설 관리, 사업 지원 및 임대 서비스업",사업지원 서비스업,중소기업,190.0,서울 마포구,97,2026-08-01 02:44:01
재무건전성,경영혁신형 중소기업(메인비즈),(주)드림잡,"사업시설 관리, 사업 지원 및 임대 서비스업",사업지원 서비스업,중소기업,201.0,서울 광진구,70,2026-08-01 02:44:01
재무건전성,경영혁신형 중소기업(메인비즈),제일에스피(주),"사업시설 관리, 사업 지원 및 임대 서비스업",사업지원 서비스업,중소기업,1079.0,서울 서초구,65,2026-08-01 02:44:01
재무건전성,경영혁신형 중소기업(메인비즈),웅산산업개발(주),"사업시설 관리, 사업 지원 및 임대 서비스업",사업지원 서비스업,중소기업,467.0,경기 구리시,62,2026-08-01 02:44:01
재무건전성,경영혁신형 중소기업(메인비즈),(유)대주에이치알,"사업시설 관리, 사업 지원 및 임대 서비스업",사업지원 서비스업,중소기업,700.0,서울 영등포구,54,2026-08-01 02:44:01
재무건전성,경영혁신형 중소기업(메인비즈),(주)평강엔지니어링,"사업시설 관리, 사업 지원 및 임대 서비스업",사업지원 서비스업,중소기업,63.0,서울 영등포구,41,2026-08-01 02:44:01
재무건전성,경영혁신형 중소기업(메인비즈),주식회사 국성,"사업시설 관리, 사업 지원 및 임대 서비스업",사업지원 서비스업,중소기업,79.0,,35,2026-08-01 02:44:01
재무건전성,경영혁신형 중소기업(메인비즈),한국진돗개안전씨엔에스(주),"사업시설 관리, 사업 지원 및 임대 서비스업",사업지원 서비스업,중소기업,47.0,,32,2026-08-01 02:44:01
재무건전성,경영혁신형 중소기업(메인비즈),(주)유엔에스코리아,"사업시설 관리, 사업 지원 및 임대 서비스업",사업지원 서비스업,중소기업,355.0,서울 송파구,29,2026-08-01 02:44:01
재무건전성,경영혁신형 중소기업(메인비즈),주식회사엘소,"사업시설 관리, 사업 지원 및 임대 서비스업",사업지원 서비스업,중소기업,167.0,경남 창원시 의창구,24,2026-08-01 02:44:01
재무건전성,경영혁신형 중소기업(메인비즈),(주)휴먼코드,"사업시설 관리, 사업 지원 및 임대 서비스업",사업지원 서비스업,중소기업,55.0,서울 서초구,23,2026-08-01 02:44:01
재무건전성,경영혁신형 중소기업(메인비즈),(주)공연마루,"사업시설 관리, 사업 지원 및 임대 서비스업",사업지원 서비스업,중소기업,9.0,,20,2026-08-01 02:44:01
재무건전성,경영혁신형 중소기업(메인비즈),주식회사 에이치비컴퍼니,"사업시설 관리, 사업 지원 및 임대 서비스업",사업지원 서비스업,중소기업,64.0,경기 안양시 동안구,19,2026-08-01 02:44:01
재무건전성,경영혁신형 중소기업(메인비즈),주식회사 에이드피플,"사업시설 관리, 사업 지원 및 임대 서비스업",사업지원 서비스업,중소기업,467.0,경기 부천시,19,2026-08-01 02:44:01
재무건전성,경영혁신형 중소기업(메인비즈),(주)노랑풍선,"사업시설 관리, 사업 지원 및 임대 서비스업",사업지원 서비스업,중견기업,412.0,서울 중구,15,2026-08-01 02:44:01
재무건전성,경영혁신형 중소기업(메인비즈),(주)비에쓰테크,"사업시설 관리, 사업 지원 및 임대 서비스업",사업지원 서비스업,중소기업,132.0,경남 거제시,13,2026-08-01 02:44:01
재무건전성,경영혁신형 중소기업(메인비즈),(주)메세코리아,"사업시설 관리, 사업 지원 및 임대 서비스업",사업지원 서비스업,중소기업,14.0,부산 해운대구,12,2026-08-01 02:44:01
재무건전성,경영혁신형 중소기업(메인비즈),(주)이앤에이치에너지,"사업시설 관리, 사업 지원 및 임대 서비스업",사업지원 서비스업,중소기업,,충북 청주시 서원구,10,2026-08-01 02:44:01
재무건전성,경영혁신형 중소기업(메인비즈),(주)피오디커뮤니케이션즈,"사업시설 관리, 사업 지원 및 임대 서비스업",사업지원 서비스업,중소기업,20.0,서울 영등포구,9,2026-08-01 02:44:01
재무건전성,경영혁신형 중소기업(메인비즈),주식회사 케이크린,"사업시설 관리, 사업 지원 및 임대 서비스업",사업지원 서비스업,중소기업,24.0,경기 평택시,8,2026-08-01 02:44:01
재무건전성,경영혁신형 중소기업(메인비즈),케이에스신용정보 주식회사,"사업시설 관리, 사업 지원 및 임대 서비스업",사업지원 서비스업,중소기업,226.0,서울 강남구,6,2026-08-01 02:44:01
재무건전성,경영혁신형 중소기업(메인비즈),(주)지엠컴,"사업시설 관리, 사업 지원 및 임대 서비스업",사업지원 서비스업,중소기업,189.0,서울 강남구,6,2026-08-01 02:44:01
재무건전성,경영혁신형 중소기업(메인비즈),(주)지엔에이,"사업시설 관리, 사업 지원 및 임대 서비스업",사업지원 서비스업,중소기업,109.0,서울 강남구,5,2026-08-01 02:44:01
재무건전성,경영혁신형 중소기업(메인비즈),영창흥업(자),"사업시설 관리, 사업 지원 및 임대 서비스업",사업지원 서비스업,중소기업,33.0,대전 서구,5,2026-08-01 02:44:01
재무건전성,경영혁신형 중소기업(메인비즈),(주)한글로벌,"사업시설 관리, 사업 지원 및 임대 서비스업",사업지원 서비스업,중소기업,20.0,서울 마포구,4,2026-08-01 02:44:01
재무건전성,경영혁신형 중소기업(메인비즈),(주)에프엠커뮤니케이션즈,"사업시설 관리, 사업 지원 및 임대 서비스업",사업지원 서비스업,중소기업,152.0,서울 서초구,3,2026-08-01 02:44:01
재무건전성,경영혁신형 중소기업(메인비즈),(주)에이원씨에프,"사업시설 관리, 사업 지원 및 임대 서비스업",사업지원 서비스업,중소기업,13.0,서울 서초구,3,2026-08-01 02:44:01
재무건전성,경영혁신형 중소기업(메인비즈),오프너디오씨 주식회사,"사업시설 관리, 사업 지원 및 임대 서비스업",사업지원 서비스업,중소기업,29.0,서울 성동구,3,2026-08-01 02:44:01
재무건전성,경영혁신형 중소기업(메인비즈),(주)에스팀,"사업시설 관리, 사업 지원 및 임대 서비스업",사업지원 서비스업,중소기업,71.0,서울 종로구,2,2026-08-01 02:44:01
재무건전성,경영혁신형 중소기업(메인비즈),알엔알(주),"사업시설 관리, 사업 지원 및 임대 서비스업",사업지원 서비스업,중소기업,14.0,경남 거제시,2,2026-08-01 02:44:01
재무건전성,경영혁신형 중소기업(메인비즈),(주)월드투어,"사업시설 관리, 사업 지원 및 임대 서비스업",사업지원 서비스업,중소기업,31.0,,1,2026-08-01 02:44:01
재무건전성,경영혁신형 중소기업(메인비즈),주식회사 동운,"사업시설 관리, 사업 지원 및 임대 서비스업",사업지원 서비스업,중소기업,97.0,경남 거제시,1,2026-08-01 02:44:01
재무건전성,경영혁신형 중소기업(메인비즈),주식회사 엠더블유네트웍스,"사업시설 관리, 사업 지원 및 임대 서비스업",사업지원 서비스업,중소기업,14.0,서울 강남구,1,2026-08-01 02:44:01
재무건전성,경영혁신형 중소기업(메인비즈),주식회사 해비치씨앤씨,"사업시설 관리, 사업 지원 및 임대 서비스업",사업지원 서비스업,중소기업,6.0,서울 마포구,1,2026-08-01 02:44:01
재무건전성,경영혁신형 중소기업(메인비즈),주식회사 에스지아큐먼,"사업시설 관리, 사업 지원 및 임대 서비스업",사업지원 서비스업,중소기업,185.0,제주 서귀포시,0,2026-08-01 02:44:01
재무건전성,경영혁신형 중소기업(메인비즈),(주)이디에스보안물류,"사업시설 관리, 사업 지원 및 임대 서비스업",사업지원 서비스업,,,부산 중구,0,2026-08-01 02:44:01
재무건전성,경영혁신형 중소기업(메인비즈),(주)부성에스씨아이,"사업시설 관리, 사업 지원 및 임대 서비스업",사업지원 서비스업,,,부산 중구,0,2026-08-01 02:44:01
재무건전성,경영혁신형 중소기업(메인비즈),주식회사 제주속으로,"사업시설 관리, 사업 지원 및 임대 서비스업",사업지원 서비스업,,,제주 제주시,0,2026-08-01 02:44:01
재무건전성,경영혁신형 중소기업(메인비즈),(주)마블커뮤니케이션,"사업시설 관리, 사업 지원 및 임대 서비스업",사업지원 서비스업,중소기업,35.0,서울 강남구,0,2026-08-01 02:44:01
재무건전성,경영혁신형 중소기업(메인비즈),주식회사 와이앤피,"사업시설 관리, 사업 지원 및 임대 서비스업",사업지원 서비스업,,,대전 서구,0,2026-08-01 02:44:01
재무건전성,경영혁신형 중소기업(메인비즈),주식회사 국민렌탈,"사업시설 관리, 사업 지원 및 임대 서비스업",임대업; 부동산 제외,중소기업,51.0,경기 안성시,42,2026-08-01 02:44:01
재무건전성,경영혁신형 중소기업(메인비즈),(주)제이엘컴퍼니,"사업시설 관리, 사업 지원 및 임대 서비스업",임대업; 부동산 제외,중소기업,27.0,경기 남양주시,23,2026-08-01 02:44:01
재무건전성,경영혁신형 중소기업(메인비즈),주식회사 우리종합로지스,"사업시설 관리, 사업 지원 및 임대 서비스업",임대업; 부동산 제외,중소기업,20.0,경기 용인시 처인구,17,2026-08-01 02:44:01
재무건전성,경영혁신형 중소기업(메인비즈),주식회사 한영티에스,"사업시설 관리, 사업 지원 및 임대 서비스업",임대업; 부동산 제외,중소기업,13.0,대구 동구,8,2026-08-01 02:44:01
재무건전성,경영혁신형 중소기업(메인비즈),(주)규람타워렌탈,"사업시설 관리, 사업 지원 및 임대 서비스업",임대업; 부동산 제외,중소기업,196.0,경기 안양시 동안구,7,2026-08-01 02:44:01
재무건전성,경영혁신형 중소기업(메인비즈),서울시스템렌탈(주),"사업시설 관리, 사업 지원 및 임대 서비스업",임대업; 부동산 제외,중소기업,19.0,경기 하남시,3,2026-08-01 02:44:01
재무건전성,경영혁신형 중소기업(메인비즈),주식회사 제주엔젤렌트카,"사업시설 관리, 사업 지원 및 임대 서비스업",임대업; 부동산 제외,중소기업,,제주 제주시,2,2026-08-01 02:44:01
재무건전성,경영혁신형 중소기업(메인비즈),이엔에이렌탈 주식회사,"사업시설 관리, 사업 지원 및 임대 서비스업",임대업; 부동산 제외,중소기업,10.0,경기 고양시 일산동구,0,2026-08-01 02:44:01
재무건전성,경영혁신형 중소기업(메인비즈),퍼스트인잡주식회사,교육 서비스업,교육 서비스업,중소기업,30.0,부산 해운대구,253,2026-08-01 02:44:01
재무건전성,경영혁신형 중소기업(메인비즈),한국직업능력진흥원 주식회사,교육 서비스업,교육 서비스업,중소기업,,서울 성동구,19,2026-08-01 02:44:01
재무건전성,경영혁신형 중소기업(메인비즈),글로리아항공주식회사,교육 서비스업,교육 서비스업,중소기업,88.0,서울 동대문구,17,2026-08-01 02:44:01
재무건전성,경영혁신형 중소기업(메인비즈),주식회사 지알케이에듀케이션,교육 서비스업,교육 서비스업,중소기업,13.0,서울 서초구,7,2026-08-01 02:44:01
재무건전성,경영혁신형 중소기업(메인비즈),주식회사 하이미디어아카데미,교육 서비스업,교육 서비스업,중소기업,37.0,서울 종로구,4,2026-08-01 02:44:01
재무건전성,경영혁신형 중소기업(메인비즈),주식회사 비엠코퍼레이션,교육 서비스업,교육 서비스업,중소기업,100.0,서울 영등포구,3,2026-08-01 02:44:01
재무건전성,경영혁신형 중소기업(메인비즈),(주)끌리메,교육 서비스업,교육 서비스업,중소기업,19.0,서울 강남구,2,2026-08-01 02:44:01
재무건전성,경영혁신형 중소기업(메인비즈),넥스트다이닝(주),교육 서비스업,교육 서비스업,중소기업,94.0,서울 종로구,1,2026-08-01 02:44:01
재무건전성,경영혁신형 중소기업(메인비즈),(주) 여기스터디,교육 서비스업,교육 서비스업,중소기업,22.0,서울 영등포구,0,2026-08-01 02:44:01
재무건전성,경영혁신형 중소기업(메인비즈),(주)이디엠에듀케이션,교육 서비스업,교육 서비스업,,,서울 서초구,0,2026-08-01 02:44:01
재무건전성,경영혁신형 중소기업(메인비즈),현대병원,보건업 및 사회복지 서비스업,보건업,중견기업,751.0,경기 남양주시,29,2026-08-01 02:44:01
재무건전성,경영혁신형 중소기업(메인비즈),김제우석병원,보건업 및 사회복지 서비스업,보건업,,,전북 김제시,0,2026-08-01 02:44:01
재무건전성,경영혁신형 중소기업(메인비즈),세종내과영상의학과의원,보건업 및 사회복지 서비스업,보건업,중소기업,,경남 창원시 의창구,0,2026-08-01 02:44:01
재무건전성,경영혁신형 중소기업(메인비즈),메트로적추병원,보건업 및 사회복지 서비스업,보건업,,,부산 수영구,0,2026-08-01 02:44:01
재무건전성,경영혁신형 중소기업(메인비즈),연세에스병원,보건업 및 사회복지 서비스업,보건업,,,경남 창원시 진해구,0,2026-08-01 02:44:01
재무건전성,경영혁신형 중소기업(메인비즈),서산중앙병원,보건업 및 사회복지 서비스업,보건업,,,충남 서산시,0,2026-08-01 02:44:01
재무건전성,경영혁신형 중소기업(메인비즈),강동스마일요양병원,보건업 및 사회복지 서비스업,보건업,,,경기 하남시,0,2026-08-01 02:44:01
재무건전성,경영혁신형 중소기업(메인비즈),대구시티병원,보건업 및 사회복지 서비스업,보건업,,,대구 북구,0,2026-08-01 02:44:01
재무건전성,경영혁신형 중소기업(메인비즈),(주)시공테크,"예술, 스포츠 및 여가관련 서비스업","창작, 예술 및 여가관련 서비스업",중견기업,190.0,경기 성남시 분당구,16,2026-08-01 02:44:01
재무건전성,경영혁신형 중소기업(메인비즈),주식회사 붐컴,"예술, 스포츠 및 여가관련 서비스업","창작, 예술 및 여가관련 서비스업",중소기업,81.0,서울 송파구,5,2026-08-01 02:44:01
재무건전성,경영혁신형 중소기업(메인비즈),(주)씨앤씨라이트웨이,"예술, 스포츠 및 여가관련 서비스업","창작, 예술 및 여가관련 서비스업",중소기업,42.0,서울 금천구,3,2026-08-01 02:44:01
재무건전성,경영혁신형 중소기업(메인비즈),주식회사 테디베어하우스테지움,"예술, 스포츠 및 여가관련 서비스업","창작, 예술 및 여가관련 서비스업",중소기업,15.0,제주 제주시,1,2026-08-01 02:44:01
재무건전성,경영혁신형 중소기업(메인비즈),주식회사 아이풀,"예술, 스포츠 및 여가관련 서비스업",스포츠 및 오락관련 서비스업,중소기업,111.0,경기 수원시 권선구,17,2026-08-01 02:44:01
재무건전성,경영혁신형 중소기업(메인비즈),주식회사 조이스포츠,"예술, 스포츠 및 여가관련 서비스업",스포츠 및 오락관련 서비스업,중소기업,26.0,,9,2026-08-01 02:44:01
재무건전성,경영혁신형 중소기업(메인비즈),(주)히어로플레이파크,"예술, 스포츠 및 여가관련 서비스업",스포츠 및 오락관련 서비스업,중소기업,41.0,경북 경주시,7,2026-08-01 02:44:01
재무건전성,경영혁신형 중소기업(메인비즈),주식회사요트탈래,"예술, 스포츠 및 여가관련 서비스업",스포츠 및 오락관련 서비스업,중소기업,28.0,부산 해운대구,6,2026-08-01 02:44:01
재무건전성,경영혁신형 중소기업(메인비즈),(주)서현알씨,"협회 및 단체, 수리 및 기타 개인 서비스업",개인 및 소비용품 수리업,중소기업,43.0,서울 강남구,39,2026-08-01 02:44:01
재무건전성,경영혁신형 중소기업(메인비즈),(주)스타오토케어,"협회 및 단체, 수리 및 기타 개인 서비스업",개인 및 소비용품 수리업,중소기업,69.0,경기 용인시 처인구,12,2026-08-01 02:44:01
재무건전성,경영혁신형 중소기업(메인비즈),쌍용자동차 김포사업소 주식회사,"협회 및 단체, 수리 및 기타 개인 서비스업",개인 및 소비용품 수리업,중소기업,5.0,경기 김포시,9,2026-08-01 02:44:01
재무건전성,경영혁신형 중소기업(메인비즈),중동점 기아오토큐 주식회사,"협회 및 단체, 수리 및 기타 개인 서비스업",개인 및 소비용품 수리업,중소기업,16.0,경기 부천시,6,2026-08-01 02:44:01
재무건전성,경영혁신형 중소기업(메인비즈),(주)태안모터스 영등포서비스,"협회 및 단체, 수리 및 기타 개인 서비스업",개인 및 소비용품 수리업,중소기업,59.0,서울 영등포구,4,2026-08-01 02:44:01
재무건전성,경영혁신형 중소기업(메인비즈),한국지엠아산서비스센터주식회사,"협회 및 단체, 수리 및 기타 개인 서비스업",개인 및 소비용품 수리업,중소기업,9.0,충남 아산시,4,2026-08-01 02:44:01
재무건전성,경영혁신형 중소기업(메인비즈),주식회사 새론,"협회 및 단체, 수리 및 기타 개인 서비스업",개인 및 소비용품 수리업,중소기업,23.0,제주 제주시,3,2026-08-01 02:44:01
재무건전성,경영혁신형 중소기업(메인비즈),케이지모빌리티인천서비스센터(주),"협회 및 단체, 수리 및 기타 개인 서비스업",개인 및 소비용품 수리업,중소기업,39.0,,3,2026-08-01 02:44:01
재무건전성,경영혁신형 중소기업(메인비즈),주식회사아이비오토테크,"협회 및 단체, 수리 및 기타 개인 서비스업",개인 및 소비용품 수리업,중소기업,4.0,,3,2026-08-01 02:44:01
재무건전성,경영혁신형 중소기업(메인비즈),서원주서비스기아오토큐,"협회 및 단체, 수리 및 기타 개인 서비스업",개인 및 소비용품 수리업,중소기업,32.0,강원 원주시,1,2026-08-01 02:44:01
재무건전성,경영혁신형 중소기업(메인비즈),(유) 세광,"협회 및 단체, 수리 및 기타 개인 서비스업",개인 및 소비용품 수리업,,,대전 대덕구,0,2026-08-01 02:44:01
재무건전성,경영혁신형 중소기업(메인비즈),르노코리아자동차남부산정비사업소(주),"협회 및 단체, 수리 및 기타 개인 서비스업",개인 및 소비용품 수리업,,,부산 수영구,0,2026-08-01 02:44:01
재무건전성,경영혁신형 중소기업(메인비즈),(주)배방서비스센터,"협회 및 단체, 수리 및 기타 개인 서비스업",개인 및 소비용품 수리업,중소기업,15.0,충남 아산시,0,2026-08-01 02:44:01
재무건전성,경영혁신형 중소기업(메인비즈),주식회사 케이네트웍스,"협회 및 단체, 수리 및 기타 개인 서비스업",개인 및 소비용품 수리업,중소기업,189.0,서울 금천구,0,2026-08-01 02:44:01
재무건전성,경영혁신형 중소기업(메인비즈),(주)경서,"협회 및 단체, 수리 및 기타 개인 서비스업",기타 개인 서비스업,중소기업,24.0,경남 진주시,30,2026-08-01 02:44:01
재무건전성,경영혁신형 중소기업(메인비즈),해피엔딩주식회사,"협회 및 단체, 수리 및 기타 개인 서비스업",기타 개인 서비스업,중소기업,132.0,경기 구리시,30,2026-08-01 02:44:01
재무건전성,경영혁신형 중소기업(메인비즈),소학레저개발주식회사,"협회 및 단체, 수리 및 기타 개인 서비스업",기타 개인 서비스업,중소기업,34.0,강원 속초시,19,2026-08-01 02:44:01
재무건전성,경영혁신형 중소기업(메인비즈),린텍스기업주식회사,"협회 및 단체, 수리 및 기타 개인 서비스업",기타 개인 서비스업,중소기업,111.0,경기 파주시,15,2026-08-01 02:44:01
재무건전성,경영혁신형 중소기업(메인비즈),(주)핸들포유,"협회 및 단체, 수리 및 기타 개인 서비스업",기타 개인 서비스업,중소기업,39.0,경기 성남시 수정구,6,2026-08-01 02:44:01
재무건전성,경영혁신형 중소기업(메인비즈),제이더블유웨딩컨벤션(주),"협회 및 단체, 수리 및 기타 개인 서비스업",기타 개인 서비스업,중소기업,14.0,경남 김해시,0,2026-08-01 02:44:01
재무건전성,경영혁신형 중소기업(메인비즈),(주)테키,"협회 및 단체, 수리 및 기타 개인 서비스업",기타 개인 서비스업,중소기업,,서울 강남구,0,2026-08-01 02:44:01
재무건전성,경영혁신형 중소기업(메인비즈),(주)아이니웨딩네트웍스,"협회 및 단체, 수리 및 기타 개인 서비스업",기타 개인 서비스업,,,서울 강남구,0,2026-08-01 02:44:01
글로벌역량,세계일류상품생산기업,(주)네오크레마,제조업,식료품 제조업,중소기업,70.0,서울 송파구,43,2026-08-01 02:44:01
글로벌역량,세계일류상품생산기업,(주)꽃샘식품,제조업,식료품 제조업,중소기업,95.0,경기 포천시,31,2026-08-01 02:44:01
글로벌역량,세계일류상품생산기업,한성푸드영농조합법인,제조업,식료품 제조업,중소기업,75.0,,17,2026-08-01 02:44:01
글로벌역량,세계일류상품생산기업,(주)유니베라,제조업,식료품 제조업,중소기업,85.0,충남 천안시 동남구,8,2026-08-01 02:44:01
글로벌역량,세계일류상품생산기업,(주)비피도,제조업,식료품 제조업,중소기업,100.0,강원 홍천군,7,2026-08-01 02:44:01
글로벌역량,세계일류상품생산기업,(주)휴럼,제조업,식료품 제조업,중소기업,140.0,서울 금천구,7,2026-08-01 02:44:01
글로벌역량,한국형 히든챔피언 육성프로그램,(주)이지바이오,제조업,식료품 제조업,중견기업,143.0,서울 강남구,2,2026-08-01 02:44:01
글로벌역량,세계일류상품생산기업,(주)신한산업,제조업,섬유제품 제조업; 의복제외,중소기업,171.0,경기 안산시 단원구,53,2026-08-01 02:44:01
글로벌역량,한국형 히든챔피언 육성프로그램,(주)케이엠,제조업,섬유제품 제조업; 의복제외,중견기업,237.0,강원 평창군,31,2026-08-01 02:44:01
글로벌역량,세계일류상품생산기업,(주)유영산업,제조업,섬유제품 제조업; 의복제외,중소기업,137.0,부산 사하구,31,2026-08-01 02:44:01
글로벌역량,세계일류상품생산기업,(주)씨엠에이글로벌,제조업,섬유제품 제조업; 의복제외,중소기업,161.0,대구 동구,29,2026-08-01 02:44:01
글로벌역량,세계일류상품생산기업,삼일방직(주),제조업,섬유제품 제조업; 의복제외,중소기업,77.0,경북 경산시,22,2026-08-01 02:44:01
글로벌역량,세계일류상품생산기업,(주)웰크론,제조업,섬유제품 제조업; 의복제외,중견기업,175.0,서울 구로구,17,2026-08-01 02:44:01
글로벌역량,세계일류상품생산기업,정화실업(주),제조업,섬유제품 제조업; 의복제외,중소기업,50.0,대구 서구,11,2026-08-01 02:44:01
글로벌역량,한국형 히든챔피언 육성프로그램,대한방직(주),제조업,섬유제품 제조업; 의복제외,중견기업,313.0,서울 중구,6,2026-08-01 02:44:01
글로벌역량,세계일류상품생산기업,셀바이오휴먼텍,제조업,섬유제품 제조업; 의복제외,중소기업,105.0,경기 안산시 단원구,5,2026-08-01 02:44:01
글로벌역량,세계일류상품생산기업,원창머티리얼(주),제조업,섬유제품 제조업; 의복제외,중소기업,159.0,대구 달서구,4,2026-08-01 02:44:01
글로벌역량,세계일류상품생산기업,(주)을화,제조업,섬유제품 제조업; 의복제외,중소기업,82.0,경북 구미시,0,2026-08-01 02:44:01
글로벌역량,세계일류상품생산기업,(주)퓨리텍,제조업,"의복, 의복 액세서리 및 모피제품 제조업",중소기업,207.0,경기 평택시,15,2026-08-01 02:44:01
글로벌역량,한국형 히든챔피언 육성프로그램,태평양물산(주),제조업,"의복, 의복 액세서리 및 모피제품 제조업",중견기업,236.0,서울 구로구,14,2026-08-01 02:44:01
글로벌역량,한국형 히든챔피언 육성프로그램,(주)풍인무역,제조업,"의복, 의복 액세서리 및 모피제품 제조업",중견기업,122.0,서울 영등포구,5,2026-08-01 02:44:01
글로벌역량,세계일류상품생산기업,(주)다다씨앤씨,제조업,"의복, 의복 액세서리 및 모피제품 제조업",중소기업,30.0,서울 강남구,4,2026-08-01 02:44:01
글로벌역량,세계일류상품생산기업,(유)덕양무역,제조업,"의복, 의복 액세서리 및 모피제품 제조업",중소기업,25.0,서울 강서구,3,2026-08-01 02:44:01
글로벌역량,한국형 히든챔피언 육성프로그램,(주)제이에스코퍼레이션,제조업,"가죽, 가방 및 신발 제조업",중견기업,87.0,서울 송파구,1,2026-08-01 02:44:01
글로벌역량,세계일류상품생산기업,한울생약 주식회사,제조업,"펄프, 종이 및 종이제품 제조업",중소기업,237.0,경기 파주시,57,2026-08-01 02:44:01
글로벌역량,세계일류상품생산기업,현진제업(주),제조업,"펄프, 종이 및 종이제품 제조업",중소기업,242.0,경기 안산시 단원구,38,2026-08-01 02:44:01
글로벌역량,세계일류상품생산기업,(주)두리코씨앤티,제조업,"펄프, 종이 및 종이제품 제조업",중소기업,92.0,경북 상주시,34,2026-08-01 02:44:01
글로벌역량,한국형 히든챔피언 육성프로그램,재원산업(주),제조업,"코크스, 연탄 및 석유정제품 제조업",중견기업,399.0,,114,2026-08-01 02:44:01
글로벌역량,한국형 히든챔피언 육성프로그램,(주)한국하우톤,제조업,"코크스, 연탄 및 석유정제품 제조업",중견기업,226.0,충남 아산시,60,2026-08-01 02:44:01
글로벌역량,한국형 히든챔피언 육성프로그램,범우화학공업(주),제조업,"코크스, 연탄 및 석유정제품 제조업",중견기업,94.0,경기 시흥시,38,2026-08-01 02:44:01
글로벌역량,세계일류상품생산기업,(주)범우,제조업,"코크스, 연탄 및 석유정제품 제조업",중소기업,46.0,서울 서초구,19,2026-08-01 02:44:01
글로벌역량,세계일류상품생산기업,미원상사(주),제조업,화학물질 및 화학제품 제조업; 의약품 제외,중견기업,770.0,경기 안산시 단원구,648,2026-08-01 02:44:01
글로벌역량,한국형 히든챔피언 육성프로그램,국도화학(주),제조업,화학물질 및 화학제품 제조업; 의약품 제외,중견기업,860.0,서울 금천구,225,2026-08-01 02:44:01
글로벌역량,세계일류상품생산기업,(주)이수화학,제조업,화학물질 및 화학제품 제조업; 의약품 제외,중견기업,305.0,서울 서초구,178,2026-08-01 02:44:01
글로벌역량,세계일류상품생산기업,한국엔지니어링플라스틱(주),제조업,화학물질 및 화학제품 제조업; 의약품 제외,중견기업,181.0,서울 중구,154,2026-08-01 02:44:01
글로벌역량,한국형 히든챔피언 육성프로그램,(주)원익머트리얼즈,제조업,화학물질 및 화학제품 제조업; 의약품 제외,중견기업,536.0,충북 청주시 청원구,107,2026-08-01 02:44:01
글로벌역량,세계일류상품생산기업,엔에이치케미칼 주식회사,제조업,화학물질 및 화학제품 제조업; 의약품 제외,중소기업,94.0,울산 울주군,73,2026-08-01 02:44:01
글로벌역량,세계일류상품생산기업,(주)일렘테크놀러지,제조업,화학물질 및 화학제품 제조업; 의약품 제외,중견기업,42.0,서울 중구,65,2026-08-01 02:44:01
글로벌역량,세계일류상품생산기업,케이씨주식회사,제조업,화학물질 및 화학제품 제조업; 의약품 제외,중견기업,236.0,,64,2026-08-01 02:44:01
글로벌역량,세계일류상품생산기업,(주)폴라리스우노,제조업,화학물질 및 화학제품 제조업; 의약품 제외,중소기업,103.0,전북 완주군,61,2026-08-01 02:44:01
글로벌역량,세계일류상품생산기업,(주)오영,제조업,화학물질 및 화학제품 제조업; 의약품 제외,중견기업,211.0,경기 시흥시,59,2026-08-01 02:44:01
글로벌역량,세계일류상품생산기업,(주)나노신소재,제조업,화학물질 및 화학제품 제조업; 의약품 제외,중소기업,295.0,세종,49,2026-08-01 02:44:01
글로벌역량,세계일류상품생산기업,(주)금양,제조업,화학물질 및 화학제품 제조업; 의약품 제외,중견기업,173.0,부산 사상구,48,2026-08-01 02:44:01
글로벌역량,한국형 히든챔피언 육성프로그램,그린케미칼(주),제조업,화학물질 및 화학제품 제조업; 의약품 제외,중견기업,189.0,충남 서산시,47,2026-08-01 02:44:01
글로벌역량,한국형 히든챔피언 육성프로그램,(주)코스메카코리아,제조업,화학물질 및 화학제품 제조업; 의약품 제외,중견기업,552.0,충북 음성군,38,2026-08-01 02:44:01
글로벌역량,세계일류상품생산기업,금호미쓰이화학(주),제조업,화학물질 및 화학제품 제조업; 의약품 제외,중견기업,322.0,서울 중구,33,2026-08-01 02:44:01
글로벌역량,세계일류상품생산기업,삼부정밀화학(주),제조업,화학물질 및 화학제품 제조업; 의약품 제외,중소기업,100.0,경남 김해시,33,2026-08-01 02:44:01
글로벌역량,한국형 히든챔피언 육성프로그램,제이씨케미칼(주),제조업,화학물질 및 화학제품 제조업; 의약품 제외,중견기업,91.0,울산 울주군,30,2026-08-01 02:44:01
글로벌역량,세계일류상품생산기업,금호피앤비화학(주),제조업,화학물질 및 화학제품 제조업; 의약품 제외,중견기업,396.0,,29,2026-08-01 02:44:01
글로벌역량,세계일류상품생산기업,(주)이지,제조업,화학물질 및 화학제품 제조업; 의약품 제외,중소기업,62.0,,28,2026-08-01 02:44:01
글로벌역량,한국형 히든챔피언 육성프로그램,(주)후성,제조업,화학물질 및 화학제품 제조업; 의약품 제외,중견기업,370.0,경기 화성시,26,2026-08-01 02:44:01
글로벌역량,세계일류상품생산기업,(주)이엔에스코리아,제조업,화학물질 및 화학제품 제조업; 의약품 제외,중소기업,106.0,경기 남양주시,26,2026-08-01 02:44:01
글로벌역량,한국형 히든챔피언 육성프로그램,(주)디에스단석,제조업,화학물질 및 화학제품 제조업; 의약품 제외,중견기업,419.0,경기 시흥시,25,2026-08-01 02:44:01
글로벌역량,세계일류상품생산기업,씨앤텍(주),제조업,화학물질 및 화학제품 제조업; 의약품 제외,중견기업,232.0,경기 화성시,19,2026-08-01 02:44:01
글로벌역량,세계일류상품생산기업,(주)이엔에프테크놀로지,제조업,화학물질 및 화학제품 제조업; 의약품 제외,중견기업,639.0,경기 용인시 기흥구,16,2026-08-01 02:44:01
글로벌역량,세계일류상품생산기업,일진다이아몬드(주),제조업,화학물질 및 화학제품 제조업; 의약품 제외,중견기업,226.0,충북 음성군,15,2026-08-01 02:44:01
글로벌역량,세계일류상품생산기업,금호폴리켐(주),제조업,화학물질 및 화학제품 제조업; 의약품 제외,중견기업,257.0,서울 중구,14,2026-08-01 02:44:01
글로벌역량,세계일류상품생산기업,영보직물(주),제조업,화학물질 및 화학제품 제조업; 의약품 제외,중소기업,45.0,서울 성북구,13,2026-08-01 02:44:01
글로벌역량,세계일류상품생산기업,삼원산업(주),제조업,화학물질 및 화학제품 제조업; 의약품 제외,중소기업,49.0,경기 안산시 단원구,11,2026-08-01 02:44:01
글로벌역량,세계일류상품생산기업,화인폴리머(주),제조업,화학물질 및 화학제품 제조업; 의약품 제외,중소기업,36.0,경기 화성시,10,2026-08-01 02:44:01
글로벌역량,세계일류상품생산기업,(주)마크로케어,제조업,화학물질 및 화학제품 제조업; 의약품 제외,중소기업,66.0,충북 청주시 청원구,6,2026-08-01 02:44:01
글로벌역량,세계일류상품생산기업,(주)메디톡스,제조업,의료용 물질 및 의약품 제조업,중견기업,740.0,충북 청주시 청원구,86,2026-08-01 02:44:01
글로벌역량,세계일류상품생산기업,(주)메타바이오메드,제조업,의료용 물질 및 의약품 제조업,중소기업,327.0,충북 청주시 흥덕구,79,2026-08-01 02:44:01
글로벌역량,세계일류상품생산기업,(주)바이넥스,제조업,의료용 물질 및 의약품 제조업,중견기업,792.0,부산 사하구,55,2026-08-01 02:44:01
글로벌역량,세계일류상품생산기업,바디텍메드(주),제조업,의료용 물질 및 의약품 제조업,중견기업,642.0,강원 춘천시,52,2026-08-01 02:44:01
글로벌역량,세계일류상품생산기업,(주)바이오니아,제조업,의료용 물질 및 의약품 제조업,중견기업,405.0,대전 유성구,30,2026-08-01 02:44:01
글로벌역량,세계일류상품생산기업,(주)래피젠,제조업,의료용 물질 및 의약품 제조업,중소기업,160.0,경기 안양시 동안구,22,2026-08-01 02:44:01
글로벌역량,세계일류상품생산기업,제이더블유생명과학(주),제조업,의료용 물질 및 의약품 제조업,중견기업,319.0,충남 당진시,15,2026-08-01 02:44:01
글로벌역량,세계일류상품생산기업,(주)티앤엘,제조업,의료용 물질 및 의약품 제조업,중소기업,237.0,경기 용인시 수지구,11,2026-08-01 02:44:01
글로벌역량,세계일류상품생산기업,(주)시지바이오,제조업,의료용 물질 및 의약품 제조업,중견기업,343.0,서울 용산구,3,2026-08-01 02:44:01
글로벌역량,세계일류상품생산기업,피아이첨단소재(주),제조업,고무 및 플라스틱제품 제조업,중견기업,309.0,충북 진천군,134,2026-08-01 02:44:01
글로벌역량,한국형 히든챔피언 육성프로그램,미래나노텍(주),제조업,고무 및 플라스틱제품 제조업,중견기업,411.0,충북 청주시 청원구,101,2026-08-01 02:44:01
글로벌역량,세계일류상품생산기업,(주)상아뉴매틱,제조업,고무 및 플라스틱제품 제조업,중소기업,199.0,대구 달성군,93,2026-08-01 02:44:01
글로벌역량,한국형 히든챔피언 육성프로그램,(주)에스폴리텍,제조업,고무 및 플라스틱제품 제조업,중소기업,142.0,충북 진천군,82,2026-08-01 02:44:01
글로벌역량,세계일류상품생산기업,케이넷(주),제조업,고무 및 플라스틱제품 제조업,중견기업,104.0,전북 정읍시,67,2026-08-01 02:44:01
글로벌역량,한국형 히든챔피언 육성프로그램,동아화성(주),제조업,고무 및 플라스틱제품 제조업,중견기업,277.0,경남 김해시,43,2026-08-01 02:44:01
글로벌역량,세계일류상품생산기업,피피아이파이프(주),제조업,고무 및 플라스틱제품 제조업,중견기업,268.0,경기 화성시,39,2026-08-01 02:44:01
글로벌역량,세계일류상품생산기업,경향산업(유),제조업,고무 및 플라스틱제품 제조업,중소기업,120.0,,27,2026-08-01 02:44:01
글로벌역량,한국형 히든챔피언 육성프로그램,(주)디알비동일,제조업,고무 및 플라스틱제품 제조업,중견기업,118.0,부산 금정구,20,2026-08-01 02:44:01
글로벌역량,세계일류상품생산기업,주식회사 녹수,제조업,고무 및 플라스틱제품 제조업,중견기업,533.0,충남 예산군,14,2026-08-01 02:44:01
글로벌역량,글로벌 강소기업,(주)케이티이,제조업,고무 및 플라스틱제품 제조업,중소기업,122.0,충남 천안시 동남구,13,2026-08-01 02:44:01
글로벌역량,세계일류상품생산기업,(주)백산,제조업,고무 및 플라스틱제품 제조업,중견기업,213.0,경기 시흥시,10,2026-08-01 02:44:01
글로벌역량,한국형 히든챔피언 육성프로그램,(주)에이치제이씨,제조업,고무 및 플라스틱제품 제조업,중견기업,146.0,경기 용인시 처인구,10,2026-08-01 02:44:01
글로벌역량,글로벌 강소기업,㈜케이비어드히시브스,제조업,고무 및 플라스틱제품 제조업,중소기업,29.0,충남 청양군,7,2026-08-01 02:44:01
글로벌역량,세계일류상품생산기업,(주)롤팩,제조업,고무 및 플라스틱제품 제조업,중소기업,45.0,경기 평택시,6,2026-08-01 02:44:01
글로벌역량,세계일류상품생산기업,(주)마프로,제조업,고무 및 플라스틱제품 제조업,중소기업,54.0,경남 김해시,4,2026-08-01 02:44:01
글로벌역량,세계일류상품생산기업,(주)진영,제조업,고무 및 플라스틱제품 제조업,중소기업,76.0,,4,2026-08-01 02:44:01
글로벌역량,세계일류상품생산기업,(주)디어포스,제조업,비금속 광물제품 제조업,중견기업,212.0,,16,2026-08-01 02:44:01
글로벌역량,세계일류상품생산기업,디에스알제강(주),제조업,1차 금속 제조업,중견기업,168.0,,147,2026-08-01 02:44:01
글로벌역량,세계일류상품생산기업,(주)네오플램,제조업,1차 금속 제조업,중소기업,278.0,강원 원주시,111,2026-08-01 02:44:01
글로벌역량,세계일류상품생산기업,정우금속공업(주),제조업,1차 금속 제조업,중견기업,273.0,경기 양주시,86,2026-08-01 02:44:01
글로벌역량,세계일류상품생산기업,디에스알(주),제조업,1차 금속 제조업,중견기업,168.0,부산 강서구,80,2026-08-01 02:44:01
글로벌역량,한국형 히든챔피언 육성프로그램,삼아알미늄(주),제조업,1차 금속 제조업,중견기업,383.0,경기 평택시,56,2026-08-01 02:44:01
글로벌역량,세계일류상품생산기업,주식회사 알멕,제조업,1차 금속 제조업,중견기업,147.0,경남 창원시 성산구,41,2026-08-01 02:44:01
글로벌역량,한국형 히든챔피언 육성프로그램,(주)알루코,제조업,1차 금속 제조업,중견기업,152.0,대전 대덕구,18,2026-08-01 02:44:01
글로벌역량,세계일류상품생산기업,디씨엠(주),제조업,1차 금속 제조업,중견기업,198.0,경남 양산시,14,2026-08-01 02:44:01
글로벌역량,세계일류상품생산기업,일진제강(주),제조업,1차 금속 제조업,중견기업,461.0,전북 임실군,13,2026-08-01 02:44:01
글로벌역량,세계일류상품생산기업,동양주공(주),제조업,1차 금속 제조업,중소기업,75.0,인천 남동구,11,2026-08-01 02:44:01
글로벌역량,세계일류상품생산기업,동아알루미늄(주),제조업,1차 금속 제조업,중소기업,104.0,,8,2026-08-01 02:44:01
글로벌역량,세계일류상품생산기업,(주)봉산,제조업,1차 금속 제조업,중소기업,21.0,,7,2026-08-01 02:44:01
글로벌역량,세계일류상품생산기업,(주)정우카프링,제조업,1차 금속 제조업,중소기업,24.0,경남 김해시,5,2026-08-01 02:44:01
글로벌역량,세계일류상품생산기업,(주)영남메탈,제조업,1차 금속 제조업,중소기업,34.0,경남 김해시,5,2026-08-01 02:44:01
글로벌역량,세계일류상품생산기업,(주)대천,제조업,1차 금속 제조업,중소기업,80.0,경남 김해시,3,2026-08-01 02:44:01
글로벌역량,세계일류상품생산기업,(주)태웅,제조업,금속가공제품 제조업; 기계 및 가구 제외,중견기업,445.0,부산 강서구,131,2026-08-01 02:44:01
글로벌역량,세계일류상품생산기업,(주)동아,제조업,금속가공제품 제조업; 기계 및 가구 제외,중소기업,141.0,경남 창원시 의창구,91,2026-08-01 02:44:01
글로벌역량,세계일류상품생산기업,(주)태광,제조업,금속가공제품 제조업; 기계 및 가구 제외,중견기업,337.0,부산 강서구,61,2026-08-01 02:44:01
글로벌역량,세계일류상품생산기업,삼영엠텍(주),제조업,금속가공제품 제조업; 기계 및 가구 제외,중소기업,189.0,경남 함안군,53,2026-08-01 02:44:01
글로벌역량,세계일류상품생산기업,(주)쓰리세븐,제조업,금속가공제품 제조업; 기계 및 가구 제외,중소기업,88.0,충남 천안시 서북구,47,2026-08-01 02:44:01
글로벌역량,세계일류상품생산기업,(주)엔케이,제조업,금속가공제품 제조업; 기계 및 가구 제외,중견기업,64.0,부산 강서구,40,2026-08-01 02:44:01
글로벌역량,세계일류상품생산기업,(주)태양,제조업,금속가공제품 제조업; 기계 및 가구 제외,중견기업,240.0,충남 천안시 서북구,39,2026-08-01 02:44:01
글로벌역량,세계일류상품생산기업,(주)디프로매트,제조업,금속가공제품 제조업; 기계 및 가구 제외,중소기업,108.0,부산 강서구,37,2026-08-01 02:44:01
글로벌역량,세계일류상품생산기업,(주)태상,제조업,금속가공제품 제조업; 기계 및 가구 제외,중견기업,164.0,부산 강서구,36,2026-08-01 02:44:01
글로벌역량,세계일류상품생산기업,(주)부일금고,제조업,금속가공제품 제조업; 기계 및 가구 제외,중소기업,101.0,경남 김해시,36,2026-08-01 02:44:01
글로벌역량,세계일류상품생산기업,(주)이엔케이,제조업,금속가공제품 제조업; 기계 및 가구 제외,중견기업,77.0,부산 강서구,30,2026-08-01 02:44:01
글로벌역량,세계일류상품생산기업,(주)디에스피,제조업,금속가공제품 제조업; 기계 및 가구 제외,중소기업,99.0,경남 김해시,25,2026-08-01 02:44:01
글로벌역량,한국형 히든챔피언 육성프로그램,다스코(주),제조업,금속가공제품 제조업; 기계 및 가구 제외,중견기업,204.0,,17,2026-08-01 02:44:01
글로벌역량,세계일류상품생산기업,디티알(주),제조업,금속가공제품 제조업; 기계 및 가구 제외,중소기업,105.0,인천 남동구,16,2026-08-01 02:44:01
글로벌역량,세계일류상품생산기업,동아금속주름관(주),제조업,금속가공제품 제조업; 기계 및 가구 제외,중소기업,40.0,경기 용인시 처인구,16,2026-08-01 02:44:01
글로벌역량,세계일류상품생산기업,(주)서한공업,제조업,금속가공제품 제조업; 기계 및 가구 제외,중소기업,41.0,부산 강서구,11,2026-08-01 02:44:01
글로벌역량,세계일류상품생산기업,(주)에테르씨티,제조업,금속가공제품 제조업; 기계 및 가구 제외,중소기업,119.0,부산 강서구,11,2026-08-01 02:44:01
글로벌역량,한국형 히든챔피언 육성프로그램,(주)대륙제관,제조업,금속가공제품 제조업; 기계 및 가구 제외,중견기업,430.0,서울 강남구,11,2026-08-01 02:44:01
글로벌역량,세계일류상품생산기업,선우씨에스(주),제조업,금속가공제품 제조업; 기계 및 가구 제외,중소기업,20.0,경남 함안군,9,2026-08-01 02:44:01
글로벌역량,세계일류상품생산기업,(주)경성인물,제조업,금속가공제품 제조업; 기계 및 가구 제외,중소기업,23.0,충남 아산시,5,2026-08-01 02:44:01
글로벌역량,세계일류상품생산기업,벨금속공업(주),제조업,금속가공제품 제조업; 기계 및 가구 제외,,,충남 천안시 서북구,0,2026-08-01 02:44:01
글로벌역량,세계일류상품생산기업,(주)대륙제관,제조업,금속가공제품 제조업; 기계 및 가구 제외,,430.0,충남 아산시,0,2026-08-01 02:44:01
글로벌역량,세계일류상품생산기업,선일금고제작,제조업,금속가공제품 제조업; 기계 및 가구 제외,,,경기 파주시,0,2026-08-01 02:44:01
글로벌역량,세계일류상품생산기업,비나텍 주식회사,제조업,"전자부품, 컴퓨터, 영상, 음향 및 통신장비 제조업",중소기업,224.0,전북 전주시 덕진구,120,2026-08-01 02:44:01
글로벌역량,세계일류상품생산기업,(주)아이디스,제조업,"전자부품, 컴퓨터, 영상, 음향 및 통신장비 제조업",중견기업,436.0,대전 유성구,91,2026-08-01 02:44:01
글로벌역량,세계일류상품생산기업,(주)에스앤에스텍,제조업,"전자부품, 컴퓨터, 영상, 음향 및 통신장비 제조업",중견기업,340.0,대구 달서구,79,2026-08-01 02:44:01
글로벌역량,세계일류상품생산기업,(주)코텍,제조업,"전자부품, 컴퓨터, 영상, 음향 및 통신장비 제조업",중견기업,274.0,인천 연수구,75,2026-08-01 02:44:01
글로벌역량,세계일류상품생산기업,(주)에프에스티,제조업,"전자부품, 컴퓨터, 영상, 음향 및 통신장비 제조업",중견기업,889.0,경기 화성시,69,2026-08-01 02:44:01
글로벌역량,세계일류상품생산기업,(주)신흥정밀,제조업,"전자부품, 컴퓨터, 영상, 음향 및 통신장비 제조업",중견기업,314.0,경기 안성시,63,2026-08-01 02:44:01
글로벌역량,한국형 히든챔피언 육성프로그램,(주)드림텍,제조업,"전자부품, 컴퓨터, 영상, 음향 및 통신장비 제조업",중견기업,426.0,경기 성남시 분당구,58,2026-08-01 02:44:01
글로벌역량,세계일류상품생산기업,코칩(주),제조업,"전자부품, 컴퓨터, 영상, 음향 및 통신장비 제조업",중소기업,99.0,경기 안양시 만안구,41,2026-08-01 02:44:01
글로벌역량,세계일류상품생산기업,주식회사 솔루엠,제조업,"전자부품, 컴퓨터, 영상, 음향 및 통신장비 제조업",중견기업,525.0,경기 용인시 기흥구,38,2026-08-01 02:44:01
글로벌역량,세계일류상품생산기업,경원산업(주),제조업,"전자부품, 컴퓨터, 영상, 음향 및 통신장비 제조업",중소기업,124.0,경기 시흥시,31,2026-08-01 02:44:01
글로벌역량,한국형 히든챔피언 육성프로그램,엠케이전자(주),제조업,"전자부품, 컴퓨터, 영상, 음향 및 통신장비 제조업",중견기업,296.0,경기 용인시 처인구,31,2026-08-01 02:44:01
글로벌역량,세계일류상품생산기업,비씨엔씨(주),제조업,"전자부품, 컴퓨터, 영상, 음향 및 통신장비 제조업",중소기업,304.0,경기 이천시,29,2026-08-01 02:44:01
글로벌역량,세계일류상품생산기업,알에프머트리얼즈(주),제조업,"전자부품, 컴퓨터, 영상, 음향 및 통신장비 제조업",중소기업,91.0,경기 안산시 단원구,29,2026-08-01 02:44:01
글로벌역량,세계일류상품생산기업,(주)블루버드,제조업,"전자부품, 컴퓨터, 영상, 음향 및 통신장비 제조업",중소기업,234.0,서울 강남구,28,2026-08-01 02:44:01
글로벌역량,한국형 히든챔피언 육성프로그램,엘티메탈(주),제조업,"전자부품, 컴퓨터, 영상, 음향 및 통신장비 제조업",중견기업,406.0,,27,2026-08-01 02:44:01
글로벌역량,세계일류상품생산기업,옵티시스(주),제조업,"전자부품, 컴퓨터, 영상, 음향 및 통신장비 제조업",중소기업,98.0,경기 성남시 분당구,26,2026-08-01 02:44:01
글로벌역량,세계일류상품생산기업,(주)시노펙스,제조업,"전자부품, 컴퓨터, 영상, 음향 및 통신장비 제조업",중견기업,161.0,경북 포항시 북구,19,2026-08-01 02:44:01
글로벌역량,한국형 히든챔피언 육성프로그램,(주)엠씨넥스,제조업,"전자부품, 컴퓨터, 영상, 음향 및 통신장비 제조업",중견기업,437.0,인천 연수구,17,2026-08-01 02:44:01
글로벌역량,한국형 히든챔피언 육성프로그램,(주)아이티엠반도체,제조업,"전자부품, 컴퓨터, 영상, 음향 및 통신장비 제조업",중견기업,314.0,충북 청주시 청원구,14,2026-08-01 02:44:01
글로벌역량,세계일류상품생산기업,(주)이노와이어리스,제조업,"전자부품, 컴퓨터, 영상, 음향 및 통신장비 제조업",중견기업,434.0,경기 성남시 분당구,11,2026-08-01 02:44:01
글로벌역량,세계일류상품생산기업,(주)디지아이,제조업,"전자부품, 컴퓨터, 영상, 음향 및 통신장비 제조업",중소기업,69.0,경기 양주시,11,2026-08-01 02:44:01
글로벌역량,한국형 히든챔피언 육성프로그램,(주)제주반도체,제조업,"전자부품, 컴퓨터, 영상, 음향 및 통신장비 제조업",중견기업,157.0,제주 제주시,10,2026-08-01 02:44:01
글로벌역량,한국형 히든챔피언 육성프로그램,(주)다산네트웍솔루션즈,제조업,"전자부품, 컴퓨터, 영상, 음향 및 통신장비 제조업",중견기업,161.0,경기 성남시 분당구,9,2026-08-01 02:44:01
글로벌역량,세계일류상품생산기업,(주)메디트,제조업,"전자부품, 컴퓨터, 영상, 음향 및 통신장비 제조업",중견기업,355.0,서울 영등포구,9,2026-08-01 02:44:01
글로벌역량,한국형 히든챔피언 육성프로그램,(주)디케이티,제조업,"전자부품, 컴퓨터, 영상, 음향 및 통신장비 제조업",중견기업,111.0,인천 부평구,7,2026-08-01 02:44:01
글로벌역량,세계일류상품생산기업,(주)동운아나텍,제조업,"전자부품, 컴퓨터, 영상, 음향 및 통신장비 제조업",중소기업,181.0,서울 서초구,5,2026-08-01 02:44:01
글로벌역량,세계일류상품생산기업,(주)아모그린텍,제조업,"전자부품, 컴퓨터, 영상, 음향 및 통신장비 제조업",중견기업,333.0,경기 김포시,5,2026-08-01 02:44:01
글로벌역량,한국형 히든챔피언 육성프로그램,(주)화인알텍,제조업,"전자부품, 컴퓨터, 영상, 음향 및 통신장비 제조업",중견기업,218.0,경북 칠곡군,4,2026-08-01 02:44:01
글로벌역량,세계일류상품생산기업,(주)칩스앤미디어,제조업,"전자부품, 컴퓨터, 영상, 음향 및 통신장비 제조업",중소기업,87.0,서울 강남구,4,2026-08-01 02:44:01
글로벌역량,한국형 히든챔피언 육성프로그램,(주)엠소닉,제조업,"전자부품, 컴퓨터, 영상, 음향 및 통신장비 제조업",중견기업,42.0,경북 구미시,4,2026-08-01 02:44:01
글로벌역량,세계일류상품생산기업,(주)리텍,제조업,"전자부품, 컴퓨터, 영상, 음향 및 통신장비 제조업",중소기업,30.0,경기 화성시,3,2026-08-01 02:44:01
글로벌역량,세계일류상품생산기업,(주)슈프리마,제조업,"전자부품, 컴퓨터, 영상, 음향 및 통신장비 제조업",중소기업,251.0,경기 성남시 분당구,2,2026-08-01 02:44:01
글로벌역량,세계일류상품생산기업,(주)빅솔론,제조업,"전자부품, 컴퓨터, 영상, 음향 및 통신장비 제조업",중견기업,123.0,경기 성남시 분당구,2,2026-08-01 02:44:01
글로벌역량,세계일류상품생산기업,(주)엠티오메가,제조업,"전자부품, 컴퓨터, 영상, 음향 및 통신장비 제조업",중견기업,93.0,서울 서초구,1,2026-08-01 02:44:01
글로벌역량,세계일류상품생산기업,(주)슈프리마아이디,제조업,"전자부품, 컴퓨터, 영상, 음향 및 통신장비 제조업",중소기업,70.0,경기 성남시 중원구,1,2026-08-01 02:44:01
글로벌역량,세계일류상품생산기업,(주)위즈네트,제조업,"전자부품, 컴퓨터, 영상, 음향 및 통신장비 제조업",중소기업,25.0,경기 성남시 분당구,1,2026-08-01 02:44:01
글로벌역량,세계일류상품생산기업,아이디피㈜,제조업,"전자부품, 컴퓨터, 영상, 음향 및 통신장비 제조업",중소기업,56.0,서울 구로구,0,2026-08-01 02:44:01
글로벌역량,세계일류상품생산기업,(주)쓰리에이치,제조업,"의료, 정밀, 광학기기 및 시계 제조업",중소기업,196.0,대구 동구,157,2026-08-01 02:44:01
글로벌역량,세계일류상품생산기업,(주)대호테크,제조업,"의료, 정밀, 광학기기 및 시계 제조업",중소기업,79.0,경남 창원시 의창구,152,2026-08-01 02:44:01
글로벌역량,세계일류상품생산기업,(주)다이아덴트,제조업,"의료, 정밀, 광학기기 및 시계 제조업",중소기업,110.0,충북 청주시 흥덕구,106,2026-08-01 02:44:01
글로벌역량,세계일류상품생산기업,에이스메디칼(주),제조업,"의료, 정밀, 광학기기 및 시계 제조업",중소기업,344.0,서울 강동구,73,2026-08-01 02:44:01
글로벌역량,세계일류상품생산기업,(주)태웅메디칼,제조업,"의료, 정밀, 광학기기 및 시계 제조업",중소기업,360.0,경기 김포시,70,2026-08-01 02:44:01
글로벌역량,세계일류상품생산기업,(주)인바디,제조업,"의료, 정밀, 광학기기 및 시계 제조업",중견기업,370.0,서울 강남구,60,2026-08-01 02:44:01
글로벌역량,세계일류상품생산기업,(주)루트로닉,제조업,"의료, 정밀, 광학기기 및 시계 제조업",중견기업,363.0,경기 고양시 덕양구,55,2026-08-01 02:44:01
글로벌역량,세계일류상품생산기업,(주)누가의료기,제조업,"의료, 정밀, 광학기기 및 시계 제조업",중소기업,118.0,강원 원주시,53,2026-08-01 02:44:01
글로벌역량,한국형 히든챔피언 육성프로그램,(주)덴티움,제조업,"의료, 정밀, 광학기기 및 시계 제조업",중견기업,870.0,경기 수원시 영통구,53,2026-08-01 02:44:01
글로벌역량,세계일류상품생산기업,(주)뷰웍스,제조업,"의료, 정밀, 광학기기 및 시계 제조업",중견기업,483.0,경기 안양시 동안구,50,2026-08-01 02:44:01
글로벌역량,세계일류상품생산기업,(주)나눔테크,제조업,"의료, 정밀, 광학기기 및 시계 제조업",중소기업,66.0,,49,2026-08-01 02:44:01
글로벌역량,세계일류상품생산기업,(주)동방메디컬,제조업,"의료, 정밀, 광학기기 및 시계 제조업",중소기업,291.0,충남 보령시,49,2026-08-01 02:44:01
글로벌역량,세계일류상품생산기업,(주)베리콤,제조업,"의료, 정밀, 광학기기 및 시계 제조업",중소기업,157.0,강원 춘천시,46,2026-08-01 02:44:01
글로벌역량,세계일류상품생산기업,(주)더스탠다드,제조업,"의료, 정밀, 광학기기 및 시계 제조업",중소기업,117.0,경기 군포시,43,2026-08-01 02:44:01
글로벌역량,세계일류상품생산기업,(주)한림의료기,제조업,"의료, 정밀, 광학기기 및 시계 제조업",중소기업,80.0,충북 청주시 청원구,36,2026-08-01 02:44:01
글로벌역량,세계일류상품생산기업,(주)우영메디칼,제조업,"의료, 정밀, 광학기기 및 시계 제조업",중소기업,161.0,충북 진천군,33,2026-08-01 02:44:01
글로벌역량,세계일류상품생산기업,(주)프로테옴텍,제조업,"의료, 정밀, 광학기기 및 시계 제조업",중소기업,111.0,서울 강서구,31,2026-08-01 02:44:01
글로벌역량,세계일류상품생산기업,(주)클래시스,제조업,"의료, 정밀, 광학기기 및 시계 제조업",중견기업,521.0,서울 강남구,30,2026-08-01 02:44:01
글로벌역량,세계일류상품생산기업,(주)제노레이,제조업,"의료, 정밀, 광학기기 및 시계 제조업",중소기업,358.0,경기 성남시 중원구,29,2026-08-01 02:44:01
글로벌역량,세계일류상품생산기업,오르텍(주),제조업,"의료, 정밀, 광학기기 및 시계 제조업",중소기업,,부산 사상구,27,2026-08-01 02:44:01
글로벌역량,세계일류상품생산기업,(주)바텍,제조업,"의료, 정밀, 광학기기 및 시계 제조업",중견기업,315.0,경기 화성시,27,2026-08-01 02:44:01
글로벌역량,세계일류상품생산기업,(주)세라젬,제조업,"의료, 정밀, 광학기기 및 시계 제조업",중견기업,741.0,충남 천안시 서북구,25,2026-08-01 02:44:01
글로벌역량,세계일류상품생산기업,(주)티에스이,제조업,"의료, 정밀, 광학기기 및 시계 제조업",중견기업,1048.0,충남 천안시 서북구,24,2026-08-01 02:44:01
글로벌역량,세계일류상품생산기업,우진일렉트로나이트(주),제조업,"의료, 정밀, 광학기기 및 시계 제조업",중견기업,73.0,경기 평택시,24,2026-08-01 02:44:01
글로벌역량,세계일류상품생산기업,주식회사 인터로조,제조업,"의료, 정밀, 광학기기 및 시계 제조업",중견기업,741.0,경기 평택시,23,2026-08-01 02:44:01
글로벌역량,세계일류상품생산기업,(주)알에프메디컬,제조업,"의료, 정밀, 광학기기 및 시계 제조업",중소기업,82.0,서울 금천구,22,2026-08-01 02:44:01
글로벌역량,세계일류상품생산기업,(주)참메드,제조업,"의료, 정밀, 광학기기 및 시계 제조업",중견기업,143.0,경기 군포시,21,2026-08-01 02:44:01
글로벌역량,세계일류상품생산기업,(주)엠큐브테크놀로지,제조업,"의료, 정밀, 광학기기 및 시계 제조업",중소기업,67.0,서울 강서구,18,2026-08-01 02:44:01
글로벌역량,세계일류상품생산기업,(주)메디아나,제조업,"의료, 정밀, 광학기기 및 시계 제조업",중소기업,183.0,강원 원주시,14,2026-08-01 02:44:01
글로벌역량,세계일류상품생산기업,(주)포스콤,제조업,"의료, 정밀, 광학기기 및 시계 제조업",중소기업,107.0,경기 고양시 덕양구,14,2026-08-01 02:44:01
글로벌역량,세계일류상품생산기업,(주)센텍코리아,제조업,"의료, 정밀, 광학기기 및 시계 제조업",중소기업,81.0,경기 파주시,14,2026-08-01 02:44:01
글로벌역량,세계일류상품생산기업,(주)얼라인드제네틱스,제조업,"의료, 정밀, 광학기기 및 시계 제조업",중소기업,66.0,경기 안양시 동안구,13,2026-08-01 02:44:01
글로벌역량,세계일류상품생산기업,(주)하이로닉,제조업,"의료, 정밀, 광학기기 및 시계 제조업",중소기업,91.0,경기 용인시 수지구,13,2026-08-01 02:44:01
글로벌역량,세계일류상품생산기업,(주)레이언스,제조업,"의료, 정밀, 광학기기 및 시계 제조업",중견기업,225.0,경기 화성시,11,2026-08-01 02:44:01
글로벌역량,세계일류상품생산기업,(주)나노엔텍,제조업,"의료, 정밀, 광학기기 및 시계 제조업",중소기업,144.0,서울 구로구,11,2026-08-01 02:44:01
글로벌역량,세계일류상품생산기업,주식회사 쉬엔비,제조업,"의료, 정밀, 광학기기 및 시계 제조업",중소기업,96.0,서울 성동구,10,2026-08-01 02:44:01
글로벌역량,세계일류상품생산기업,(주)나라컨트롤,제조업,"의료, 정밀, 광학기기 및 시계 제조업",중소기업,80.0,서울 강남구,9,2026-08-01 02:44:01
글로벌역량,세계일류상품생산기업,(주)대성마리프,제조업,"의료, 정밀, 광학기기 및 시계 제조업",중소기업,103.0,경기 군포시,8,2026-08-01 02:44:01
글로벌역량,세계일류상품생산기업,(주)하이텍알씨디코리아,제조업,"의료, 정밀, 광학기기 및 시계 제조업",중소기업,38.0,서울 금천구,5,2026-08-01 02:44:01
글로벌역량,세계일류상품생산기업,(주)에스엠인스트루먼트,제조업,"의료, 정밀, 광학기기 및 시계 제조업",중소기업,47.0,대전 유성구,5,2026-08-01 02:44:01
글로벌역량,세계일류상품생산기업,(주)산엔지니어링,제조업,"의료, 정밀, 광학기기 및 시계 제조업",중소기업,83.0,경기 성남시 분당구,5,2026-08-01 02:44:01
글로벌역량,세계일류상품생산기업,(주)일루코,제조업,"의료, 정밀, 광학기기 및 시계 제조업",중소기업,21.0,경기 군포시,5,2026-08-01 02:44:01
글로벌역량,세계일류상품생산기업,(주)디에이텍,제조업,"의료, 정밀, 광학기기 및 시계 제조업",중소기업,42.0,인천 계양구,4,2026-08-01 02:44:01
글로벌역량,세계일류상품생산기업,엠에스테크놀러지(주),제조업,"의료, 정밀, 광학기기 및 시계 제조업",중소기업,45.0,경기 수원시 권선구,4,2026-08-01 02:44:01
글로벌역량,세계일류상품생산기업,(주)리메드,제조업,"의료, 정밀, 광학기기 및 시계 제조업",중소기업,104.0,대전 유성구,4,2026-08-01 02:44:01
글로벌역량,세계일류상품생산기업,(주)코러스트,제조업,"의료, 정밀, 광학기기 및 시계 제조업",중소기업,23.0,경기 안양시 동안구,3,2026-08-01 02:44:01
글로벌역량,세계일류상품생산기업,(주)메디코아,제조업,"의료, 정밀, 광학기기 및 시계 제조업",중소기업,34.0,경기 성남시 중원구,3,2026-08-01 02:44:01
글로벌역량,세계일류상품생산기업,(주)비솔,제조업,"의료, 정밀, 광학기기 및 시계 제조업",중소기업,42.0,경기 광명시,2,2026-08-01 02:44:01
글로벌역량,세계일류상품생산기업,사이언스메딕(주),제조업,"의료, 정밀, 광학기기 및 시계 제조업",중소기업,17.0,경기 안양시 만안구,2,2026-08-01 02:44:01
글로벌역량,세계일류상품생산기업,(주)센코,제조업,"의료, 정밀, 광학기기 및 시계 제조업",중소기업,112.0,경기 오산시,2,2026-08-01 02:44:01
글로벌역량,세계일류상품생산기업,(주)레보메드,제조업,"의료, 정밀, 광학기기 및 시계 제조업",중소기업,35.0,경기 성남시 중원구,2,2026-08-01 02:44:01
글로벌역량,세계일류상품생산기업,(주)블루코어컴퍼니,제조업,"의료, 정밀, 광학기기 및 시계 제조업",중소기업,27.0,부산 해운대구,2,2026-08-01 02:44:01
글로벌역량,세계일류상품생산기업,(주)알메디카,제조업,"의료, 정밀, 광학기기 및 시계 제조업",중소기업,9.0,서울 금천구,2,2026-08-01 02:44:01
글로벌역량,세계일류상품생산기업,(주)비올,제조업,"의료, 정밀, 광학기기 및 시계 제조업",중소기업,128.0,경기 성남시 분당구,1,2026-08-01 02:44:01
글로벌역량,세계일류상품생산기업,(주)트라이비스,제조업,"의료, 정밀, 광학기기 및 시계 제조업",중견기업,27.0,경기 안양시 만안구,0,2026-08-01 02:44:01
글로벌역량,세계일류상품생산기업,(주)비멤스,제조업,"의료, 정밀, 광학기기 및 시계 제조업",중소기업,19.0,서울 금천구,0,2026-08-01 02:44:01
글로벌역량,세계일류상품생산기업,(주)케이에이치메디칼,제조업,"의료, 정밀, 광학기기 및 시계 제조업",,,경기 평택시,0,2026-08-01 02:44:01
글로벌역량,세계일류상품생산기업,제이피아이헬스케어(주),제조업,"의료, 정밀, 광학기기 및 시계 제조업",중소기업,140.0,서울 구로구,0,2026-08-01 02:44:01
글로벌역량,세계일류상품생산기업,(주)티엠씨,제조업,전기장비 제조업,중견기업,396.0,충남 천안시 서북구,70,2026-08-01 02:44:01
글로벌역량,세계일류상품생산기업,(주)파세코,제조업,전기장비 제조업,중소기업,272.0,경기 안산시 단원구,61,2026-08-01 02:44:01
글로벌역량,한국형 히든챔피언 육성프로그램,뉴모텍(주),제조업,전기장비 제조업,중소기업,253.0,,47,2026-08-01 02:44:01
글로벌역량,세계일류상품생산기업,(주)스웨코,제조업,전기장비 제조업,중소기업,135.0,경기 화성시,44,2026-08-01 02:44:01
글로벌역량,세계일류상품생산기업,(주)비츠로셀,제조업,전기장비 제조업,중소기업,430.0,충남 당진시,35,2026-08-01 02:44:01
글로벌역량,세계일류상품생산기업,(주)에너피아,제조업,전기장비 제조업,중소기업,23.0,대구 달성군,27,2026-08-01 02:44:01
글로벌역량,세계일류상품생산기업,(주)금경라이팅,제조업,전기장비 제조업,중소기업,65.0,부산 기장군,23,2026-08-01 02:44:01
글로벌역량,세계일류상품생산기업,재경전광산업(주),제조업,전기장비 제조업,중소기업,22.0,경기 용인시 처인구,20,2026-08-01 02:44:01
글로벌역량,세계일류상품생산기업,효성전기(주),제조업,전기장비 제조업,중견기업,301.0,부산 기장군,18,2026-08-01 02:44:01
글로벌역량,세계일류상품생산기업,(주)소룩스,제조업,전기장비 제조업,중소기업,116.0,충남 공주시,16,2026-08-01 02:44:01
글로벌역량,세계일류상품생산기업,(주)에이스엔지니어링,제조업,전기장비 제조업,중소기업,125.0,서울 서초구,14,2026-08-01 02:44:01
글로벌역량,한국형 히든챔피언 육성프로그램,(주)파워로직스,제조업,전기장비 제조업,중견기업,330.0,충북 청주시 흥덕구,13,2026-08-01 02:44:01
글로벌역량,세계일류상품생산기업,서울전선㈜,제조업,전기장비 제조업,중견기업,138.0,충북 음성군,11,2026-08-01 02:44:01
글로벌역량,세계일류상품생산기업,리모트솔루션㈜,제조업,전기장비 제조업,중견기업,177.0,경북 김천시,11,2026-08-01 02:44:01
글로벌역량,세계일류상품생산기업,(주)선재하이테크,제조업,전기장비 제조업,중소기업,94.0,부산 기장군,10,2026-08-01 02:44:01
글로벌역량,세계일류상품생산기업,(주)미래이앤아이,제조업,전기장비 제조업,중소기업,28.0,서울 금천구,8,2026-08-01 02:44:01
글로벌역량,세계일류상품생산기업,(주)비젼테크,제조업,전기장비 제조업,중소기업,30.0,부산 금정구,7,2026-08-01 02:44:01
글로벌역량,세계일류상품생산기업,정우전기(주),제조업,전기장비 제조업,중소기업,32.0,경기 김포시,7,2026-08-01 02:44:01
글로벌역량,세계일류상품생산기업,(주)비츠로이엠,제조업,전기장비 제조업,중소기업,295.0,경기 안산시 단원구,6,2026-08-01 02:44:01
글로벌역량,세계일류상품생산기업,범한퓨얼셀(주),제조업,전기장비 제조업,중소기업,87.0,경남 창원시 마산회원구,4,2026-08-01 02:44:01
글로벌역량,세계일류상품생산기업,(주)화인코리아,제조업,전기장비 제조업,중소기업,29.0,인천 남동구,4,2026-08-01 02:44:01
글로벌역량,세계일류상품생산기업,(주)쉘파스페이스,제조업,전기장비 제조업,중소기업,16.0,대전 유성구,4,2026-08-01 02:44:01
글로벌역량,세계일류상품생산기업,삼익전자공업(주),제조업,전기장비 제조업,중소기업,145.0,서울 강남구,3,2026-08-01 02:44:01
글로벌역량,세계일류상품생산기업,(주)평일,제조업,전기장비 제조업,중소기업,146.0,서울 송파구,2,2026-08-01 02:44:01
글로벌역량,세계일류상품생산기업,(주)리노셈,제조업,전기장비 제조업,중소기업,34.0,경기 부천시 오정구,1,2026-08-01 02:44:01
글로벌역량,세계일류상품생산기업,에스제이이 주식회사,제조업,전기장비 제조업,,,부산 기장군,0,2026-08-01 02:44:01
글로벌역량,세계일류상품생산기업,비에이치아이(주),제조업,기타 기계 및 장비 제조업,중견기업,688.0,경남 함안군,180,2026-08-01 02:44:01
글로벌역량,세계일류상품생산기업,효동기계공업(주),제조업,기타 기계 및 장비 제조업,중소기업,192.0,경기 화성시,115,2026-08-01 02:44:01
글로벌역량,세계일류상품생산기업,(주)고영테크놀러지,제조업,기타 기계 및 장비 제조업,중견기업,491.0,서울 금천구,94,2026-08-01 02:44:01
글로벌역량,세계일류상품생산기업,주식회사 21세기,제조업,기타 기계 및 장비 제조업,중소기업,57.0,경기 화성시,85,2026-08-01 02:44:01
글로벌역량,세계일류상품생산기업,디와이파워(주),제조업,기타 기계 및 장비 제조업,중견기업,346.0,경남 창원시 성산구,75,2026-08-01 02:44:01
글로벌역량,세계일류상품생산기업,블루닉스(주),제조업,기타 기계 및 장비 제조업,중소기업,226.0,경기 안산시 단원구,75,2026-08-01 02:44:01
글로벌역량,세계일류상품생산기업,(주)화영,제조업,기타 기계 및 장비 제조업,중소기업,103.0,경남 밀양시,68,2026-08-01 02:44:01
글로벌역량,세계일류상품생산기업,성보피앤티(주),제조업,기타 기계 및 장비 제조업,중소기업,139.0,경기 화성시,65,2026-08-01 02:44:01
글로벌역량,한국형 히든챔피언 육성프로그램,하이에어코리아(주),제조업,기타 기계 및 장비 제조업,중견기업,537.0,경남 김해시,64,2026-08-01 02:44:01
글로벌역량,세계일류상품생산기업,(주)화인,제조업,기타 기계 및 장비 제조업,중소기업,77.0,부산 강서구,58,2026-08-01 02:44:01
글로벌역량,세계일류상품생산기업,(주)제우스,제조업,기타 기계 및 장비 제조업,중견기업,626.0,경기 화성시,52,2026-08-01 02:44:01
글로벌역량,세계일류상품생산기업,(주)나라삼양감속기,제조업,기타 기계 및 장비 제조업,중소기업,91.0,인천 남동구,50,2026-08-01 02:44:01
글로벌역량,세계일류상품생산기업,앙쥬(주),제조업,기타 기계 및 장비 제조업,중소기업,30.0,부산 기장군,47,2026-08-01 02:44:01
글로벌역량,세계일류상품생산기업,(주)아이토크콘트롤즈,제조업,기타 기계 및 장비 제조업,중소기업,62.0,경기 부천시,45,2026-08-01 02:44:01
글로벌역량,세계일류상품생산기업,(주)아바코,제조업,기타 기계 및 장비 제조업,중견기업,393.0,대구 달서구,44,2026-08-01 02:44:01
글로벌역량,세계일류상품생산기업,(주)뉴파워프라즈마,제조업,기타 기계 및 장비 제조업,중견기업,374.0,경기 수원시 영통구,41,2026-08-01 02:44:01
글로벌역량,세계일류상품생산기업,터보파워텍(주),제조업,기타 기계 및 장비 제조업,중소기업,119.0,부산 사하구,39,2026-08-01 02:44:01
글로벌역량,세계일류상품생산기업,(주)코릴,제조업,기타 기계 및 장비 제조업,중소기업,106.0,,36,2026-08-01 02:44:01
글로벌역량,세계일류상품생산기업,(주)대진코스탈,제조업,기타 기계 및 장비 제조업,중소기업,79.0,인천 계양구,34,2026-08-01 02:44:01
글로벌역량,세계일류상품생산기업,기산전자(주),제조업,기타 기계 및 장비 제조업,중소기업,163.0,서울 성동구,33,2026-08-01 02:44:01
글로벌역량,세계일류상품생산기업,(주)성일기공,제조업,기타 기계 및 장비 제조업,중소기업,77.0,인천 계양구,32,2026-08-01 02:44:01
글로벌역량,세계일류상품생산기업,(주)월드에너지,제조업,기타 기계 및 장비 제조업,중소기업,113.0,경북 문경시,31,2026-08-01 02:44:01
글로벌역량,세계일류상품생산기업,(주)진성티이씨,제조업,기타 기계 및 장비 제조업,중견기업,217.0,경기 평택시,30,2026-08-01 02:44:01
글로벌역량,세계일류상품생산기업,(주)한성정공,제조업,기타 기계 및 장비 제조업,중소기업,30.0,인천 남동구,29,2026-08-01 02:44:01
글로벌역량,세계일류상품생산기업,주성엔지니어링(주),제조업,기타 기계 및 장비 제조업,중견기업,485.0,경기 광주시,29,2026-08-01 02:44:01
글로벌역량,한국형 히든챔피언 육성프로그램,에이테크솔루션(주),제조업,기타 기계 및 장비 제조업,중견기업,337.0,경기 화성시,29,2026-08-01 02:44:01
글로벌역량,세계일류상품생산기업,(주)모트롤,제조업,기타 기계 및 장비 제조업,중견기업,334.0,경남 창원시 성산구,29,2026-08-01 02:44:01
글로벌역량,세계일류상품생산기업,삼건세기(주),제조업,기타 기계 및 장비 제조업,중소기업,92.0,경남 밀양시,29,2026-08-01 02:44:01
글로벌역량,세계일류상품생산기업,(주)우원기술,제조업,기타 기계 및 장비 제조업,중견기업,252.0,경기 평택시,29,2026-08-01 02:44:01
글로벌역량,세계일류상품생산기업,훌루테크(주),제조업,기타 기계 및 장비 제조업,중견기업,198.0,경남 창원시 성산구,25,2026-08-01 02:44:01
글로벌역량,세계일류상품생산기업,(주)넥스틴,제조업,기타 기계 및 장비 제조업,중소기업,154.0,경기 화성시,24,2026-08-01 02:44:01
글로벌역량,한국형 히든챔피언 육성프로그램,디와이피엔에프(주),제조업,기타 기계 및 장비 제조업,중견기업,245.0,서울 강서구,23,2026-08-01 02:44:01
글로벌역량,세계일류상품생산기업,(주)탑엔지니어링,제조업,기타 기계 및 장비 제조업,중견기업,201.0,경북 구미시,23,2026-08-01 02:44:01
글로벌역량,세계일류상품생산기업,(주)테크윈,제조업,기타 기계 및 장비 제조업,중견기업,196.0,충북 청주시 흥덕구,22,2026-08-01 02:44:01
글로벌역량,세계일류상품생산기업,(주)테스,제조업,기타 기계 및 장비 제조업,중견기업,438.0,경기 용인시 처인구,21,2026-08-01 02:44:01
글로벌역량,세계일류상품생산기업,(주)푸른기술,제조업,기타 기계 및 장비 제조업,중소기업,130.0,서울 서초구,20,2026-08-01 02:44:01
글로벌역량,세계일류상품생산기업,(주)미코세라믹스,제조업,기타 기계 및 장비 제조업,중견기업,640.0,경기 안성시,20,2026-08-01 02:44:01
글로벌역량,세계일류상품생산기업,(주)수산중공업,제조업,기타 기계 및 장비 제조업,중견기업,378.0,경기 화성시,19,2026-08-01 02:44:01
글로벌역량,세계일류상품생산기업,(주)원에스티,제조업,기타 기계 및 장비 제조업,중소기업,146.0,경기 화성시,17,2026-08-01 02:44:01
글로벌역량,세계일류상품생산기업,주식회사 네오셈,제조업,기타 기계 및 장비 제조업,중소기업,148.0,경기 안양시 동안구,16,2026-08-01 02:44:01
글로벌역량,한국형 히든챔피언 육성프로그램,(주)싸이맥스,제조업,기타 기계 및 장비 제조업,중견기업,219.0,경기 화성시,16,2026-08-01 02:44:01
글로벌역량,세계일류상품생산기업,삼익정공(주),제조업,기타 기계 및 장비 제조업,중소기업,86.0,대구 달서구,16,2026-08-01 02:44:01
글로벌역량,세계일류상품생산기업,씨티에스(주),제조업,기타 기계 및 장비 제조업,중소기업,56.0,대구 달성군,16,2026-08-01 02:44:01
글로벌역량,세계일류상품생산기업,(주)에스에이치팩,제조업,기타 기계 및 장비 제조업,중견기업,325.0,부산 강서구,16,2026-08-01 02:44:01
글로벌역량,세계일류상품생산기업,(주)유진로봇,제조업,기타 기계 및 장비 제조업,중견기업,144.0,인천 연수구,15,2026-08-01 02:44:01
글로벌역량,한국형 히든챔피언 육성프로그램,(주)에이치앤이루자,제조업,기타 기계 및 장비 제조업,중견기업,338.0,충남 아산시,15,2026-08-01 02:44:01
글로벌역량,한국형 히든챔피언 육성프로그램,(주)다보정밀,제조업,기타 기계 및 장비 제조업,중소기업,117.0,인천 남동구,14,2026-08-01 02:44:01
글로벌역량,세계일류상품생산기업,(주)와이에이치비에코,제조업,기타 기계 및 장비 제조업,중소기업,15.0,서울 금천구,14,2026-08-01 02:44:01
글로벌역량,세계일류상품생산기업,(주)티케이씨,제조업,기타 기계 및 장비 제조업,중소기업,185.0,경기 안산시 단원구,12,2026-08-01 02:44:01
글로벌역량,세계일류상품생산기업,제이엔케이히터(주),제조업,기타 기계 및 장비 제조업,중견기업,109.0,서울 금천구,12,2026-08-01 02:44:01
글로벌역량,세계일류상품생산기업,고려엠지(주),제조업,기타 기계 및 장비 제조업,중소기업,45.0,서울 송파구,11,2026-08-01 02:44:01
글로벌역량,세계일류상품생산기업,코리아가스엔지니어링,제조업,기타 기계 및 장비 제조업,중소기업,,경기 김포시,11,2026-08-01 02:44:01
글로벌역량,세계일류상품생산기업,(주)에스티아이,제조업,기타 기계 및 장비 제조업,중견기업,404.0,경기 안성시,11,2026-08-01 02:44:01
글로벌역량,세계일류상품생산기업,(주)동화뉴텍,제조업,기타 기계 및 장비 제조업,중견기업,129.0,부산 강서구,10,2026-08-01 02:44:01
글로벌역량,세계일류상품생산기업,(주)쎄믹스,제조업,기타 기계 및 장비 제조업,중견기업,367.0,경기 광주시,10,2026-08-01 02:44:01
글로벌역량,세계일류상품생산기업,(주)폴리텍,제조업,기타 기계 및 장비 제조업,중소기업,86.0,충북 청주시 흥덕구,9,2026-08-01 02:44:01
글로벌역량,세계일류상품생산기업,(주)엑시콘,제조업,기타 기계 및 장비 제조업,중소기업,192.0,경기 성남시 분당구,9,2026-08-01 02:44:01
글로벌역량,세계일류상품생산기업,비전세미콘(주),제조업,기타 기계 및 장비 제조업,중소기업,109.0,세종,9,2026-08-01 02:44:01
글로벌역량,세계일류상품생산기업,(주)송산특수엘리베이터,제조업,기타 기계 및 장비 제조업,중소기업,58.0,경기 시흥시,9,2026-08-01 02:44:01
글로벌역량,세계일류상품생산기업,유씨엘스위프트(주),제조업,기타 기계 및 장비 제조업,중소기업,67.0,대전 유성구,8,2026-08-01 02:44:01
글로벌역량,세계일류상품생산기업,주식회사 워터핀,제조업,기타 기계 및 장비 제조업,중소기업,,서울 금천구,8,2026-08-01 02:44:01
글로벌역량,세계일류상품생산기업,(주)옥서스,제조업,기타 기계 및 장비 제조업,중소기업,66.0,경기 가평군,8,2026-08-01 02:44:01
글로벌역량,세계일류상품생산기업,(주)파라,제조업,기타 기계 및 장비 제조업,중소기업,99.0,경기 화성시,7,2026-08-01 02:44:01
글로벌역량,세계일류상품생산기업,(주)태성,제조업,기타 기계 및 장비 제조업,중소기업,168.0,경기 안산시 단원구,6,2026-08-01 02:44:01
글로벌역량,세계일류상품생산기업,(주)일신바이오베이스,제조업,기타 기계 및 장비 제조업,중소기업,38.0,경기 동두천시,6,2026-08-01 02:44:01
글로벌역량,세계일류상품생산기업,(주)기가레인,제조업,기타 기계 및 장비 제조업,중소기업,177.0,경기 화성시,5,2026-08-01 02:44:01
글로벌역량,세계일류상품생산기업,(주)테크로스,제조업,기타 기계 및 장비 제조업,중견기업,250.0,서울 강남구,5,2026-08-01 02:44:01
글로벌역량,세계일류상품생산기업,(주)제4기한국,제조업,기타 기계 및 장비 제조업,중소기업,59.0,경기 시흥시,4,2026-08-01 02:44:01
글로벌역량,세계일류상품생산기업,햅시바(주),제조업,기타 기계 및 장비 제조업,중소기업,133.0,인천 미추홀구,4,2026-08-01 02:44:01
글로벌역량,세계일류상품생산기업,(주)코넵,제조업,기타 기계 및 장비 제조업,중소기업,23.0,경기 광명시,4,2026-08-01 02:44:01
글로벌역량,한국형 히든챔피언 육성프로그램,(주)제이스텍,제조업,기타 기계 및 장비 제조업,중소기업,267.0,충남 아산시,4,2026-08-01 02:44:01
글로벌역량,세계일류상품생산기업,와이아이케이(주),제조업,기타 기계 및 장비 제조업,중견기업,216.0,경기 성남시 분당구,3,2026-08-01 02:44:01
글로벌역량,세계일류상품생산기업,(주)후세메닉스,제조업,기타 기계 및 장비 제조업,중소기업,41.0,경기 안산시 단원구,3,2026-08-01 02:44:01
글로벌역량,세계일류상품생산기업,(주)에이치피에스피,제조업,기타 기계 및 장비 제조업,중견기업,134.0,경기 수원시 권선구,3,2026-08-01 02:44:01
글로벌역량,세계일류상품생산기업,(주)오로스테크놀로지,제조업,기타 기계 및 장비 제조업,중소기업,218.0,경기 화성시,2,2026-08-01 02:44:01
글로벌역량,세계일류상품생산기업,진성냉기산업(주),제조업,기타 기계 및 장비 제조업,중소기업,22.0,경기 평택시,1,2026-08-01 02:44:01
글로벌역량,세계일류상품생산기업,지이파워시스템즈코리아(주),제조업,기타 기계 및 장비 제조업,중견기업,108.0,서울 강남구,1,2026-08-01 02:44:01
글로벌역량,세계일류상품생산기업,(주)디엠에스,제조업,기타 기계 및 장비 제조업,중견기업,188.0,경기 용인시 기흥구,0,2026-08-01 02:44:01
글로벌역량,신보스타기업,(주)창성정밀,제조업,기타 기계 및 장비 제조업,중소기업,30.0,경기 양주시,0,2026-08-01 02:44:01
글로벌역량,세계일류상품생산기업,(주)아성정공,제조업,기타 기계 및 장비 제조업,,,대구 달서구,0,2026-08-01 02:44:01
글로벌역량,세계일류상품생산기업,서경브레이징,제조업,기타 기계 및 장비 제조업,,,경기 시흥시,0,2026-08-01 02:44:01
글로벌역량,한국형 히든챔피언 육성프로그램,(주)디에스시,제조업,자동차 및 트레일러 제조업,중견기업,281.0,경북 경주시,307,2026-08-01 02:44:01
글로벌역량,한국형 히든챔피언 육성프로그램,코비코(주),제조업,자동차 및 트레일러 제조업,중견기업,381.0,,124,2026-08-01 02:44:01
글로벌역량,한국형 히든챔피언 육성프로그램,KB오토시스(주),제조업,자동차 및 트레일러 제조업,중견기업,238.0,충남 아산시,100,2026-08-01 02:44:01
글로벌역량,한국형 히든챔피언 육성프로그램,(주)삼기,제조업,자동차 및 트레일러 제조업,중견기업,610.0,경기 평택시,56,2026-08-01 02:44:01
글로벌역량,한국형 히든챔피언 육성프로그램,진영산업(주),제조업,자동차 및 트레일러 제조업,중견기업,266.0,경기 안산시 단원구,52,2026-08-01 02:44:01
글로벌역량,한국형 히든챔피언 육성프로그램,(주)서진캠,제조업,자동차 및 트레일러 제조업,중견기업,352.0,경기 평택시,50,2026-08-01 02:44:01
글로벌역량,한국형 히든챔피언 육성프로그램,(주)광진기계,제조업,자동차 및 트레일러 제조업,중견기업,179.0,충남 아산시,39,2026-08-01 02:44:01
글로벌역량,세계일류상품생산기업,대창단조(주),제조업,자동차 및 트레일러 제조업,중견기업,83.0,경남 김해시,39,2026-08-01 02:44:01
글로벌역량,한국형 히든챔피언 육성프로그램,서한이노빌리티(주),제조업,자동차 및 트레일러 제조업,중견기업,219.0,충북 진천군,28,2026-08-01 02:44:01
글로벌역량,한국형 히든챔피언 육성프로그램,(주)일진,제조업,자동차 및 트레일러 제조업,중견기업,196.0,경북 경주시,27,2026-08-01 02:44:01
글로벌역량,세계일류상품생산기업,(주)휘일,제조업,자동차 및 트레일러 제조업,중소기업,166.0,충남 아산시,26,2026-08-01 02:44:01
글로벌역량,세계일류상품생산기업,한국에스케이에프씰(주),제조업,자동차 및 트레일러 제조업,중견기업,301.0,대구 달성군,24,2026-08-01 02:44:01
글로벌역량,한국형 히든챔피언 육성프로그램,(주)새한산업,제조업,자동차 및 트레일러 제조업,중견기업,285.0,경기 시흥시,21,2026-08-01 02:44:01
글로벌역량,한국형 히든챔피언 육성프로그램,우신공업(주),제조업,자동차 및 트레일러 제조업,중견기업,250.0,충남 당진시,20,2026-08-01 02:44:01
글로벌역량,한국형 히든챔피언 육성프로그램,아센텍(주),제조업,자동차 및 트레일러 제조업,중견기업,164.0,충남 아산시,16,2026-08-01 02:44:01
글로벌역량,세계일류상품생산기업,(주)홍성,제조업,자동차 및 트레일러 제조업,중소기업,37.0,대구 달서구,14,2026-08-01 02:44:01
글로벌역량,한국형 히든챔피언 육성프로그램,(주)서연씨엔에프,제조업,자동차 및 트레일러 제조업,중견기업,233.0,울산 울주군,12,2026-08-01 02:44:01
글로벌역량,한국형 히든챔피언 육성프로그램,(주)인팩,제조업,자동차 및 트레일러 제조업,중견기업,365.0,서울 송파구,11,2026-08-01 02:44:01
글로벌역량,한국형 히든챔피언 육성프로그램,우리산업(주),제조업,자동차 및 트레일러 제조업,중견기업,306.0,경기 용인시 기흥구,8,2026-08-01 02:44:01
글로벌역량,한국형 히든챔피언 육성프로그램,인팩일렉스(주),제조업,자동차 및 트레일러 제조업,중견기업,192.0,경기 수원시 권선구,7,2026-08-01 02:44:01
글로벌역량,한국형 히든챔피언 육성프로그램,디오토모티브(주),제조업,자동차 및 트레일러 제조업,중견기업,35.0,충남 아산시,6,2026-08-01 02:44:01
글로벌역량,한국형 히든챔피언 육성프로그램,(주)삼기이브이,제조업,자동차 및 트레일러 제조업,중견기업,87.0,충남 서산시,5,2026-08-01 02:44:01
글로벌역량,세계일류상품생산기업,금용기계(주),제조업,기타 운송장비 제조업,중견기업,266.0,대구 북구,190,2026-08-01 02:44:01
글로벌역량,세계일류상품생산기업,(주)케이프,제조업,기타 운송장비 제조업,중소기업,222.0,경남 양산시,94,2026-08-01 02:44:01
글로벌역량,세계일류상품생산기업,(주)파나시아,제조업,기타 운송장비 제조업,중견기업,329.0,부산 강서구,63,2026-08-01 02:44:01
글로벌역량,한국형 히든챔피언 육성프로그램,(주)세진중공업,제조업,기타 운송장비 제조업,중견기업,324.0,울산 울주군,54,2026-08-01 02:44:01
글로벌역량,세계일류상품생산기업,대양전기공업(주),제조업,기타 운송장비 제조업,중견기업,396.0,부산 사하구,52,2026-08-01 02:44:01
글로벌역량,한국형 히든챔피언 육성프로그램,(주)우진산전,제조업,기타 운송장비 제조업,중견기업,676.0,충북 괴산군,51,2026-08-01 02:44:01
글로벌역량,세계일류상품생산기업,한라아이엠에스(주),제조업,기타 운송장비 제조업,중소기업,246.0,부산 강서구,35,2026-08-01 02:44:01
글로벌역량,세계일류상품생산기업,(주)우성아이비,제조업,기타 운송장비 제조업,중소기업,63.0,인천 부평구,31,2026-08-01 02:44:01
글로벌역량,세계일류상품생산기업,탱크테크(주),제조업,기타 운송장비 제조업,중소기업,90.0,부산 사하구,31,2026-08-01 02:44:01
글로벌역량,세계일류상품생산기업,(주)케이씨,제조업,기타 운송장비 제조업,중소기업,110.0,부산 강서구,15,2026-08-01 02:44:01
글로벌역량,세계일류상품생산기업,유원산업(주),제조업,기타 운송장비 제조업,중소기업,134.0,부산 사하구,14,2026-08-01 02:44:01
글로벌역량,세계일류상품생산기업,(주)지.피.씨,제조업,기타 운송장비 제조업,중소기업,47.0,경남 김해시,3,2026-08-01 02:44:01
글로벌역량,세계일류상품생산기업,(주)일승,제조업,기타 운송장비 제조업,중견기업,19.0,부산 강서구,0,2026-08-01 02:44:01
글로벌역량,세계일류상품생산기업,(주)베스툴,제조업,가구 제조업,중소기업,199.0,대구 달서구,33,2026-08-01 02:44:01
글로벌역량,세계일류상품생산기업,(주)퍼시스,제조업,가구 제조업,중견기업,251.0,서울 송파구,30,2026-08-01 02:44:01
글로벌역량,세계일류상품생산기업,(주)유벨라,제조업,기타 제품 제조업,중소기업,65.0,경남 김해시,460,2026-08-01 02:44:01
글로벌역량,신보스타기업,(주)해성인터내셔날,제조업,기타 제품 제조업,중소기업,85.0,경기 성남시 중원구,27,2026-08-01 02:44:01
글로벌역량,세계일류상품생산기업,윈엔윈(주),제조업,기타 제품 제조업,중소기업,50.0,경기 안성시,6,2026-08-01 02:44:01
글로벌역량,세계일류상품생산기업,(주)에프에스코리아,제조업,기타 제품 제조업,중소기업,41.0,서울 강북구,6,2026-08-01 02:44:01
글로벌역량,한국형 히든챔피언 육성프로그램,(주)제이에스티나,제조업,기타 제품 제조업,중소기업,190.0,서울 송파구,4,2026-08-01 02:44:01
글로벌역량,세계일류상품생산기업,(주)짐월드,제조업,기타 제품 제조업,중소기업,34.0,서울 강남구,2,2026-08-01 02:44:01
글로벌역량,세계일류상품생산기업,(유)원진알미늄,건설업,전문직별 공사업,중소기업,61.0,전북 완주군,73,2026-08-01 02:44:01
글로벌역량,세계일류상품생산기업,(주)지엠에스,도매 및 소매업,도매 및 상품 중개업,중소기업,10.0,경기 동두천시,76,2026-08-01 02:44:01
글로벌역량,세계일류상품생산기업,(주)아카데미과학,도매 및 소매업,도매 및 상품 중개업,중소기업,129.0,경기 의정부시,47,2026-08-01 02:44:01
글로벌역량,세계일류상품생산기업,(주)콜텍,도매 및 소매업,도매 및 상품 중개업,중견기업,71.0,서울 강서구,40,2026-08-01 02:44:01
글로벌역량,한국형 히든챔피언 육성프로그램,(주)윌비스,도매 및 소매업,도매 및 상품 중개업,중견기업,124.0,충남 천안시 동남구,19,2026-08-01 02:44:01
글로벌역량,세계일류상품생산기업,(주)유풍,도매 및 소매업,도매 및 상품 중개업,중견기업,294.0,서울 구로구,18,2026-08-01 02:44:01
글로벌역량,세계일류상품생산기업,(주)대한과학,도매 및 소매업,도매 및 상품 중개업,중소기업,117.0,강원 원주시,13,2026-08-01 02:44:01
글로벌역량,세계일류상품생산기업,(주)엔에스알,도매 및 소매업,도매 및 상품 중개업,중소기업,,서울 구로구,8,2026-08-01 02:44:01
글로벌역량,세계일류상품생산기업,(주)휴롬엘에스,도매 및 소매업,도매 및 상품 중개업,중견기업,175.0,서울 강남구,5,2026-08-01 02:44:01
글로벌역량,세계일류상품생산기업,(주)오케이에프,도매 및 소매업,도매 및 상품 중개업,중견기업,46.0,서울 강남구,1,2026-08-01 02:44:01
글로벌역량,세계일류상품생산기업,(주)로자,도매 및 소매업,도매 및 상품 중개업,,,경북 경산시,0,2026-08-01 02:44:01
글로벌역량,한국형 히든챔피언 육성프로그램,(주)샤프테크닉스케이,운수 및 창고업,창고 및 운송관련 서비스업,중견기업,555.0,,15,2026-08-01 02:44:01
글로벌역량,세계일류상품생산기업,(주)라온텍,정보통신업,출판업,중소기업,119.0,경기 성남시 분당구,22,2026-08-01 02:44:01
글로벌역량,세계일류상품생산기업,(주)마크애니,정보통신업,출판업,중소기업,198.0,서울 중구,16,2026-08-01 02:44:01
글로벌역량,세계일류상품생산기업,(주)씨케이앤비,정보통신업,출판업,중소기업,51.0,서울 성동구,13,2026-08-01 02:44:01
글로벌역량,세계일류상품생산기업,(주)와이즈넛,정보통신업,출판업,중소기업,318.0,경기 성남시 분당구,8,2026-08-01 02:44:01
글로벌역량,세계일류상품생산기업,(주)메디칼스탠다드,정보통신업,출판업,중소기업,44.0,서울 송파구,3,2026-08-01 02:44:01
글로벌역량,세계일류상품생산기업,(주)엔피코어,정보통신업,출판업,중소기업,42.0,서울 영등포구,3,2026-08-01 02:44:01
글로벌역량,세계일류상품생산기업,(주)씨큐브,정보통신업,출판업,중소기업,78.0,서울 구로구,0,2026-08-01 02:44:01
글로벌역량,세계일류상품생산기업,펑션베이(주),정보통신업,출판업,중소기업,51.0,경기 성남시 분당구,0,2026-08-01 02:44:01
글로벌역량,세계일류상품생산기업,(주)에스에이엠지엔터테인먼트,정보통신업,영상ㆍ오디오 기록물 제작 및 배급업,중소기업,355.0,서울 강남구,7,2026-08-01 02:44:01
글로벌역량,한국형 히든챔피언 육성프로그램,(주)대명화학,금융 및 보험업,금융업,중견기업,103.0,경북 문경시,78,2026-08-01 02:44:01
글로벌역량,세계일류상품생산기업,제주어류양식수산업협동조합,금융 및 보험업,금융업,기타,101.0,제주 제주시,21,2026-08-01 02:44:01
글로벌역량,세계일류상품생산기업,두원농협유자가공사업소,금융 및 보험업,금융업,기타,,,0,2026-08-01 02:44:01
글로벌역량,세계일류상품생산기업,(주)제니컴,"사업시설 관리, 사업 지원 및 임대 서비스업",사업지원 서비스업,,,대전 유성구,0,2026-08-01 02:44:01
지역선도기업,유망중소기업(대전),㈜모카씨엔티,제조업,식료품 제조업,중소기업,15.0,대전 대덕구,60,2026-08-01 02:44:01
지역선도기업,백년기업,하나식품,제조업,식료품 제조업,중소기업,25.0,강원 춘천시,41,2026-08-01 02:44:01
지역선도기업,일자리창출 우수기업(경북),농업회사법인㈜우돈엠피피,제조업,식료품 제조업,중소기업,95.0,경북 영천시,36,2026-08-01 02:44:01
지역선도기업,스타기업(경북),농업회사법인㈜코리아식품,제조업,식료품 제조업,중소기업,,경북 영천시,35,2026-08-01 02:44:01
지역선도기업,백년기업,강릉초당두부,제조업,식료품 제조업,중소기업,82.0,강원 강릉시,31,2026-08-01 02:44:01
지역선도기업,유망중소기업(강원),㈜바이오로제트,제조업,식료품 제조업,중소기업,68.0,강원 횡성군,28,2026-08-01 02:44:01
지역선도기업,유망중소기업(강원),주식회사 단미푸드,제조업,식료품 제조업,중소기업,,강원 원주시,25,2026-08-01 02:44:01
지역선도기업,유망중소기업(강원),㈜유유헬스케어,제조업,식료품 제조업,중소기업,100.0,강원 횡성군,24,2026-08-01 02:44:01
지역선도기업,백년기업,해성식품㈜,제조업,식료품 제조업,중소기업,76.0,강원 속초시,23,2026-08-01 02:44:01
지역선도기업,일자리창출 우수기업(경북),농업회사법인 보원농업㈜,제조업,식료품 제조업,중소기업,1.0,경북 구미시,21,2026-08-01 02:44:01
지역선도기업,일자리창출 우수기업(경북),수월한주식회사,제조업,식료품 제조업,중소기업,55.0,경북 문경시,18,2026-08-01 02:44:01
지역선도기업,선도기업(부산),㈜대주,제조업,식료품 제조업,중소기업,22.0,부산 서구,16,2026-08-01 02:44:01
지역선도기업,고용우수기업(충북),㈜태영에프엔비,제조업,식료품 제조업,중소기업,92.0,충북 음성군,14,2026-08-01 02:44:01
지역선도기업,유망중소기업(충남),㈜광천원김,제조업,식료품 제조업,중소기업,19.0,충남 홍성군,13,2026-08-01 02:44:01
지역선도기업,유망중소기업(강원),㈜학산,제조업,식료품 제조업,중소기업,406.0,강원 강릉시,8,2026-08-01 02:44:01
지역선도기업,유망중소기업(강원),주식회사 산들바람식품,제조업,식료품 제조업,중소기업,26.0,강원 속초시,3,2026-08-01 02:44:01
지역선도기업,좋은일터조성사업,㈜지피에프씨,제조업,식료품 제조업,중소기업,70.0,대전 대덕구,2,2026-08-01 02:44:01
지역선도기업,백년기업,갈골한과전통식품,제조업,식료품 제조업,중소기업,14.0,강원 강릉시,2,2026-08-01 02:44:01
지역선도기업,선도기업(부산),일광제과,제조업,식료품 제조업,,,부산 강서구,0,2026-08-01 02:44:01
지역선도기업,유망중소기업(경기),주식회사 개미식품,제조업,식료품 제조업,,,경기 성남시 중원구,0,2026-08-01 02:44:01
지역선도기업,백년기업,동림푸드(주),제조업,식료품 제조업,,,강원 강릉시,0,2026-08-01 02:44:01
지역선도기업,고용친화대표기업(대구),풍국주정공업㈜,제조업,음료 제조업,중견기업,51.0,대구 달서구,52,2026-08-01 02:44:01
지역선도기업,유망중소기업(경기),(주)에버그린,제조업,섬유제품 제조업; 의복제외,중소기업,109.0,경기 의왕시,54,2026-08-01 02:44:01
지역선도기업,유망중소기업(경기),주식회사 코린토,제조업,섬유제품 제조업; 의복제외,중소기업,41.0,경기 김포시,12,2026-08-01 02:44:01
지역선도기업,유망중소기업(경기),에스엘에스인터내셔널(주),제조업,"가죽, 가방 및 신발 제조업",중소기업,18.0,경기 동두천시,1,2026-08-01 02:44:01
지역선도기업,유망중소기업(경기),(주)마더케이,제조업,"펄프, 종이 및 종이제품 제조업",중소기업,78.0,경기 성남시 분당구,2,2026-08-01 02:44:01
지역선도기업,일자리창출 우수기업(경북),㈜재영텍,제조업,화학물질 및 화학제품 제조업; 의약품 제외,중소기업,163.0,경북 구미시,56,2026-08-01 02:44:01
지역선도기업,일자리창출 우수기업(경북),순수코리아,제조업,화학물질 및 화학제품 제조업; 의약품 제외,중소기업,36.0,경북 김천시,35,2026-08-01 02:44:01
지역선도기업,백년기업,대한화인세라믹(주),제조업,화학물질 및 화학제품 제조업; 의약품 제외,중소기업,47.0,강원 원주시,34,2026-08-01 02:44:01
지역선도기업,유망중소기업(경기),린제이앤코스 주식회사,제조업,화학물질 및 화학제품 제조업; 의약품 제외,중소기업,46.0,경기 포천시,27,2026-08-01 02:44:01
지역선도기업,유망중소기업(경기),(주) 민서코팅플렉스,제조업,화학물질 및 화학제품 제조업; 의약품 제외,중소기업,,경기 파주시,16,2026-08-01 02:44:01
지역선도기업,고용우수기업(충북),㈜천보신소재 영평공장,제조업,화학물질 및 화학제품 제조업; 의약품 제외,중견기업,80.0,충북 충주시,14,2026-08-01 02:44:01
지역선도기업,유망중소기업(경기),㈜크린피스,제조업,화학물질 및 화학제품 제조업; 의약품 제외,중소기업,17.0,경기 평택시,11,2026-08-01 02:44:01
지역선도기업,유망중소기업(경기),주식회사 아이젤,제조업,화학물질 및 화학제품 제조업; 의약품 제외,중소기업,12.0,경기 용인시 기흥구,11,2026-08-01 02:44:01
지역선도기업,유망중소기업(충남),㈜루브텍시스템,제조업,화학물질 및 화학제품 제조업; 의약품 제외,중소기업,12.0,충남 천안시 동남구,10,2026-08-01 02:44:01
지역선도기업,유망중소기업(경기),(주)더마젝,제조업,화학물질 및 화학제품 제조업; 의약품 제외,중소기업,17.0,경기 의왕시,9,2026-08-01 02:44:01
지역선도기업,유망중소기업(경기),주식회사 수산,제조업,화학물질 및 화학제품 제조업; 의약품 제외,중소기업,15.0,경기 평택시,1,2026-08-01 02:44:01
지역선도기업,유망중소기업(경기),주식회사 아이더블유컴퍼니,제조업,화학물질 및 화학제품 제조업; 의약품 제외,중소기업,12.0,경기 광주시,0,2026-08-01 02:44:01
지역선도기업,유망중소기업(강원),서린컴퍼니㈜,제조업,화학물질 및 화학제품 제조업; 의약품 제외,,,강원 춘천시,0,2026-08-01 02:44:01
지역선도기업,,한국바이오켐제약㈜,제조업,의료용 물질 및 의약품 제조업,중소기업,160.0,세종,59,2026-08-01 02:44:01
지역선도기업,유망중소기업(경기),메디포스트㈜,제조업,의료용 물질 및 의약품 제조업,중소기업,346.0,경기 성남시 분당구,11,2026-08-01 02:44:01
지역선도기업,,㈜케이앤케이,제조업,고무 및 플라스틱제품 제조업,중소기업,73.0,세종,53,2026-08-01 02:44:01
지역선도기업,,㈜새롬테크,제조업,고무 및 플라스틱제품 제조업,중소기업,52.0,세종,49,2026-08-01 02:44:01
지역선도기업,고용우수기업(충북),미래솔레어㈜,제조업,고무 및 플라스틱제품 제조업,중견기업,102.0,충북 청주시 청원구,45,2026-08-01 02:44:01
지역선도기업,유망중소기업(경기),플라텍주식회사,제조업,고무 및 플라스틱제품 제조업,중소기업,,경기 파주시,15,2026-08-01 02:44:01
지역선도기업,유망중소기업(경기),㈜ 알킨스,제조업,고무 및 플라스틱제품 제조업,중소기업,97.0,경기 평택시,12,2026-08-01 02:44:01
지역선도기업,유망중소기업(경기),어스그린코리아㈜,제조업,고무 및 플라스틱제품 제조업,중소기업,13.0,경기 김포시,1,2026-08-01 02:44:01
지역선도기업,비전기업(인천),㈜원영씰,제조업,고무 및 플라스틱제품 제조업,,,인천 미추홀구,0,2026-08-01 02:44:01
지역선도기업,좋은일터조성사업,㈜삼양패키징 대전공장,제조업,고무 및 플라스틱제품 제조업,,511.0,대전 대덕구,0,2026-08-01 02:44:01
지역선도기업,백년기업,㈜성신미네필드,제조업,비금속 광물제품 제조업,중소기업,111.0,강원 정선군,56,2026-08-01 02:44:01
지역선도기업,고용우수기업(경남),제이에스테크,제조업,비금속 광물제품 제조업,중소기업,111.0,경남 사천시,22,2026-08-01 02:44:01
지역선도기업,유망중소기업(강원),태양산업주식회사,제조업,비금속 광물제품 제조업,중소기업,24.0,강원 인제군,16,2026-08-01 02:44:01
지역선도기업,유망중소기업(경기),창대산업,제조업,비금속 광물제품 제조업,중소기업,7.0,경기 양평군,12,2026-08-01 02:44:01
지역선도기업,유망중소기업(충남),한산콘크리트㈜,제조업,비금속 광물제품 제조업,중소기업,12.0,충남 서천군,3,2026-08-01 02:44:01
지역선도기업,백년기업,㈜경성특수콘크리트,제조업,비금속 광물제품 제조업,중소기업,14.0,강원 철원군,0,2026-08-01 02:44:01
지역선도기업,선도기업(부산),와이시피㈜,제조업,1차 금속 제조업,중소기업,111.0,부산 사하구,123,2026-08-01 02:44:01
지역선도기업,선도기업(부산),㈜은성,제조업,1차 금속 제조업,중소기업,12.0,부산 강서구,3,2026-08-01 02:44:01
지역선도기업,스타기업(경북),㈜경도공업,제조업,1차 금속 제조업,,45.0,경북 경주시,0,2026-08-01 02:44:01
지역선도기업,유망중소기업(경기),(주)에스디씨컨스트룩,제조업,금속가공제품 제조업; 기계 및 가구 제외,중소기업,9.0,경기 남양주시,53,2026-08-01 02:44:01
지역선도기업,선도기업(부산),한선엔지니어링㈜,제조업,금속가공제품 제조업; 기계 및 가구 제외,중견기업,242.0,부산 강서구,44,2026-08-01 02:44:01
지역선도기업,유망중소기업(경기),클라임테크주식회사,제조업,금속가공제품 제조업; 기계 및 가구 제외,중소기업,24.0,경기 파주시,39,2026-08-01 02:44:01
지역선도기업,일자리창출 우수기업(경북),㈜풍산물산,제조업,금속가공제품 제조업; 기계 및 가구 제외,중소기업,44.0,경북 경산시,37,2026-08-01 02:44:01
지역선도기업,유망중소기업(경기),(주)제이와이팜,제조업,금속가공제품 제조업; 기계 및 가구 제외,중소기업,,경기 광주시,15,2026-08-01 02:44:01
지역선도기업,유망중소기업(경기),미강엔지니어링㈜,제조업,금속가공제품 제조업; 기계 및 가구 제외,중소기업,20.0,경기 시흥시,14,2026-08-01 02:44:01
지역선도기업,선도기업(부산),대진단조㈜,제조업,금속가공제품 제조업; 기계 및 가구 제외,중소기업,60.0,부산 강서구,10,2026-08-01 02:44:01
지역선도기업,유망중소기업(강원),영진철강㈜,제조업,금속가공제품 제조업; 기계 및 가구 제외,중소기업,,강원 횡성군,3,2026-08-01 02:44:01
지역선도기업,유망중소기업(경기),(주)영우산업,제조업,금속가공제품 제조업; 기계 및 가구 제외,중소기업,23.0,경기 남양주시,2,2026-08-01 02:44:01
지역선도기업,유망중소기업(경기),주식회사 제이에스엔디,제조업,금속가공제품 제조업; 기계 및 가구 제외,중소기업,7.0,경기 안양시 만안구,1,2026-08-01 02:44:01
지역선도기업,,㈜디엠티,제조업,금속가공제품 제조업; 기계 및 가구 제외,,,충남 아산시,0,2026-08-01 02:44:01
지역선도기업,유망중소기업(대전),㈜준형,제조업,금속가공제품 제조업; 기계 및 가구 제외,,,대전 유성구,0,2026-08-01 02:44:01
지역선도기업,유망중소기업(인천),㈜평산기공,제조업,금속가공제품 제조업; 기계 및 가구 제외,,,인천 남동구,0,2026-08-01 02:44:01
지역선도기업,중견성장사다리기업(인천),㈜핌스,제조업,"전자부품, 컴퓨터, 영상, 음향 및 통신장비 제조업",중소기업,210.0,인천 남동구,38,2026-08-01 02:44:01
지역선도기업,스타기업(경북),㈜유니크테크노,제조업,"전자부품, 컴퓨터, 영상, 음향 및 통신장비 제조업",중소기업,14.0,경북 구미시,30,2026-08-01 02:44:01
지역선도기업,유망중소기업(인천),㈜우진피앤티,제조업,"전자부품, 컴퓨터, 영상, 음향 및 통신장비 제조업",중소기업,,인천 부평구,27,2026-08-01 02:44:01
지역선도기업,고용친화대표기업(대구),거림테크㈜,제조업,"전자부품, 컴퓨터, 영상, 음향 및 통신장비 제조업",중소기업,155.0,대구 달서구,26,2026-08-01 02:44:01
지역선도기업,유망중소기업(경기),㈜씨엔에이치시스템,제조업,"전자부품, 컴퓨터, 영상, 음향 및 통신장비 제조업",중소기업,25.0,경기 수원시 영통구,24,2026-08-01 02:44:01
지역선도기업,,뉴서광,제조업,"전자부품, 컴퓨터, 영상, 음향 및 통신장비 제조업",중소기업,159.0,,24,2026-08-01 02:44:01
지역선도기업,유망중소기업(경기),(주)세경하이테크,제조업,"전자부품, 컴퓨터, 영상, 음향 및 통신장비 제조업",중소기업,259.0,경기 수원시 권선구,20,2026-08-01 02:44:01
지역선도기업,유망중소기업(경기),컴테크써지㈜,제조업,"전자부품, 컴퓨터, 영상, 음향 및 통신장비 제조업",중소기업,44.0,경기 화성시,17,2026-08-01 02:44:01
지역선도기업,일자리창출 우수기업(경북),㈜세미스타,제조업,"전자부품, 컴퓨터, 영상, 음향 및 통신장비 제조업",중소기업,12.0,경북 구미시,16,2026-08-01 02:44:01
지역선도기업,유망중소기업(경기),㈜글로쿼드텍,제조업,"전자부품, 컴퓨터, 영상, 음향 및 통신장비 제조업",중소기업,34.0,경기 용인시 기흥구,5,2026-08-01 02:44:01
지역선도기업,유망중소기업(경기),(주)에이펄스테크롤리지,제조업,"전자부품, 컴퓨터, 영상, 음향 및 통신장비 제조업",중소기업,10.0,경기 광명시,4,2026-08-01 02:44:01
지역선도기업,유망중소기업(경기),㈜픽젠,제조업,"전자부품, 컴퓨터, 영상, 음향 및 통신장비 제조업",중소기업,45.0,경기 안양시 동안구,4,2026-08-01 02:44:01
지역선도기업,유망중소기업(경기),주식회사 올리브텍,제조업,"전자부품, 컴퓨터, 영상, 음향 및 통신장비 제조업",중소기업,12.0,경기 성남시 수정구,1,2026-08-01 02:44:01
지역선도기업,유망중소기업(경기),㈜스마트코어,제조업,"전자부품, 컴퓨터, 영상, 음향 및 통신장비 제조업",중소기업,11.0,경기 성남시 중원구,1,2026-08-01 02:44:01
지역선도기업,유망중소기업(경기),(주)포인트텍,제조업,"전자부품, 컴퓨터, 영상, 음향 및 통신장비 제조업",중소기업,3.0,경기 용인시 수지구,0,2026-08-01 02:44:01
지역선도기업,유망중소기업(경기),(주)그린전산,제조업,"전자부품, 컴퓨터, 영상, 음향 및 통신장비 제조업",중소기업,12.0,경기 화성시,0,2026-08-01 02:44:01
지역선도기업,유망중소기업(경기),주식회사 엠에스바이오,제조업,"의료, 정밀, 광학기기 및 시계 제조업",중소기업,43.0,경기 성남시 중원구,16,2026-08-01 02:44:01
지역선도기업,좋은일터조성사업,㈜씨앤씨에이드,제조업,"의료, 정밀, 광학기기 및 시계 제조업",중소기업,8.0,대전 서구,5,2026-08-01 02:44:01
지역선도기업,유망중소기업(경기),(주)스킨사이언스,제조업,"의료, 정밀, 광학기기 및 시계 제조업",중소기업,21.0,경기 성남시 분당구,4,2026-08-01 02:44:01
지역선도기업,유망중소기업(대전),㈜엘퓨젼옵틱스,제조업,"의료, 정밀, 광학기기 및 시계 제조업",중소기업,13.0,대전 유성구,3,2026-08-01 02:44:01
지역선도기업,,지텍(주),제조업,"의료, 정밀, 광학기기 및 시계 제조업",중소기업,87.0,경북 김천시,3,2026-08-01 02:44:01
지역선도기업,유망중소기업(경기),(주)웨버인스트루먼트,제조업,"의료, 정밀, 광학기기 및 시계 제조업",,,경기 의정부시,0,2026-08-01 02:44:01
지역선도기업,2021년 매출의탑,(주)에프에이플러스,제조업,"의료, 정밀, 광학기기 및 시계 제조업",,,대전 유성구,0,2026-08-01 02:44:01
지역선도기업,유망중소기업(강원),네오비젼,제조업,"의료, 정밀, 광학기기 및 시계 제조업",,175.0,강원 원주시,0,2026-08-01 02:44:01
지역선도기업,유망중소기업(경기),주식회사 메디코어스,제조업,"의료, 정밀, 광학기기 및 시계 제조업",중소기업,10.0,경기 성남시 중원구,0,2026-08-01 02:44:01
지역선도기업,고용친화대표기업(대구),에스에스엘엠㈜,제조업,전기장비 제조업,중소기업,304.0,대구 달성군,77,2026-08-01 02:44:01
지역선도기업,고용친화대표기업(대구),㈜모간,제조업,전기장비 제조업,중견기업,252.0,대구 달성군,59,2026-08-01 02:44:01
지역선도기업,유망중소기업(인천),㈜케이원시스템,제조업,전기장비 제조업,중소기업,41.0,,30,2026-08-01 02:44:01
지역선도기업,스타기업(경북),㈜코아시스템,제조업,전기장비 제조업,중소기업,28.0,경북 포항시 남구,27,2026-08-01 02:44:01
지역선도기업,기술혁신형 중소기업(이노비즈)유망중소기업(충남),주식회사 에이스라이프,제조업,전기장비 제조업,중소기업,87.0,충남 아산시,22,2026-08-01 02:44:01
지역선도기업,경남형 청년친화기업,㈜아이티씨,제조업,전기장비 제조업,중소기업,67.0,경남 양산시,8,2026-08-01 02:44:01
지역선도기업,유망중소기업(강원),강원전선주식회사,제조업,전기장비 제조업,중소기업,29.0,강원 춘천시,6,2026-08-01 02:44:01
지역선도기업,유망중소기업(경기),㈜소디스,제조업,전기장비 제조업,중소기업,23.0,경기 안양시 동안구,6,2026-08-01 02:44:01
지역선도기업,유망중소기업(경기),(주)레가토,제조업,전기장비 제조업,중소기업,28.0,인천 계양구,2,2026-08-01 02:44:01
지역선도기업,선도기업(부산),㈜케이에스피,제조업,기타 기계 및 장비 제조업,중견기업,58.0,부산 강서구,84,2026-08-01 02:44:01
지역선도기업,유망중소기업(경기),(주)영테크팩,제조업,기타 기계 및 장비 제조업,중소기업,33.0,경기 김포시,33,2026-08-01 02:44:01
지역선도기업,유망중소기업(경기),써멀마스터㈜,제조업,기타 기계 및 장비 제조업,중소기업,58.0,경기 화성시,23,2026-08-01 02:44:01
지역선도기업,비전기업(인천),㈜은현산업,제조업,기타 기계 및 장비 제조업,중소기업,28.0,인천 남동구,16,2026-08-01 02:44:01
지역선도기업,유망중소기업(경기),워트 주식회사,제조업,기타 기계 및 장비 제조업,중소기업,42.0,경기 화성시,13,2026-08-01 02:44:01
지역선도기업,유망중소기업(경기),(주)파코엔지니어링,제조업,기타 기계 및 장비 제조업,중소기업,34.0,경기 수원시 권선구,7,2026-08-01 02:44:01
지역선도기업,유망중소기업(경기),㈜수기솔루션,제조업,기타 기계 및 장비 제조업,중소기업,12.0,경기 시흥시,4,2026-08-01 02:44:01
지역선도기업,유망중소기업(경기),(주)보우시스템,제조업,기타 기계 및 장비 제조업,중소기업,83.0,서울 송파구,4,2026-08-01 02:44:01
지역선도기업,유망중소기업(인천),㈜앤에이치씨,제조업,기타 기계 및 장비 제조업,중소기업,10.0,인천 연수구,2,2026-08-01 02:44:01
지역선도기업,유망중소기업(경기),(주)에스피엠,제조업,기타 기계 및 장비 제조업,중소기업,15.0,경기 파주시,2,2026-08-01 02:44:01
지역선도기업,유망중소기업(경기),(주)제이렘,제조업,기타 기계 및 장비 제조업,중소기업,,경기 수원시 권선구,2,2026-08-01 02:44:01
지역선도기업,유망중소기업(경기),(주)신화플러스,제조업,기타 기계 및 장비 제조업,중소기업,15.0,경기 파주시,1,2026-08-01 02:44:01
지역선도기업,유망중소기업(경기),신명기전,제조업,기타 기계 및 장비 제조업,,,경기 화성시,0,2026-08-01 02:44:01
지역선도기업,일자리창출 우수기업(울산),건우엔텍,제조업,기타 기계 및 장비 제조업,,,울산 동구,0,2026-08-01 02:44:01
지역선도기업,유망중소기업(충남),㈜청정테크,제조업,기타 기계 및 장비 제조업,,,충남 부여군,0,2026-08-01 02:44:01
지역선도기업,유망중소기업(인천),네오피아㈜,제조업,기타 기계 및 장비 제조업,중소기업,9.0,인천 연수구,0,2026-08-01 02:44:01
지역선도기업,선도기업(부산),㈜한일정공,제조업,자동차 및 트레일러 제조업,중소기업,94.0,부산 강서구,83,2026-08-01 02:44:01
지역선도기업,고용친화대표기업(대구),신한정공㈜,제조업,자동차 및 트레일러 제조업,중소기업,182.0,대구 달서구,68,2026-08-01 02:44:01
지역선도기업,고용친화대표기업(대구),㈜대철,제조업,자동차 및 트레일러 제조업,중소기업,154.0,대구 달서구,64,2026-08-01 02:44:01
지역선도기업,경남형 청년친화기업,㈜애드테크,제조업,자동차 및 트레일러 제조업,중소기업,75.0,경남 창원시 마산회원구,52,2026-08-01 02:44:01
지역선도기업,지역스타기업(울산),대명씨엔에스 주식회사,제조업,자동차 및 트레일러 제조업,중소기업,40.0,울산 울주군,31,2026-08-01 02:44:01
지역선도기업,고용친화대표기업(대구),경창정공㈜,제조업,자동차 및 트레일러 제조업,중견기업,91.0,대구 달성군,19,2026-08-01 02:44:01
지역선도기업,일자리창출 우수기업(경북),㈜태현,제조업,자동차 및 트레일러 제조업,중소기업,40.0,경북 칠곡군,14,2026-08-01 02:44:01
지역선도기업,일자리창출 우수기업(경북),케이에스씨㈜,제조업,자동차 및 트레일러 제조업,중소기업,32.0,경북 칠곡군,10,2026-08-01 02:44:01
지역선도기업,비전기업(인천),㈜한국기계,제조업,자동차 및 트레일러 제조업,,,인천 남동구,0,2026-08-01 02:44:01
지역선도기업,경남형 청년친화기업,㈜엠지아이티,제조업,기타 운송장비 제조업,중소기업,14.0,경남 김해시,104,2026-08-01 02:44:01
지역선도기업,유망중소기업(경기),(주)모토벨로,제조업,기타 운송장비 제조업,중소기업,25.0,경기 화성시,1,2026-08-01 02:44:01
지역선도기업,선도기업(부산),지오소나㈜,제조업,기타 운송장비 제조업,,,부산 강서구,0,2026-08-01 02:44:01
지역선도기업,유망중소기업(경기),주식회사 경원,제조업,가구 제조업,중소기업,50.0,경기 남양주시,14,2026-08-01 02:44:01
지역선도기업,2021년 매출의탑,(주)휴랩,제조업,가구 제조업,중소기업,42.0,대전 유성구,0,2026-08-01 02:44:01
지역선도기업,유망중소기업(경기),㈜한국화이트산업,제조업,기타 제품 제조업,중소기업,33.0,경기 고양시 일산서구,57,2026-08-01 02:44:01
지역선도기업,유망중소기업(경기),(주)덴탈케어,제조업,기타 제품 제조업,중소기업,47.0,경기 화성시,34,2026-08-01 02:44:01
지역선도기업,백년기업,수한,제조업,기타 제품 제조업,중소기업,226.0,강원 횡성군,20,2026-08-01 02:44:01
지역선도기업,유망중소기업(경기),(주)미미월드,제조업,기타 제품 제조업,중소기업,70.0,경기 안양시 동안구,14,2026-08-01 02:44:01
지역선도기업,유망중소기업(대전),비비씨주식회사,제조업,기타 제품 제조업,중소기업,114.0,대전 대덕구,7,2026-08-01 02:44:01
지역선도기업,유망중소기업(경기),(주)케이디랩,제조업,기타 제품 제조업,중소기업,26.0,경기 안양시 동안구,1,2026-08-01 02:44:01
지역선도기업,유망중소기업(경기),주식회사디스피스,제조업,기타 제품 제조업,중소기업,25.0,경기 남양주시,0,2026-08-01 02:44:01
지역선도기업,유망중소기업(경기),(주)제이엠테크,"수도, 하수 및 폐기물 처리, 원료 재생업","폐기물 수집, 운반, 처리 및 원료 재생업",중소기업,17.0,경기 김포시,61,2026-08-01 02:44:01
지역선도기업,고용친화대표기업(대구),㈜태왕이앤씨,건설업,종합 건설업,중견기업,257.0,대구 중구,24,2026-08-01 02:44:01
지역선도기업,고용친화대표기업(대구),㈜동성중공업,건설업,전문직별 공사업,중견기업,63.0,대구 동구,25,2026-08-01 02:44:01
지역선도기업,일자리창출 우수기업(울산),㈜유성이엔지,건설업,전문직별 공사업,중소기업,88.0,울산 울주군,10,2026-08-01 02:44:01
지역선도기업,,㈜함소아제약,도매 및 소매업,도매 및 상품 중개업,중소기업,147.0,서울 강남구,78,2026-08-01 02:44:01
지역선도기업,선도기업(부산),남경스틸㈜,도매 및 소매업,도매 및 상품 중개업,중소기업,16.0,부산 사상구,58,2026-08-01 02:44:01
지역선도기업,고용우수기업(경남),신흥글로벌㈜,도매 및 소매업,도매 및 상품 중개업,중견기업,106.0,경남 창원시 성산구,54,2026-08-01 02:44:01
지역선도기업,좋은일터조성사업,한살림대전생활협동조합,도매 및 소매업,도매 및 상품 중개업,기타,,대전 동구,39,2026-08-01 02:44:01
지역선도기업,고용우수기업(경남),티엘에스 주식회사,도매 및 소매업,도매 및 상품 중개업,중소기업,43.0,경남 김해시,23,2026-08-01 02:44:01
지역선도기업,일자리창출 우수기업(경북),영우스틸 주식회사,도매 및 소매업,도매 및 상품 중개업,중소기업,24.0,경기 군포시,15,2026-08-01 02:44:01
지역선도기업,,주식회사 소닉스비오엠,도매 및 소매업,도매 및 상품 중개업,중소기업,,충남 천안시 서북구,12,2026-08-01 02:44:01
지역선도기업,고용친화대표기업(대구),크레텍웰딩㈜,도매 및 소매업,도매 및 상품 중개업,중견기업,202.0,대구 서구,10,2026-08-01 02:44:01
지역선도기업,유망중소기업(강원),주식회사 푸드원,도매 및 소매업,도매 및 상품 중개업,중소기업,10.0,강원 춘천시,10,2026-08-01 02:44:01
지역선도기업,유망중소기업(경기),아그니코리아(주),도매 및 소매업,도매 및 상품 중개업,중소기업,54.0,경기 김포시,4,2026-08-01 02:44:01
지역선도기업,유망중소기업(경기),주식회사 가온리빙,도매 및 소매업,도매 및 상품 중개업,중소기업,22.0,경기 남양주시,3,2026-08-01 02:44:01
지역선도기업,유망중소기업(경기),주식회사 에프씨인터내셔널,도매 및 소매업,도매 및 상품 중개업,,,경기 광주시,0,2026-08-01 02:44:01
지역선도기업,고용친화대표기업(대구),한국도키멕㈜,도매 및 소매업,도매 및 상품 중개업,,101.0,대구 달성군,0,2026-08-01 02:44:01
지역선도기업,유망중소기업(경기),주식회사 맛사랑,도매 및 소매업,소매업; 자동차 제외,,,경기 양주시,0,2026-08-01 02:44:01
지역선도기업,백년기업,강원여객자동차㈜,운수 및 창고업,육상운송 및 파이프라인 운송업,대기업,307.0,강원 강릉시,69,2026-08-01 02:44:01
지역선도기업,선도기업(부산),은산해운항공㈜,운수 및 창고업,창고 및 운송관련 서비스업,중견기업,196.0,부산 중구,23,2026-08-01 02:44:01
지역선도기업,선도기업(부산),그로발스타로지스틱스㈜,운수 및 창고업,창고 및 운송관련 서비스업,중소기업,60.0,부산 서구,18,2026-08-01 02:44:01
지역선도기업,선도기업(부산),은산컨테이너터미널㈜,운수 및 창고업,창고 및 운송관련 서비스업,중소기업,81.0,부산 강서구,13,2026-08-01 02:44:01
지역선도기업,선도기업(부산),그로발스타해운㈜,운수 및 창고업,창고 및 운송관련 서비스업,중소기업,27.0,부산 서구,5,2026-08-01 02:44:01
지역선도기업,좋은일터조성사업,㈜호텔아이시시,숙박 및 음식점업,숙박업,중소기업,69.0,대전 유성구,12,2026-08-01 02:44:01
지역선도기업,유망중소기업(경기),(주)아이브릭스,정보통신업,출판업,중소기업,80.0,경기 성남시 분당구,18,2026-08-01 02:44:01
지역선도기업,유망중소기업(강원),(주)아이비스퀘어,정보통신업,출판업,중소기업,8.0,강원 춘천시,12,2026-08-01 02:44:01
지역선도기업,유망중소기업(경기),(주)게임덱스,정보통신업,출판업,중소기업,230.0,경기 성남시 분당구,4,2026-08-01 02:44:01
지역선도기업,유망중소기업(강원),주식회사 이앤지테크,정보통신업,출판업,중소기업,11.0,강원 춘천시,3,2026-08-01 02:44:01
지역선도기업,유망중소기업(대전),㈜한국플랫폼서비스기술,정보통신업,출판업,중소기업,39.0,대전 서구,2,2026-08-01 02:44:01
지역선도기업,고용친화대표기업(대구),㈜DGB데이터시스템,정보통신업,"컴퓨터 프로그래밍, 시스템 통합 및 관리업",중견기업,170.0,대구 동구,17,2026-08-01 02:44:01
지역선도기업,선도기업(부산),주식회사유림인포텍,정보통신업,"컴퓨터 프로그래밍, 시스템 통합 및 관리업",중소기업,24.0,부산 해운대구,6,2026-08-01 02:44:01
지역선도기업,선도기업(부산),㈜비전테크,정보통신업,"컴퓨터 프로그래밍, 시스템 통합 및 관리업",중소기업,14.0,부산 해운대구,3,2026-08-01 02:44:01
지역선도기업,유망중소기업(대전),주식회사 인포비정보기술,정보통신업,"컴퓨터 프로그래밍, 시스템 통합 및 관리업",중소기업,17.0,대전 서구,3,2026-08-01 02:44:01
지역선도기업,유망중소기업(경기),(주)텐박스,정보통신업,정보서비스업,중소기업,15.0,경기 성남시 중원구,5,2026-08-01 02:44:01
지역선도기업,선도기업(부산),주식회사루덴스,"사업시설 관리, 사업 지원 및 임대 서비스업",사업지원 서비스업,,,부산 해운대구,0,2026-08-01 02:44:01
사회적가치,사회적기업,(주)도시농사꾼농업회사법인,"농업, 임업 및 어업",농업,중소기업,5.0,부산 남구,43,2026-08-01 02:44:01
사회적가치,사회적기업,사회적기업 청보 농업회사법인(주),"농업, 임업 및 어업",농업,중소기업,5.0,경기 광주시,28,2026-08-01 02:44:01
사회적가치,사회적기업,해피팜 협동조합,"농업, 임업 및 어업",농업,기타,13.0,서울 강서구,10,2026-08-01 02:44:01
사회적가치,사회적기업,농업회사법인 하늘땅 주식회사,"농업, 임업 및 어업",농업,중소기업,20.0,충남 논산시,8,2026-08-01 02:44:01
사회적가치,사회적기업,㈜ 농업회사법인 신농부,"농업, 임업 및 어업",농업,중소기업,14.0,,4,2026-08-01 02:44:01
사회적가치,사회적기업,농업회사법인 유한회사 나도람,"농업, 임업 및 어업",농업,중소기업,,,4,2026-08-01 02:44:01
사회적가치,사회적기업,뜨락 영농조합법인,"농업, 임업 및 어업",농업,중소기업,,경남 김해시,0,2026-08-01 02:44:01
사회적가치,사회적기업,사단법인 한국산지환경연구회,"농업, 임업 및 어업",임업,기타,10.0,경기 남양주시,21,2026-08-01 02:44:01
사회적가치,안전보건경영시스템 인증기업,(주)호남샤니,제조업,식료품 제조업,중견기업,358.0,,258,2026-08-01 02:44:01
사회적가치,사회적기업,주식회사 마띠아,제조업,식료품 제조업,중소기업,21.0,인천 남동구,66,2026-08-01 02:44:01
사회적가치,사회적기업,사회복지법인 평화의마을,제조업,식료품 제조업,기타,40.0,제주 서귀포시,62,2026-08-01 02:44:01
사회적가치,사회적기업,영농조합법인 두메산골,제조업,식료품 제조업,기타,31.0,전북 전주시 완산구,49,2026-08-01 02:44:01
사회적가치,안전보건경영시스템 인증기업,(주)팜덕정읍지점）,제조업,식료품 제조업,중견기업,205.0,전북 남원시,44,2026-08-01 02:44:01
사회적가치,사회적기업,㈜아로마빌커피,제조업,식료품 제조업,중소기업,12.0,경기 화성시,43,2026-08-01 02:44:01
사회적가치,안전보건경영시스템 인증기업,(주)피피이씨춘천,제조업,식료품 제조업,중견기업,64.0,강원 춘천시,36,2026-08-01 02:44:01
사회적가치,사회적기업,농업회사법인 순천만누룽지주식회사,제조업,식료품 제조업,중소기업,20.0,,35,2026-08-01 02:44:01
사회적가치,사회적기업,주식회사 경주제과,제조업,식료품 제조업,중소기업,9.0,경북 경주시,34,2026-08-01 02:44:01
사회적가치,사회적기업,케이지랩 주식회사,제조업,식료품 제조업,중소기업,53.0,경기 양평군,34,2026-08-01 02:44:01
사회적가치,사회적기업,㈜핀컴퍼니,제조업,식료품 제조업,중소기업,,전북 익산시,33,2026-08-01 02:44:01
사회적가치,사회적기업,농업회사법인유한회사 메밀꽃피는 항아리,제조업,식료품 제조업,중소기업,14.0,전북 남원시,30,2026-08-01 02:44:01
사회적가치,사회적기업,㈜ 아라움,제조업,식료품 제조업,중소기업,20.0,,30,2026-08-01 02:44:01
사회적가치,사회적기업,태웅식품 주식회사,제조업,식료품 제조업,중소기업,46.0,충북 음성군,30,2026-08-01 02:44:01
사회적가치,사회적기업,주식회사 에코맘의산골이유식 농업회사법인,제조업,식료품 제조업,중소기업,30.0,경남 하동군,27,2026-08-01 02:44:01
사회적가치,안전보건경영시스템 인증기업,농업회사법인주식회사다솔,제조업,식료품 제조업,중견기업,276.0,,24,2026-08-01 02:44:01
사회적가치,사회적기업,유한회사 엘리트푸드,제조업,식료품 제조업,중소기업,,전북 김제시,23,2026-08-01 02:44:01
사회적가치,안전보건경영시스템 인증기업,(주)푸드웰,제조업,식료품 제조업,중견기업,188.0,대구 달서구,20,2026-08-01 02:44:01
사회적가치,사회적기업,주식회사 토리식품,제조업,식료품 제조업,중소기업,25.0,경북 상주시,16,2026-08-01 02:44:01
사회적가치,사회적기업,농업회사법인 주식회사 내츄럴엔,제조업,식료품 제조업,중소기업,,경북 영천시,16,2026-08-01 02:44:01
사회적가치,사회적기업,㈜처가식품,제조업,식료품 제조업,중소기업,15.0,경기 고양시 일산동구,15,2026-08-01 02:44:01
사회적가치,사회적기업,㈜행복도시락(행복담은네모),제조업,식료품 제조업,중소기업,15.0,충북 청주시 서원구,14,2026-08-01 02:44:01
사회적가치,사회적기업,하효살롱협동조합,제조업,식료품 제조업,중소기업,,제주 서귀포시,13,2026-08-01 02:44:01
사회적가치,사회적기업,코리아식품 주식회사,제조업,식료품 제조업,중소기업,20.0,경기 군포시,12,2026-08-01 02:44:01
사회적가치,사회적기업,주식회사 교아당,제조업,식료품 제조업,중소기업,,경기 용인시 기흥구,9,2026-08-01 02:44:01
사회적가치,사회적기업,㈜ 청림밀푸드,제조업,식료품 제조업,중소기업,11.0,인천 부평구,8,2026-08-01 02:44:01
사회적가치,사회적기업,농업회사법인 한백냉장식품 주식회사,제조업,식료품 제조업,중소기업,16.0,경기 안산시 단원구,7,2026-08-01 02:44:01
사회적가치,사회적기업,주식회사 인잇,제조업,식료품 제조업,중소기업,,경북 영주시,7,2026-08-01 02:44:01
사회적가치,안전보건경영시스템 인증기업,주식회사성원휴먼스,제조업,식료품 제조업,중소기업,67.0,경기 이천시,7,2026-08-01 02:44:01
사회적가치,사회적기업,㈜행복도시락성남점,제조업,식료품 제조업,중소기업,,경기 성남시 분당구,6,2026-08-01 02:44:01
사회적가치,사회적기업,농업회사법인 주식회사 상하식품,제조업,식료품 제조업,중소기업,27.0,경북 문경시,5,2026-08-01 02:44:01
사회적가치,사회적기업,농업회사법인 주식회사 콩세알,제조업,식료품 제조업,중소기업,22.0,인천 강화군,5,2026-08-01 02:44:01
사회적가치,사회적기업,홍천한우사랑말유통영농조합법인,제조업,식료품 제조업,중소기업,10.0,강원 홍천군,5,2026-08-01 02:44:01
사회적가치,사회적기업,주식회사 마을도시락,제조업,식료품 제조업,중소기업,,경기 안성시,4,2026-08-01 02:44:01
사회적가치,사회적기업,농업회사법인(주)올빛,제조업,식료품 제조업,중소기업,6.0,경남 거창군,3,2026-08-01 02:44:01
사회적가치,사회적기업,옥과 맛있는김치 영농조합법인,제조업,식료품 제조업,중소기업,,,1,2026-08-01 02:44:01
사회적가치,사회적기업,주식회사 공드린에프엔비,제조업,식료품 제조업,중소기업,30.0,,0,2026-08-01 02:44:01
사회적가치,사회적기업,㈜오모가리에프앤비,제조업,식료품 제조업,중소기업,19.0,,0,2026-08-01 02:44:01
사회적가치,안전보건경영시스템 인증기업,(주)창해에탄올,제조업,음료 제조업,중견기업,61.0,전북 전주시 덕진구,39,2026-08-01 02:44:01
사회적가치,안전보건경영시스템 인증기업,서영주정(주),제조업,음료 제조업,,51.0,전북 군산시,0,2026-08-01 02:44:01
사회적가치,안전보건경영시스템 인증기업,(주)씨앤투스성진,제조업,섬유제품 제조업; 의복제외,중소기업,130.0,부산 강서구,22,2026-08-01 02:44:01
사회적가치,사회적기업,(주)조은플러스,제조업,섬유제품 제조업; 의복제외,중소기업,106.0,경기 김포시,17,2026-08-01 02:44:01
사회적가치,사회적기업,주식회사 데이그린,제조업,섬유제품 제조업; 의복제외,중소기업,,대구 중구,9,2026-08-01 02:44:01
사회적가치,사회적기업,주식회사 경동홀딩스,제조업,섬유제품 제조업; 의복제외,중소기업,9.0,,6,2026-08-01 02:44:01
사회적가치,사회적기업,㈜유니월드,제조업,섬유제품 제조업; 의복제외,중소기업,40.0,대구 동구,3,2026-08-01 02:44:01
사회적가치,사회적기업,송죽글러브 (주),제조업,섬유제품 제조업; 의복제외,중소기업,36.0,경북 성주군,1,2026-08-01 02:44:01
사회적가치,사회적기업,㈜애플하우스,제조업,섬유제품 제조업; 의복제외,중소기업,,경기 부천시,1,2026-08-01 02:44:01
사회적가치,사회적기업,에스제이씨코리아 주식회사,제조업,섬유제품 제조업; 의복제외,중소기업,17.0,세종,0,2026-08-01 02:44:01
사회적가치,사회적기업,주식회사 승진어패럴,제조업,"의복, 의복 액세서리 및 모피제품 제조업",중소기업,9.0,,15,2026-08-01 02:44:01
사회적가치,사회적기업,㈜엔젤싹스,제조업,"의복, 의복 액세서리 및 모피제품 제조업",중소기업,33.0,경기 광주시,14,2026-08-01 02:44:01
사회적가치,사회적기업,주식회사 하이디,제조업,"의복, 의복 액세서리 및 모피제품 제조업",중소기업,3.0,경기 파주시,11,2026-08-01 02:44:01
사회적가치,사회적기업,사단법인 나눔과 자람,제조업,"의복, 의복 액세서리 및 모피제품 제조업",기타,16.0,강원 홍천군,2,2026-08-01 02:44:01
사회적가치,사회적기업,유한회사 이화,제조업,"의복, 의복 액세서리 및 모피제품 제조업",중소기업,10.0,,1,2026-08-01 02:44:01
사회적가치,사회적기업,목화송이협동조합,제조업,"가죽, 가방 및 신발 제조업",중소기업,9.0,서울 도봉구,24,2026-08-01 02:44:01
사회적가치,사회적기업,주식회사 아트임팩트,제조업,"가죽, 가방 및 신발 제조업",중소기업,19.0,서울 성동구,1,2026-08-01 02:44:01
사회적가치,안전보건경영시스템 인증기업,(주)한솔홈데코익산공장,제조업,목재 및 나무제품 제조업; 가구 제외,중견기업,327.0,서울 동작구,123,2026-08-01 02:44:01
사회적가치,안전보건경영시스템 인증기업,(주)선앤엘,제조업,목재 및 나무제품 제조업; 가구 제외,중견기업,250.0,,29,2026-08-01 02:44:01
사회적가치,안전보건경영시스템 인증기업,유진판지(주),제조업,"펄프, 종이 및 종이제품 제조업",중견기업,145.0,경기 시흥시,156,2026-08-01 02:44:01
사회적가치,안전보건경영시스템 인증기업,(주)고려제지,제조업,"펄프, 종이 및 종이제품 제조업",중견기업,302.0,경기 시흥시,80,2026-08-01 02:44:01
사회적가치,안전보건경영시스템 인증기업,경산제지㈜,제조업,"펄프, 종이 및 종이제품 제조업",중견기업,130.0,대구 달성군,44,2026-08-01 02:44:01
사회적가치,안전보건경영시스템 인증기업,태림페이퍼(주),제조업,"펄프, 종이 및 종이제품 제조업",중견기업,418.0,경기 안산시 단원구,43,2026-08-01 02:44:01
사회적가치,안전보건경영시스템 인증기업,제일산업(주),제조업,"펄프, 종이 및 종이제품 제조업",중견기업,545.0,경기 화성시,34,2026-08-01 02:44:01
사회적가치,안전보건경영시스템 인증기업,(주)모젤디앤에스,제조업,"펄프, 종이 및 종이제품 제조업",중소기업,78.0,충북 진천군,31,2026-08-01 02:44:01
사회적가치,안전보건경영시스템 인증기업,(주)전주페이퍼,제조업,"펄프, 종이 및 종이제품 제조업",중견기업,453.0,전북 전주시 덕진구,29,2026-08-01 02:44:01
사회적가치,안전보건경영시스템 인증기업,히트산업주식회사,제조업,"펄프, 종이 및 종이제품 제조업",중소기업,25.0,경북 김천시,26,2026-08-01 02:44:01
사회적가치,사회적기업,주식회사 좋은아침,제조업,"펄프, 종이 및 종이제품 제조업",중소기업,18.0,경남 함안군,25,2026-08-01 02:44:01
사회적가치,사회적기업,㈜우리성원,제조업,"펄프, 종이 및 종이제품 제조업",중소기업,21.0,서울 마포구,18,2026-08-01 02:44:01
사회적가치,사회적기업,라프인더스트리 주식회사,제조업,"펄프, 종이 및 종이제품 제조업",중소기업,15.0,경기 양주시,12,2026-08-01 02:44:01
사회적가치,안전보건경영시스템 인증기업,태림판지(주),제조업,"펄프, 종이 및 종이제품 제조업",중견기업,66.0,경기 평택시,11,2026-08-01 02:44:01
사회적가치,사회적기업,㈜제일산업,제조업,"펄프, 종이 및 종이제품 제조업",중소기업,36.0,경북 칠곡군,11,2026-08-01 02:44:01
사회적가치,안전보건경영시스템 인증기업,대한제지(주),제조업,"펄프, 종이 및 종이제품 제조업",중견기업,217.0,충북 청주시 흥덕구,6,2026-08-01 02:44:01
사회적가치,사회적기업,사단법인 한마음장애인복지회,제조업,"펄프, 종이 및 종이제품 제조업",기타,11.0,충남 천안시 동남구,2,2026-08-01 02:44:01
사회적가치,안전보건경영시스템 인증기업,태림페이퍼(주)의령공장,제조업,"펄프, 종이 및 종이제품 제조업",,418.0,경남 의령군,0,2026-08-01 02:44:01
사회적가치,안전보건경영시스템 인증기업,제일산업(주)안성공장,제조업,"펄프, 종이 및 종이제품 제조업",,545.0,경기 안성시,0,2026-08-01 02:44:01
사회적가치,안전보건경영시스템 인증기업,아세아제지㈜세종공장,제조업,"펄프, 종이 및 종이제품 제조업",,270.0,세종,0,2026-08-01 02:44:01
사회적가치,사회적기업,(사)늘푸름 늘푸름보호작업장,제조업,"펄프, 종이 및 종이제품 제조업",,2.0,서울 구로구,0,2026-08-01 02:44:01
사회적가치,사회적기업,(사)늘푸름늘 푸른직업재활원,제조업,"펄프, 종이 및 종이제품 제조업",,2.0,경기 고양시 덕양구,0,2026-08-01 02:44:01
사회적가치,안전보건경영시스템 인증기업,아세아제지(주)시화공장,제조업,"펄프, 종이 및 종이제품 제조업",,270.0,경기 시흥시,0,2026-08-01 02:44:01
사회적가치,안전보건경영시스템 인증기업,제일산업(주)광주공장,제조업,"펄프, 종이 및 종이제품 제조업",,545.0,,0,2026-08-01 02:44:01
사회적가치,사회적기업,주식회사 착한사람들,제조업,인쇄 및 기록매체 복제업,중소기업,,경기 용인시 기흥구,31,2026-08-01 02:44:01
사회적가치,사회적기업,(주)프리비,제조업,인쇄 및 기록매체 복제업,중소기업,,,4,2026-08-01 02:44:01
사회적가치,사회적기업,사단법인 한국장애인상생복지회,제조업,인쇄 및 기록매체 복제업,기타,21.0,서울 금천구,4,2026-08-01 02:44:01
사회적가치,사회적기업,주식회사 위즈,제조업,인쇄 및 기록매체 복제업,중소기업,22.0,경북 안동시,3,2026-08-01 02:44:01
사회적가치,사회적기업,주식회사 복사꽃사람들,제조업,인쇄 및 기록매체 복제업,중소기업,10.0,대전 동구,1,2026-08-01 02:44:01
사회적가치,사회적기업,㈜우연시스템,제조업,인쇄 및 기록매체 복제업,,,,0,2026-08-01 02:44:01
사회적가치,안전보건경영시스템 인증기업,(주)효석,제조업,화학물질 및 화학제품 제조업; 의약품 제외,중소기업,70.0,,145,2026-08-01 02:44:01
사회적가치,안전보건경영시스템 인증기업,코스모신소재(주),제조업,화학물질 및 화학제품 제조업; 의약품 제외,중견기업,444.0,충북 충주시,109,2026-08-01 02:44:01
사회적가치,안전보건경영시스템 인증기업,한농화성(주),제조업,화학물질 및 화학제품 제조업; 의약품 제외,중견기업,181.0,전북 군산시,83,2026-08-01 02:44:01
사회적가치,안전보건경영시스템 인증기업,(주)동성화인텍,제조업,화학물질 및 화학제품 제조업; 의약품 제외,중견기업,621.0,경기 안성시,52,2026-08-01 02:44:01
사회적가치,안전보건경영시스템 인증기업,삼전순약공업(주),제조업,화학물질 및 화학제품 제조업; 의약품 제외,중소기업,226.0,경기 평택시,44,2026-08-01 02:44:01
사회적가치,안전보건경영시스템 인증기업,스톨베르그&삼일(주),제조업,화학물질 및 화학제품 제조업; 의약품 제외,중소기업,60.0,경북 포항시 남구,36,2026-08-01 02:44:01
사회적가치,안전보건경영시스템 인증기업,(주)이엠테크,제조업,화학물질 및 화학제품 제조업; 의약품 제외,중소기업,65.0,충남 서산시,35,2026-08-01 02:44:01
사회적가치,안전보건경영시스템 인증기업,(주)새빗켐,제조업,화학물질 및 화학제품 제조업; 의약품 제외,중소기업,128.0,경북 김천시,34,2026-08-01 02:44:01
사회적가치,안전보건경영시스템 인증기업,(주)천보,제조업,화학물질 및 화학제품 제조업; 의약품 제외,중견기업,135.0,충북 충주시,34,2026-08-01 02:44:01
사회적가치,사회적기업,㈜늘빛,제조업,화학물질 및 화학제품 제조업; 의약품 제외,중소기업,17.0,경기 양주시,27,2026-08-01 02:44:01
사회적가치,여가친화기업,롯데이네오스화학,제조업,화학물질 및 화학제품 제조업; 의약품 제외,대기업,226.0,울산 울주군,22,2026-08-01 02:44:01
사회적가치,안전보건경영시스템 인증기업,삼양이노켐주식회사,제조업,화학물질 및 화학제품 제조업; 의약품 제외,중견기업,74.0,전북 군산시,20,2026-08-01 02:44:01
사회적가치,안전보건경영시스템 인증기업,(주)덕양에너젠,제조업,화학물질 및 화학제품 제조업; 의약품 제외,중소기업,56.0,,18,2026-08-01 02:44:01
사회적가치,사회적기업,제너럴바이오주식회사,제조업,화학물질 및 화학제품 제조업; 의약품 제외,중소기업,61.0,전북 완주군,17,2026-08-01 02:44:01
사회적가치,사회적기업,㈜동구밭,제조업,화학물질 및 화학제품 제조업; 의약품 제외,중소기업,130.0,경기 하남시,13,2026-08-01 02:44:01
사회적가치,사회적기업,㈜엔티코리아,제조업,화학물질 및 화학제품 제조업; 의약품 제외,중소기업,26.0,경남 산청군,12,2026-08-01 02:44:01
사회적가치,안전보건경영시스템 인증기업,썬프로로시스템코리아주식회사,제조업,화학물질 및 화학제품 제조업; 의약품 제외,중소기업,39.0,충남 천안시 동남구,12,2026-08-01 02:44:01
사회적가치,안전보건경영시스템 인증기업,삼영잉크페인트제조(주),제조업,화학물질 및 화학제품 제조업; 의약품 제외,중견기업,178.0,경기 평택시,12,2026-08-01 02:44:01
사회적가치,사회적기업,(주)고려진공안전,제조업,화학물질 및 화학제품 제조업; 의약품 제외,중소기업,14.0,경기 양주시,10,2026-08-01 02:44:01
사회적가치,안전보건경영시스템 인증기업,(주)프라임텍인터내쇼날당진,제조업,화학물질 및 화학제품 제조업; 의약품 제외,중소기업,48.0,서울 송파구,5,2026-08-01 02:44:01
사회적가치,사회적기업,주식회사 동행,제조업,화학물질 및 화학제품 제조업; 의약품 제외,중소기업,,서울 강북구,5,2026-08-01 02:44:01
사회적가치,안전보건경영시스템 인증기업,하이테크닉주식회사,제조업,화학물질 및 화학제품 제조업; 의약품 제외,중소기업,11.0,경북 포항시 남구,4,2026-08-01 02:44:01
사회적가치,여가친화기업,헨켈코리아,제조업,화학물질 및 화학제품 제조업; 의약품 제외,중견기업,523.0,충남 천안시 동남구,4,2026-08-01 02:44:01
사회적가치,안전보건경영시스템 인증기업,애경특수도료(주),제조업,화학물질 및 화학제품 제조업; 의약품 제외,중견기업,180.0,경기 시흥시,3,2026-08-01 02:44:01
사회적가치,안전보건경영시스템 인증기업,(주)서울아이씨,제조업,화학물질 및 화학제품 제조업; 의약품 제외,중소기업,44.0,충북 음성군,3,2026-08-01 02:44:01
사회적가치,사회적기업,㈜늘푸른자원,제조업,화학물질 및 화학제품 제조업; 의약품 제외,중소기업,16.0,경남 창원시 의창구,1,2026-08-01 02:44:01
사회적가치,사회적기업,㈜ 사나래,제조업,화학물질 및 화학제품 제조업; 의약품 제외,중소기업,16.0,경기 이천시,1,2026-08-01 02:44:01
사회적가치,사회적기업,㈜아이티그린,제조업,화학물질 및 화학제품 제조업; 의약품 제외,중소기업,15.0,경기 화성시,1,2026-08-01 02:44:01
사회적가치,안전보건경영시스템 인증기업,용산화학（주）울산공장,제조업,화학물질 및 화학제품 제조업; 의약품 제외,,156.0,울산 남구,0,2026-08-01 02:44:01
사회적가치,안전보건경영시스템 인증기업,강남화성(주)반월공장,제조업,화학물질 및 화학제품 제조업; 의약품 제외,,308.0,경기 안산시 단원구,0,2026-08-01 02:44:01
사회적가치,안전보건경영시스템 인증기업,삼양화성(주)전주공장,제조업,화학물질 및 화학제품 제조업; 의약품 제외,,104.0,전북 전주시 덕진구,0,2026-08-01 02:44:01
사회적가치,안전보건경영시스템 인증기업,현대약품(주),제조업,의료용 물질 및 의약품 제조업,중견기업,400.0,서울 강남구,18,2026-08-01 02:44:01
사회적가치,안전보건경영시스템 인증기업,한미정밀화학(주),제조업,의료용 물질 및 의약품 제조업,중견기업,261.0,경기 시흥시,17,2026-08-01 02:44:01
사회적가치,안전보건경영시스템 인증기업,(주)제네웰화성지사,제조업,의료용 물질 및 의약품 제조업,,161.0,경기 화성시,0,2026-08-01 02:44:01
사회적가치,안전보건경영시스템 인증기업,주식회사 코리아컴포지트,제조업,고무 및 플라스틱제품 제조업,중소기업,325.0,경남 김해시,86,2026-08-01 02:44:01
사회적가치,안전보건경영시스템 인증기업,(주)삼오텍,제조업,고무 및 플라스틱제품 제조업,중소기업,48.0,,61,2026-08-01 02:44:01
사회적가치,사회적기업,주식회사 이온폴리스(IONPOLIS CO. LTD.),제조업,고무 및 플라스틱제품 제조업,중소기업,19.0,,46,2026-08-01 02:44:01
사회적가치,사회적기업,주식회사 명서윈시스,제조업,고무 및 플라스틱제품 제조업,중소기업,12.0,경기 이천시,41,2026-08-01 02:44:01
사회적가치,안전보건경영시스템 인증기업,(주)상아프론테크1공장,제조업,고무 및 플라스틱제품 제조업,중견기업,554.0,인천 남동구,28,2026-08-01 02:44:01
사회적가치,사회적기업,㈜ 금성케이엔티,제조업,고무 및 플라스틱제품 제조업,중소기업,43.0,경기 광주시,22,2026-08-01 02:44:01
사회적가치,안전보건경영시스템 인증기업,동진기업㈜,제조업,고무 및 플라스틱제품 제조업,중소기업,112.0,경기 안성시,20,2026-08-01 02:44:01
사회적가치,안전보건경영시스템 인증기업,오성첨단소재㈜,제조업,고무 및 플라스틱제품 제조업,중견기업,169.0,전북 익산시,16,2026-08-01 02:44:01
사회적가치,안전보건경영시스템 인증기업,경림산업(주),제조업,고무 및 플라스틱제품 제조업,중소기업,27.0,제주 제주시,16,2026-08-01 02:44:01
사회적가치,안전보건경영시스템 인증기업,아일수지공업(주),제조업,고무 및 플라스틱제품 제조업,중소기업,79.0,충남 아산시,13,2026-08-01 02:44:01
사회적가치,안전보건경영시스템 인증기업,무등스크린주식회사,제조업,고무 및 플라스틱제품 제조업,중소기업,46.0,,9,2026-08-01 02:44:01
사회적가치,사회적기업,그린가드 주식회사,제조업,고무 및 플라스틱제품 제조업,중소기업,41.0,경기 안성시,8,2026-08-01 02:44:01
사회적가치,안전보건경영시스템 인증기업,(주)성안세이브,제조업,고무 및 플라스틱제품 제조업,중소기업,50.0,부산 부산진구,6,2026-08-01 02:44:01
사회적가치,안전보건경영시스템 인증기업,(주)중앙플랜트,제조업,고무 및 플라스틱제품 제조업,중소기업,38.0,충북 음성군,6,2026-08-01 02:44:01
사회적가치,사회적기업,(주)세상에없는세상,제조업,고무 및 플라스틱제품 제조업,중소기업,20.0,서울 영등포구,3,2026-08-01 02:44:01
사회적가치,안전보건경영시스템 인증기업,KC글라스(주),제조업,비금속 광물제품 제조업,중소기업,119.0,충남 천안시 서북구,166,2026-08-01 02:44:01
사회적가치,안전보건경영시스템 인증기업,(주)티씨케이,제조업,비금속 광물제품 제조업,중견기업,478.0,경기 안성시,71,2026-08-01 02:44:01
사회적가치,안전보건경영시스템 인증기업,(주)케이알티,제조업,비금속 광물제품 제조업,중소기업,87.0,경북 포항시 남구,69,2026-08-01 02:44:01
사회적가치,안전보건경영시스템 인증기업,포우산업주식회사,제조업,비금속 광물제품 제조업,중소기업,128.0,경북 포항시 남구,48,2026-08-01 02:44:01
사회적가치,안전보건경영시스템 인증기업,한라시멘트주식회사,제조업,비금속 광물제품 제조업,중견기업,533.0,강원 강릉시,44,2026-08-01 02:44:01
사회적가치,안전보건경영시스템 인증기업,(주)아이알텍,제조업,비금속 광물제품 제조업,중소기업,,경북 포항시 남구,25,2026-08-01 02:44:01
사회적가치,안전보건경영시스템 인증기업,(주)무창,제조업,비금속 광물제품 제조업,중소기업,251.0,,22,2026-08-01 02:44:01
사회적가치,안전보건경영시스템 인증기업,한국알루미나㈜,제조업,비금속 광물제품 제조업,중견기업,29.0,,11,2026-08-01 02:44:01
사회적가치,사회적기업,㈜ 주안기업,제조업,비금속 광물제품 제조업,중소기업,14.0,경기 화성시,11,2026-08-01 02:44:01
사회적가치,안전보건경영시스템 인증기업,성신레미컨㈜,제조업,비금속 광물제품 제조업,중견기업,92.0,경기 구리시,7,2026-08-01 02:44:01
사회적가치,안전보건경영시스템 인증기업,세진산업개발(주),제조업,비금속 광물제품 제조업,중소기업,76.0,경기 광주시,4,2026-08-01 02:44:01
사회적가치,안전보건경영시스템 인증기업,한국기초소재(주),제조업,비금속 광물제품 제조업,중견기업,35.0,,4,2026-08-01 02:44:01
사회적가치,안전보건경영시스템 인증기업,(주)이노쎄라,제조업,비금속 광물제품 제조업,중소기업,17.0,경기 용인시 처인구,2,2026-08-01 02:44:01
사회적가치,안전보건경영시스템 인증기업,알엠테크주식회사,제조업,비금속 광물제품 제조업,,,,0,2026-08-01 02:44:01
사회적가치,안전보건경영시스템 인증기업,아세아시멘트(주)제천,제조업,비금속 광물제품 제조업,,495.0,충북 제천시,0,2026-08-01 02:44:01
사회적가치,안전보건경영시스템 인증기업,동서개발/포스코현장(주),제조업,비금속 광물제품 제조업,,,경북 포항시 남구,0,2026-08-01 02:44:01
사회적가치,안전보건경영시스템 인증기업,한일현대시멘트(주)삼곡공장,제조업,비금속 광물제품 제조업,,369.0,충북 단양군,0,2026-08-01 02:44:01
사회적가치,안전보건경영시스템 인증기업,(주)에스앤지,제조업,1차 금속 제조업,중소기업,176.0,경북 포항시 남구,133,2026-08-01 02:44:01
사회적가치,안전보건경영시스템 인증기업,대동금속(주),제조업,1차 금속 제조업,중견기업,130.0,대구 달성군,133,2026-08-01 02:44:01
사회적가치,안전보건경영시스템 인증기업,환영철강공업(주)당진공장,제조업,1차 금속 제조업,중견기업,251.0,충남 당진시,116,2026-08-01 02:44:01
사회적가치,안전보건경영시스템 인증기업,풍산특수금속주식회사,제조업,1차 금속 제조업,중견기업,154.0,인천 강화군,115,2026-08-01 02:44:01
사회적가치,안전보건경영시스템 인증기업,한국철강(주),제조업,1차 금속 제조업,중견기업,294.0,경남 창원시 성산구,87,2026-08-01 02:44:01
사회적가치,안전보건경영시스템 인증기업,(주)대진,제조업,1차 금속 제조업,중소기업,262.0,,81,2026-08-01 02:44:01
사회적가치,안전보건경영시스템 인증기업,동화기업(주),제조업,1차 금속 제조업,중소기업,317.0,경북 포항시 남구,73,2026-08-01 02:44:01
사회적가치,안전보건경영시스템 인증기업,신라철강(주),제조업,1차 금속 제조업,중견기업,132.0,대구 달서구,67,2026-08-01 02:44:01
사회적가치,안전보건경영시스템 인증기업,에스비씨(주),제조업,1차 금속 제조업,중견기업,84.0,전북 군산시,64,2026-08-01 02:44:01
사회적가치,안전보건경영시스템 인증기업,(주)광희,제조업,1차 금속 제조업,중소기업,244.0,,48,2026-08-01 02:44:01
사회적가치,안전보건경영시스템 인증기업,동일기업(주),제조업,1차 금속 제조업,중소기업,401.0,경북 포항시 남구,43,2026-08-01 02:44:01
사회적가치,안전보건경영시스템 인증기업,동주산업(주),제조업,1차 금속 제조업,중소기업,67.0,경북 포항시 남구,43,2026-08-01 02:44:01
사회적가치,안전보건경영시스템 인증기업,(주)유일,제조업,1차 금속 제조업,중소기업,257.0,경북 포항시 남구,42,2026-08-01 02:44:01
사회적가치,안전보건경영시스템 인증기업,(주)화인텍,제조업,1차 금속 제조업,중소기업,183.0,경북 포항시 남구,40,2026-08-01 02:44:01
사회적가치,안전보건경영시스템 인증기업,(주)피에스씨,제조업,1차 금속 제조업,중소기업,287.0,경북 포항시 남구,32,2026-08-01 02:44:01
사회적가치,안전보건경영시스템 인증기업,(주)풍산메탈서비스,제조업,1차 금속 제조업,중견기업,60.0,경기 평택시,31,2026-08-01 02:44:01
사회적가치,안전보건경영시스템 인증기업,(주)선우이엔지,제조업,1차 금속 제조업,중견기업,156.0,,24,2026-08-01 02:44:01
사회적가치,안전보건경영시스템 인증기업,(주)신진기업,제조업,1차 금속 제조업,중소기업,39.0,,23,2026-08-01 02:44:01
사회적가치,안전보건경영시스템 인증기업,대성기업(주),제조업,1차 금속 제조업,중소기업,163.0,경북 포항시 남구,21,2026-08-01 02:44:01
사회적가치,사회적기업,신우종합철강㈜,제조업,1차 금속 제조업,중소기업,26.0,전북 군산시,16,2026-08-01 02:44:01
사회적가치,사회적기업,㈜ 우광테크,제조업,1차 금속 제조업,중소기업,23.0,인천 남동구,2,2026-08-01 02:44:01
사회적가치,안전보건경영시스템 인증기업,동국산업(주),제조업,1차 금속 제조업,,412.0,경북 포항시 남구,0,2026-08-01 02:44:01
사회적가치,안전보건경영시스템 인증기업,신한기업(주),제조업,1차 금속 제조업,,,경남 창원시 성산구,0,2026-08-01 02:44:01
사회적가치,안전보건경영시스템 인증기업,동국산업(주)시흥공장,제조업,1차 금속 제조업,,412.0,경기 시흥시,0,2026-08-01 02:44:01
사회적가치,사회적기업,대왕철강 (주),제조업,1차 금속 제조업,중소기업,9.0,경남 하동군,0,2026-08-01 02:44:01
사회적가치,안전보건경영시스템 인증기업,광양2연주노재정비협력작업,제조업,1차 금속 제조업,,,,0,2026-08-01 02:44:01
사회적가치,안전보건경영시스템 인증기업,(주)광양기업,제조업,금속가공제품 제조업; 기계 및 가구 제외,중소기업,655.0,,112,2026-08-01 02:44:01
사회적가치,사회적기업,주식회사 포스플레이트,제조업,금속가공제품 제조업; 기계 및 가구 제외,중소기업,152.0,,110,2026-08-01 02:44:01
사회적가치,안전보건경영시스템 인증기업,(주)풍산FNS,제조업,금속가공제품 제조업; 기계 및 가구 제외,중견기업,176.0,충남 논산시,87,2026-08-01 02:44:01
사회적가치,사회적기업,미경산업 ㈜,제조업,금속가공제품 제조업; 기계 및 가구 제외,중소기업,21.0,경기 김포시,52,2026-08-01 02:44:01
사회적가치,안전보건경영시스템 인증기업,주식회사엠텍,제조업,금속가공제품 제조업; 기계 및 가구 제외,중소기업,82.0,충남 당진시,29,2026-08-01 02:44:01
사회적가치,사회적기업,주식회사 통일안전기획,제조업,금속가공제품 제조업; 기계 및 가구 제외,중소기업,21.0,경기 파주시,16,2026-08-01 02:44:01
사회적가치,사회적기업,성방산업 ㈜,제조업,금속가공제품 제조업; 기계 및 가구 제외,중소기업,20.0,경북 영주시,13,2026-08-01 02:44:01
사회적가치,사회적기업,주식회사 기산,제조업,금속가공제품 제조업; 기계 및 가구 제외,중소기업,8.0,대구 북구,9,2026-08-01 02:44:01
사회적가치,안전보건경영시스템 인증기업,주식회사에이치알,제조업,금속가공제품 제조업; 기계 및 가구 제외,중소기업,37.0,울산 울주군,9,2026-08-01 02:44:01
사회적가치,안전보건경영시스템 인증기업,(유한)연성엔지니어링,제조업,금속가공제품 제조업; 기계 및 가구 제외,중소기업,36.0,전북 군산시,8,2026-08-01 02:44:01
사회적가치,안전보건경영시스템 인증기업,"(주)만서기업(POSCO전기강판,2냉연공장)",제조업,금속가공제품 제조업; 기계 및 가구 제외,중소기업,107.0,경북 포항시 남구,8,2026-08-01 02:44:01
사회적가치,안전보건경영시스템 인증기업,（주）원비두기술,제조업,금속가공제품 제조업; 기계 및 가구 제외,중소기업,37.0,경남 창원시 성산구,6,2026-08-01 02:44:01
사회적가치,안전보건경영시스템 인증기업,광양(주),제조업,금속가공제품 제조업; 기계 및 가구 제외,중소기업,31.0,,6,2026-08-01 02:44:01
사회적가치,사회적기업,주식회사 디에스클린,제조업,금속가공제품 제조업; 기계 및 가구 제외,중소기업,,경기 안산시 상록구,4,2026-08-01 02:44:01
사회적가치,사회적기업,주식회사 진안,제조업,금속가공제품 제조업; 기계 및 가구 제외,중소기업,10.0,경북 경주시,4,2026-08-01 02:44:01
사회적가치,안전보건경영시스템 인증기업,대명,제조업,금속가공제품 제조업; 기계 및 가구 제외,중소기업,130.0,경북 포항시 남구,3,2026-08-01 02:44:01
사회적가치,사회적기업,두리씨엔에스 주식회사,제조업,금속가공제품 제조업; 기계 및 가구 제외,중소기업,16.0,경북 경주시,3,2026-08-01 02:44:01
사회적가치,안전보건경영시스템 인증기업,세일메카텍(주),제조업,금속가공제품 제조업; 기계 및 가구 제외,,,울산 울주군,0,2026-08-01 02:44:01
사회적가치,안전보건경영시스템 인증기업,(주)클레스트라하우저만,제조업,금속가공제품 제조업; 기계 및 가구 제외,,65.0,경북 구미시,0,2026-08-01 02:44:01
사회적가치,사회적기업,나눔애협동조합,제조업,금속가공제품 제조업; 기계 및 가구 제외,중소기업,4.0,강원 영월군,0,2026-08-01 02:44:01
사회적가치,사회적기업,㈜케이디텍,제조업,"전자부품, 컴퓨터, 영상, 음향 및 통신장비 제조업",중소기업,1347.0,서울 영등포구,113,2026-08-01 02:44:01
사회적가치,안전보건경영시스템 인증기업,에스피엠텍(주),제조업,"전자부품, 컴퓨터, 영상, 음향 및 통신장비 제조업",중소기업,1000.0,경기 용인시 기흥구,102,2026-08-01 02:44:01
사회적가치,안전보건경영시스템 인증기업,(주)인화이엔지/기흥공장,제조업,"전자부품, 컴퓨터, 영상, 음향 및 통신장비 제조업",중소기업,160.0,경기 수원시 영통구,94,2026-08-01 02:44:01
사회적가치,사회적기업,㈜에프엔제이,제조업,"전자부품, 컴퓨터, 영상, 음향 및 통신장비 제조업",중소기업,74.0,경기 시흥시,73,2026-08-01 02:44:01
사회적가치,사회적기업,주식회사 금하테크,제조업,"전자부품, 컴퓨터, 영상, 음향 및 통신장비 제조업",중소기업,13.0,,44,2026-08-01 02:44:01
사회적가치,안전보건경영시스템 인증기업,주식회사베스트피엠피,제조업,"전자부품, 컴퓨터, 영상, 음향 및 통신장비 제조업",중소기업,1100.0,경기 화성시,31,2026-08-01 02:44:01
사회적가치,사회적기업,주식회사 비알인포텍,제조업,"전자부품, 컴퓨터, 영상, 음향 및 통신장비 제조업",중소기업,50.0,인천 연수구,29,2026-08-01 02:44:01
사회적가치,사회적기업,주식회사 메가클라우드,제조업,"전자부품, 컴퓨터, 영상, 음향 및 통신장비 제조업",중소기업,13.0,경기 화성시,13,2026-08-01 02:44:01
사회적가치,사회적기업,㈜성주컴텍,제조업,"전자부품, 컴퓨터, 영상, 음향 및 통신장비 제조업",중소기업,27.0,서울 구로구,11,2026-08-01 02:44:01
사회적가치,사회적기업,㈜나우 (NAWOO),제조업,"전자부품, 컴퓨터, 영상, 음향 및 통신장비 제조업",중소기업,14.0,경북 안동시,9,2026-08-01 02:44:01
사회적가치,사회적기업,사단법인 나너우리,제조업,"전자부품, 컴퓨터, 영상, 음향 및 통신장비 제조업",기타,13.0,경기 의왕시,7,2026-08-01 02:44:01
사회적가치,사회적기업,주식회사 해피넷,제조업,"전자부품, 컴퓨터, 영상, 음향 및 통신장비 제조업",중소기업,31.0,제주 제주시,6,2026-08-01 02:44:01
사회적가치,사회적기업,(주) 위니온,제조업,"전자부품, 컴퓨터, 영상, 음향 및 통신장비 제조업",중소기업,20.0,충북 청주시 서원구,3,2026-08-01 02:44:01
사회적가치,안전보건경영시스템 인증기업,지엠아이티(주),제조업,"전자부품, 컴퓨터, 영상, 음향 및 통신장비 제조업",중소기업,26.0,경기 수원시 영통구,2,2026-08-01 02:44:01
사회적가치,사회적기업,주식회사 클린씨,제조업,"전자부품, 컴퓨터, 영상, 음향 및 통신장비 제조업",중소기업,,서울 송파구,1,2026-08-01 02:44:01
사회적가치,사회적기업,주식회사 다함,제조업,"전자부품, 컴퓨터, 영상, 음향 및 통신장비 제조업",중소기업,,경남 창원시 성산구,1,2026-08-01 02:44:01
사회적가치,사회적기업,지니스(주),제조업,"의료, 정밀, 광학기기 및 시계 제조업",중소기업,12.0,충남 당진시,15,2026-08-01 02:44:01
사회적가치,안전보건경영시스템 인증기업,한빛이디에스(주),제조업,"의료, 정밀, 광학기기 및 시계 제조업",중소기업,45.0,대전 유성구,5,2026-08-01 02:44:01
사회적가치,안전보건경영시스템 인증기업,(주)가야엔지니어링,제조업,"의료, 정밀, 광학기기 및 시계 제조업",,,충남 서산시,0,2026-08-01 02:44:01
사회적가치,안전보건경영시스템 인증기업,(주)이치,제조업,"의료, 정밀, 광학기기 및 시계 제조업",,,경기 화성시,0,2026-08-01 02:44:01
사회적가치,안전보건경영시스템 인증기업,하이젠모터(주),제조업,전기장비 제조업,중소기업,251.0,경남 창원시 성산구,131,2026-08-01 02:44:01
사회적가치,안전보건경영시스템 인증기업,아남중공업주식회사,제조업,전기장비 제조업,중소기업,93.0,경기 시흥시,59,2026-08-01 02:44:01
사회적가치,안전보건경영시스템 인증기업,(주)가스트론,제조업,전기장비 제조업,중소기업,290.0,경기 군포시,49,2026-08-01 02:44:01
사회적가치,안전보건경영시스템 인증기업,동성계전(주),제조업,전기장비 제조업,중소기업,48.0,경북 포항시 남구,47,2026-08-01 02:44:01
사회적가치,안전보건경영시스템 인증기업,포스낙㈜,제조업,전기장비 제조업,중소기업,37.0,,45,2026-08-01 02:44:01
사회적가치,안전보건경영시스템 인증기업,(주)KTE,제조업,전기장비 제조업,중소기업,290.0,부산 강서구,40,2026-08-01 02:44:01
사회적가치,사회적기업,㈜효성&플러스,제조업,전기장비 제조업,중소기업,10.0,경기 김포시,21,2026-08-01 02:44:01
사회적가치,안전보건경영시스템 인증기업,화신주방산업（주）,제조업,전기장비 제조업,중소기업,68.0,경기 광주시,20,2026-08-01 02:44:01
사회적가치,안전보건경영시스템 인증기업,(주)한국열연,제조업,전기장비 제조업,중견기업,26.0,경북 영천시,13,2026-08-01 02:44:01
사회적가치,사회적기업,주식회사 위드플러스,제조업,전기장비 제조업,중소기업,,경기 양주시,10,2026-08-01 02:44:01
사회적가치,안전보건경영시스템 인증기업,(주)현대콘트롤전기,제조업,전기장비 제조업,중소기업,19.0,,7,2026-08-01 02:44:01
사회적가치,사회적기업,(주) 피닉스,제조업,전기장비 제조업,중소기업,19.0,충북 진천군,7,2026-08-01 02:44:01
사회적가치,사회적기업,㈜ 신영엔지니어링,제조업,전기장비 제조업,중소기업,13.0,,6,2026-08-01 02:44:01
사회적가치,안전보건경영시스템 인증기업,주식회사에이피테크21,제조업,전기장비 제조업,중소기업,33.0,경기 안산시 단원구,6,2026-08-01 02:44:01
사회적가치,남녀고용평등우수기업,(주)알엠택,제조업,전기장비 제조업,중소기업,29.0,,2,2026-08-01 02:44:01
사회적가치,사회적기업,(주) 에이스엘이디,제조업,전기장비 제조업,중소기업,23.0,경기 용인시 처인구,2,2026-08-01 02:44:01
사회적가치,사회적기업,엘이디코람 주식회사,제조업,전기장비 제조업,중소기업,18.0,경기 파주시,1,2026-08-01 02:44:01
사회적가치,사회적기업,한양기전공업 주식회사,제조업,전기장비 제조업,중소기업,17.0,경기 포천시,1,2026-08-01 02:44:01
사회적가치,사회적기업,에코솔루션주식회사,제조업,전기장비 제조업,중소기업,,경기 하남시,0,2026-08-01 02:44:01
사회적가치,사회적기업,주식회사 삼오전자,제조업,전기장비 제조업,,,경기 파주시,0,2026-08-01 02:44:01
사회적가치,사회적기업,주식회사 에이치케이시스템,제조업,전기장비 제조업,중소기업,19.0,경기 남양주시,0,2026-08-01 02:44:01
사회적가치,사회적기업,주식회사 이오에스,제조업,전기장비 제조업,,,경기 부천시,0,2026-08-01 02:44:01
사회적가치,사회적기업,주식회사 유비텍정보기술,제조업,전기장비 제조업,,,경기 시흥시,0,2026-08-01 02:44:01
사회적가치,사회적기업,주식회사 이투인(ETOIN Co. Ltd),제조업,전기장비 제조업,중소기업,2.0,,0,2026-08-01 02:44:01
사회적가치,안전보건경영시스템 인증기업,(주)동후,제조업,기타 기계 및 장비 제조업,중소기업,411.0,,142,2026-08-01 02:44:01
사회적가치,안전보건경영시스템 인증기업,화일산기(주),제조업,기타 기계 및 장비 제조업,중소기업,236.0,경북 포항시 남구,109,2026-08-01 02:44:01
사회적가치,안전보건경영시스템 인증기업,영진아이엔디(주)-청주,제조업,기타 기계 및 장비 제조업,중소기업,233.0,경기 이천시,105,2026-08-01 02:44:01
사회적가치,안전보건경영시스템 인증기업,(주)포롤텍,제조업,기타 기계 및 장비 제조업,중소기업,205.0,경북 포항시 남구,73,2026-08-01 02:44:01
사회적가치,안전보건경영시스템 인증기업,성진세미텍(주),제조업,기타 기계 및 장비 제조업,중소기업,71.0,경기 시흥시,71,2026-08-01 02:44:01
사회적가치,안전보건경영시스템 인증기업,신일인텍(주),제조업,기타 기계 및 장비 제조업,중소기업,42.0,경북 포항시 남구,69,2026-08-01 02:44:01
사회적가치,안전보건경영시스템 인증기업,중앙이엠씨주식회사,제조업,기타 기계 및 장비 제조업,중소기업,55.0,,50,2026-08-01 02:44:01
사회적가치,안전보건경영시스템 인증기업,(주)에어릭스,제조업,기타 기계 및 장비 제조업,중견기업,379.0,경북 포항시 남구,45,2026-08-01 02:44:01
사회적가치,안전보건경영시스템 인증기업,(주)달성,제조업,기타 기계 및 장비 제조업,중소기업,73.0,,43,2026-08-01 02:44:01
사회적가치,안전보건경영시스템 인증기업,(주)지앤비에스엔지니어링,제조업,기타 기계 및 장비 제조업,중소기업,148.0,경기 안성시,34,2026-08-01 02:44:01
사회적가치,안전보건경영시스템 인증기업,(주)동방플랜텍,제조업,기타 기계 및 장비 제조업,중소기업,129.0,대구 달서구,31,2026-08-01 02:44:01
사회적가치,안전보건경영시스템 인증기업,(주)신흥기공(영흥),제조업,기타 기계 및 장비 제조업,중소기업,97.0,충남 보령시,27,2026-08-01 02:44:01
사회적가치,안전보건경영시스템 인증기업,두원기업주식회사,제조업,기타 기계 및 장비 제조업,중소기업,122.0,,26,2026-08-01 02:44:01
사회적가치,안전보건경영시스템 인증기업,주식회사아토즈,제조업,기타 기계 및 장비 제조업,중소기업,116.0,경기 용인시 기흥구,21,2026-08-01 02:44:01
사회적가치,안전보건경영시스템 인증기업,스마트물류 2 단계 무인크레인 7 대 교체공사,제조업,기타 기계 및 장비 제조업,중소기업,37.0,경기 시흥시,20,2026-08-01 02:44:01
사회적가치,안전보건경영시스템 인증기업,국제엘렉트릭코리아(주),제조업,기타 기계 및 장비 제조업,중견기업,343.0,충남 천안시 서북구,18,2026-08-01 02:44:01
사회적가치,안전보건경영시스템 인증기업,(주)한양세미텍/건설일괄,제조업,기타 기계 및 장비 제조업,중소기업,325.0,경기 오산시,16,2026-08-01 02:44:01
사회적가치,안전보건경영시스템 인증기업,청룡아이엔디주식회사,제조업,기타 기계 및 장비 제조업,중소기업,,부산 영도구,12,2026-08-01 02:44:01
사회적가치,여가친화기업,㈜필에너지,제조업,기타 기계 및 장비 제조업,중견기업,278.0,경기 오산시,10,2026-08-01 02:44:01
사회적가치,안전보건경영시스템 인증기업,씨앤지하이테크(주),제조업,기타 기계 및 장비 제조업,중견기업,189.0,경기 안성시,8,2026-08-01 02:44:01
사회적가치,안전보건경영시스템 인증기업,주식회사코인,제조업,기타 기계 및 장비 제조업,중소기업,,울산 울주군,6,2026-08-01 02:44:01
사회적가치,안전보건경영시스템 인증기업,제일윈텍(주),제조업,기타 기계 및 장비 제조업,중소기업,265.0,경북 구미시,6,2026-08-01 02:44:01
사회적가치,안전보건경영시스템 인증기업,(주)미래보,제조업,기타 기계 및 장비 제조업,중소기업,201.0,경기 평택시,5,2026-08-01 02:44:01
사회적가치,안전보건경영시스템 인증기업,(주)대명,제조업,기타 기계 및 장비 제조업,중소기업,16.0,충남 아산시,2,2026-08-01 02:44:01
사회적가치,사회적기업,주식회사 프래그 (PRAG Corp.),제조업,기타 기계 및 장비 제조업,중소기업,,서울 성동구,2,2026-08-01 02:44:01
사회적가치,사회적기업,주식회사 메이커스테크놀로지,제조업,기타 기계 및 장비 제조업,중소기업,11.0,서울 금천구,2,2026-08-01 02:44:01
사회적가치,안전보건경영시스템 인증기업,"에스티피테크주식회사(SemiconductTest&PKGTechco.,Ltd)/배방",제조업,기타 기계 및 장비 제조업,중소기업,393.0,충남 아산시,2,2026-08-01 02:44:01
사회적가치,안전보건경영시스템 인증기업,시너스텍(주)음성,제조업,기타 기계 및 장비 제조업,중견기업,400.0,경기 성남시 분당구,1,2026-08-01 02:44:01
사회적가치,안전보건경영시스템 인증기업,(주)창성에이스산업,제조업,기타 기계 및 장비 제조업,,,경기 성남시 분당구,0,2026-08-01 02:44:01
사회적가치,안전보건경영시스템 인증기업,주식회사제이앤아이워터,제조업,기타 기계 및 장비 제조업,,,충남 아산시,0,2026-08-01 02:44:01
사회적가치,안전보건경영시스템 인증기업,부산공장 설비보수 단가계약,제조업,기타 기계 및 장비 제조업,,,경북 포항시 남구,0,2026-08-01 02:44:01
사회적가치,사회적기업,사회복지법인 홍애원 장애인보호작업시설,제조업,기타 기계 및 장비 제조업,,50.0,경기 고양시 덕양구,0,2026-08-01 02:44:01
사회적가치,사회적기업,㈜구츠,제조업,기타 기계 및 장비 제조업,,,경기 양주시,0,2026-08-01 02:44:01
사회적가치,안전보건경영시스템 인증기업,갑진기업,제조업,기타 기계 및 장비 제조업,,,경남 창원시 성산구,0,2026-08-01 02:44:01
사회적가치,안전보건경영시스템 인증기업,제일윈텍지점(주),제조업,기타 기계 및 장비 제조업,,265.0,충남 천안시 서북구,0,2026-08-01 02:44:01
사회적가치,안전보건경영시스템 인증기업,경림테크(주),제조업,자동차 및 트레일러 제조업,중소기업,177.0,경북 경산시,60,2026-08-01 02:44:01
사회적가치,안전보건경영시스템 인증기업,동희오토(주),제조업,자동차 및 트레일러 제조업,중견기업,173.0,충남 서산시,39,2026-08-01 02:44:01
사회적가치,안전보건경영시스템 인증기업,(주)동양정공,제조업,자동차 및 트레일러 제조업,중소기업,79.0,,26,2026-08-01 02:44:01
사회적가치,안전보건경영시스템 인증기업,우신산업,제조업,자동차 및 트레일러 제조업,중소기업,82.0,경북 경산시,24,2026-08-01 02:44:01
사회적가치,안전보건경영시스템 인증기업,(주)대성정밀기계,제조업,자동차 및 트레일러 제조업,중소기업,68.0,경기 시흥시,21,2026-08-01 02:44:01
사회적가치,안전보건경영시스템 인증기업,디에스엠텍(주),제조업,자동차 및 트레일러 제조업,중소기업,12.0,울산 남구,9,2026-08-01 02:44:01
사회적가치,안전보건경영시스템 인증기업,정아정밀(주)김해공장,제조업,자동차 및 트레일러 제조업,,247.0,경남 김해시,0,2026-08-01 02:44:01
사회적가치,안전보건경영시스템 인증기업,(주)유일,제조업,기타 운송장비 제조업,중소기업,31.0,,98,2026-08-01 02:44:01
사회적가치,안전보건경영시스템 인증기업,(주)디에이치아이,제조업,기타 운송장비 제조업,중소기업,134.0,경남 사천시,60,2026-08-01 02:44:01
사회적가치,사회적기업,주식회사 제주도드론,제조업,기타 운송장비 제조업,중소기업,12.0,제주 서귀포시,27,2026-08-01 02:44:01
사회적가치,안전보건경영시스템 인증기업,(주)마린텍,제조업,기타 운송장비 제조업,중소기업,15.0,,4,2026-08-01 02:44:01
사회적가치,안전보건경영시스템 인증기업,㈜디에이치아이 통영공장,제조업,기타 운송장비 제조업,,134.0,경남 통영시,0,2026-08-01 02:44:01
사회적가치,안전보건경영시스템 인증기업,(주)신영기업,제조업,기타 운송장비 제조업,,63.0,경남 거제시,0,2026-08-01 02:44:01
사회적가치,안전보건경영시스템 인증기업,(주)디에이취엠씨영암지점,제조업,기타 운송장비 제조업,,98.0,,0,2026-08-01 02:44:01
사회적가치,사회적기업,주식회사 그리다시스템,제조업,가구 제조업,중소기업,38.0,경기 고양시 일산동구,61,2026-08-01 02:44:01
사회적가치,사회적기업,(주)멘퍼스,제조업,가구 제조업,중소기업,26.0,,15,2026-08-01 02:44:01
사회적가치,사회적기업,유한회사 애니체,제조업,가구 제조업,중소기업,30.0,,5,2026-08-01 02:44:01
사회적가치,사회적기업,한일기업합자회사,제조업,가구 제조업,,,경남 밀양시,0,2026-08-01 02:44:01
사회적가치,안전보건경영시스템 인증기업,(주)세영기업,제조업,기타 제품 제조업,중소기업,217.0,경북 포항시 북구,70,2026-08-01 02:44:01
사회적가치,사회적기업,주식회사 더사랑,제조업,기타 제품 제조업,중소기업,,서울 중랑구,6,2026-08-01 02:44:01
사회적가치,사회적기업,해피시니어케어 주식회사,제조업,기타 제품 제조업,중소기업,10.0,,5,2026-08-01 02:44:01
사회적가치,사회적기업,(주)삼성조경,제조업,기타 제품 제조업,중소기업,13.0,경북 영천시,0,2026-08-01 02:44:01
사회적가치,안전보건경영시스템 인증기업,(주)포렌,제조업,산업용 기계 및 장비 수리업,중소기업,208.0,,213,2026-08-01 02:44:01
사회적가치,안전보건경영시스템 인증기업,(주)프롬스,제조업,산업용 기계 및 장비 수리업,중소기업,196.0,,210,2026-08-01 02:44:01
사회적가치,안전보건경영시스템 인증기업,(주)태운,제조업,산업용 기계 및 장비 수리업,중소기업,100.0,,88,2026-08-01 02:44:01
사회적가치,안전보건경영시스템 인증기업,(주)롤앤롤,제조업,산업용 기계 및 장비 수리업,중소기업,236.0,경북 포항시 남구,67,2026-08-01 02:44:01
사회적가치,안전보건경영시스템 인증기업,(주)피앤피,제조업,산업용 기계 및 장비 수리업,중소기업,193.0,경북 포항시 남구,41,2026-08-01 02:44:01
사회적가치,안전보건경영시스템 인증기업,에스에프에이서비스주식회사,제조업,산업용 기계 및 장비 수리업,중견기업,115.0,충남 천안시 서북구,4,2026-08-01 02:44:01
사회적가치,안전보건경영시스템 인증기업,씨지앤율촌전력주식회사,"전기, 가스, 증기 및 공기조절 공급업","전기, 가스, 증기 및 공기조절 공급업",중견기업,83.0,,44,2026-08-01 02:44:01
사회적가치,사회적기업,안산시민햇빛발전협동조합,"전기, 가스, 증기 및 공기조절 공급업","전기, 가스, 증기 및 공기조절 공급업",기타,19.0,경기 안산시 상록구,8,2026-08-01 02:44:01
사회적가치,안전보건경영시스템 인증기업,씨지앤대산전력주식회사,"전기, 가스, 증기 및 공기조절 공급업","전기, 가스, 증기 및 공기조절 공급업",중견기업,146.0,충남 서산시,5,2026-08-01 02:44:01
사회적가치,안전보건경영시스템 인증기업,고성그린파워주식회사,"전기, 가스, 증기 및 공기조절 공급업","전기, 가스, 증기 및 공기조절 공급업",중견기업,40.0,경남 고성군,2,2026-08-01 02:44:01
사회적가치,사회적기업,주식회사 두레,"수도, 하수 및 폐기물 처리, 원료 재생업","하수, 폐수 및 분뇨 처리업",중소기업,33.0,경기 성남시 분당구,6,2026-08-01 02:44:01
사회적가치,안전보건경영시스템 인증기업,부국산업(주),"수도, 하수 및 폐기물 처리, 원료 재생업","폐기물 수집, 운반, 처리 및 원료 재생업",중소기업,98.0,,231,2026-08-01 02:44:01
사회적가치,안전보건경영시스템 인증기업,삼진기업(주),"수도, 하수 및 폐기물 처리, 원료 재생업","폐기물 수집, 운반, 처리 및 원료 재생업",중소기업,250.0,,78,2026-08-01 02:44:01
사회적가치,사회적기업,주식회사 나눔환경,"수도, 하수 및 폐기물 처리, 원료 재생업","폐기물 수집, 운반, 처리 및 원료 재생업",중소기업,39.0,경기 성남시 중원구,42,2026-08-01 02:44:01
사회적가치,사회적기업,주신환경 ㈜,"수도, 하수 및 폐기물 처리, 원료 재생업","폐기물 수집, 운반, 처리 및 원료 재생업",중소기업,44.0,경기 광주시,41,2026-08-01 02:44:01
사회적가치,사회적기업,유림환경 주식회사,"수도, 하수 및 폐기물 처리, 원료 재생업","폐기물 수집, 운반, 처리 및 원료 재생업",중소기업,43.0,경남 창원시 마산회원구,39,2026-08-01 02:44:01
사회적가치,사회적기업,주식회사 은호이앤티,"수도, 하수 및 폐기물 처리, 원료 재생업","폐기물 수집, 운반, 처리 및 원료 재생업",중소기업,42.0,경기 화성시,35,2026-08-01 02:44:01
사회적가치,사회적기업,주식회사 좋은환경,"수도, 하수 및 폐기물 처리, 원료 재생업","폐기물 수집, 운반, 처리 및 원료 재생업",중소기업,21.0,경남 양산시,31,2026-08-01 02:44:01
사회적가치,사회적기업,백양티앤에스주식회사,"수도, 하수 및 폐기물 처리, 원료 재생업","폐기물 수집, 운반, 처리 및 원료 재생업",중소기업,38.0,경기 수원시 권선구,27,2026-08-01 02:44:01
사회적가치,사회적기업,㈜중앙기업,"수도, 하수 및 폐기물 처리, 원료 재생업","폐기물 수집, 운반, 처리 및 원료 재생업",중소기업,40.0,경기 성남시 중원구,17,2026-08-01 02:44:01
사회적가치,사회적기업,㈜세진플러스,"수도, 하수 및 폐기물 처리, 원료 재생업","폐기물 수집, 운반, 처리 및 원료 재생업",중소기업,11.0,서울 성북구,15,2026-08-01 02:44:01
사회적가치,사회적기업,희망크린협동조합,"수도, 하수 및 폐기물 처리, 원료 재생업","폐기물 수집, 운반, 처리 및 원료 재생업",중소기업,41.0,경기 성남시 분당구,14,2026-08-01 02:44:01
사회적가치,사회적기업,합자회사 에스엠에코,"수도, 하수 및 폐기물 처리, 원료 재생업","폐기물 수집, 운반, 처리 및 원료 재생업",중소기업,22.0,강원 태백시,13,2026-08-01 02:44:01
사회적가치,사회적기업,㈜금성환경,"수도, 하수 및 폐기물 처리, 원료 재생업","폐기물 수집, 운반, 처리 및 원료 재생업",중소기업,,경기 성남시 수정구,13,2026-08-01 02:44:01
사회적가치,사회적기업,한진종합용역㈜,"수도, 하수 및 폐기물 처리, 원료 재생업","폐기물 수집, 운반, 처리 및 원료 재생업",중소기업,35.0,경기 성남시 중원구,11,2026-08-01 02:44:01
사회적가치,안전보건경영시스템 인증기업,강호자원주식회사,"수도, 하수 및 폐기물 처리, 원료 재생업","폐기물 수집, 운반, 처리 및 원료 재생업",중소기업,9.0,경기 화성시,11,2026-08-01 02:44:01
사회적가치,사회적기업,주식회사 디엔에스사회적기업,"수도, 하수 및 폐기물 처리, 원료 재생업","폐기물 수집, 운반, 처리 및 원료 재생업",중소기업,30.0,경기 성남시 중원구,6,2026-08-01 02:44:01
사회적가치,사회적기업,향원실업 ㈜,"수도, 하수 및 폐기물 처리, 원료 재생업","폐기물 수집, 운반, 처리 및 원료 재생업",중소기업,26.0,경기 화성시,4,2026-08-01 02:44:01
사회적가치,안전보건경영시스템 인증기업,(주)레스코,"수도, 하수 및 폐기물 처리, 원료 재생업","폐기물 수집, 운반, 처리 및 원료 재생업",중소기업,73.0,경북 포항시 남구,4,2026-08-01 02:44:01
사회적가치,사회적기업,주식회사 유나이트,"수도, 하수 및 폐기물 처리, 원료 재생업","폐기물 수집, 운반, 처리 및 원료 재생업",중소기업,,경기 화성시,3,2026-08-01 02:44:01
사회적가치,안전보건경영시스템 인증기업,성림산업(주),"수도, 하수 및 폐기물 처리, 원료 재생업","폐기물 수집, 운반, 처리 및 원료 재생업",중소기업,61.0,경기 화성시,2,2026-08-01 02:44:01
사회적가치,사회적기업,㈜대림환경,"수도, 하수 및 폐기물 처리, 원료 재생업","폐기물 수집, 운반, 처리 및 원료 재생업",중소기업,29.0,경기 성남시 중원구,1,2026-08-01 02:44:01
사회적가치,사회적기업,㈜환경개발,"수도, 하수 및 폐기물 처리, 원료 재생업","폐기물 수집, 운반, 처리 및 원료 재생업",중소기업,41.0,경기 성남시 중원구,1,2026-08-01 02:44:01
사회적가치,사회적기업,부경크린㈜,"수도, 하수 및 폐기물 처리, 원료 재생업","폐기물 수집, 운반, 처리 및 원료 재생업",중소기업,,경기 화성시,0,2026-08-01 02:44:01
사회적가치,사회적기업,주식회사 나눔환경,"수도, 하수 및 폐기물 처리, 원료 재생업","폐기물 수집, 운반, 처리 및 원료 재생업",중소기업,6.0,충북 청주시 상당구,0,2026-08-01 02:44:01
사회적가치,사회적기업,㈜두림환경,"수도, 하수 및 폐기물 처리, 원료 재생업","폐기물 수집, 운반, 처리 및 원료 재생업",중소기업,30.0,경기 성남시 중원구,0,2026-08-01 02:44:01
사회적가치,사회적기업,주식회사 컴윈,"수도, 하수 및 폐기물 처리, 원료 재생업","폐기물 수집, 운반, 처리 및 원료 재생업",,,경기 화성시,0,2026-08-01 02:44:01
사회적가치,사회적기업,㈜유진기업,"수도, 하수 및 폐기물 처리, 원료 재생업","폐기물 수집, 운반, 처리 및 원료 재생업",중소기업,39.0,경기 성남시 수정구,0,2026-08-01 02:44:01
사회적가치,사회적기업,주식회사 바른환경,"수도, 하수 및 폐기물 처리, 원료 재생업","폐기물 수집, 운반, 처리 및 원료 재생업",중소기업,,경기 화성시,0,2026-08-01 02:44:01
사회적가치,안전보건경영시스템 인증기업,(주)동명엔터프라이즈,"수도, 하수 및 폐기물 처리, 원료 재생업",환경 정화 및 복원업,중소기업,49.0,서울 서초구,7,2026-08-01 02:44:01
사회적가치,안전보건경영시스템 인증기업,ROUTINE 장치정비 및 배관/철물 정비작업/에쓰-오일(주),건설업,종합 건설업,중소기업,46.0,울산 울주군,36,2026-08-01 02:44:01
사회적가치,안전보건경영시스템 인증기업,(주)원프랜트,건설업,종합 건설업,중소기업,411.0,서울 서초구,31,2026-08-01 02:44:01
사회적가치,안전보건경영시스템 인증기업,Routine 장치정비 및 배관/철물 정비작업 ('18~'20년)-PKG-1,건설업,종합 건설업,중견기업,179.0,울산 남구,29,2026-08-01 02:44:01
사회적가치,안전보건경영시스템 인증기업,주식회사태산이엔지,건설업,종합 건설업,중소기업,78.0,경기 화성시,20,2026-08-01 02:44:01
사회적가치,안전보건경영시스템 인증기업,(주)우신엔지니어링,건설업,종합 건설업,중소기업,209.0,경기 화성시,18,2026-08-01 02:44:01
사회적가치,안전보건경영시스템 인증기업,(주)동우실업/한전산업개발,건설업,종합 건설업,중소기업,68.0,충남 당진시,6,2026-08-01 02:44:01
사회적가치,사회적기업,(주)금강산,건설업,종합 건설업,중소기업,,울산 울주군,2,2026-08-01 02:44:01
사회적가치,안전보건경영시스템 인증기업,(주)위테크/건설일괄,건설업,종합 건설업,중소기업,747.0,경기 화성시,1,2026-08-01 02:44:01
사회적가치,안전보건경영시스템 인증기업,2021~2023년 회전기계 일상정비 단가계약(PKG-2),건설업,종합 건설업,,,울산 남구,0,2026-08-01 02:44:01
사회적가치,안전보건경영시스템 인증기업,삼성전자 단가계약(소보수),건설업,종합 건설업,,,경기 수원시 영통구,0,2026-08-01 02:44:01
사회적가치,안전보건경영시스템 인증기업,㈜주연에스앤씨,건설업,전문직별 공사업,중소기업,278.0,경기 화성시,161,2026-08-01 02:44:01
사회적가치,안전보건경영시스템 인증기업,혁성실업(주),건설업,전문직별 공사업,중소기업,142.0,,110,2026-08-01 02:44:01
사회적가치,안전보건경영시스템 인증기업,(주)일성,건설업,전문직별 공사업,중소기업,125.0,,106,2026-08-01 02:44:01
사회적가치,안전보건경영시스템 인증기업,대산 LG화학 단가계약 (전기),건설업,전문직별 공사업,중소기업,20.0,,91,2026-08-01 02:44:01
사회적가치,안전보건경영시스템 인증기업,(주)동부,건설업,전문직별 공사업,중견기업,308.0,울산 남구,86,2026-08-01 02:44:01
사회적가치,남녀고용평등우수기업,금양산업개발(주),건설업,전문직별 공사업,중견기업,1835.0,울산 남구,66,2026-08-01 02:44:01
사회적가치,안전보건경영시스템 인증기업,2023 울산공장 유지보수 단가도급(계기),건설업,전문직별 공사업,중소기업,46.0,,58,2026-08-01 02:44:01
사회적가치,안전보건경영시스템 인증기업,(주)선화이엔지,건설업,전문직별 공사업,중소기업,140.0,경북 포항시 남구,56,2026-08-01 02:44:01
사회적가치,안전보건경영시스템 인증기업,(주)영동이앤씨,건설업,전문직별 공사업,중소기업,72.0,,48,2026-08-01 02:44:01
사회적가치,안전보건경영시스템 인증기업,(주)아이티에스,건설업,전문직별 공사업,중소기업,246.0,충남 서산시,42,2026-08-01 02:44:01
사회적가치,안전보건경영시스템 인증기업,"LG화학대산공장 정비단가도급작업(보온,도장)",건설업,전문직별 공사업,중소기업,101.0,서울 강남구,37,2026-08-01 02:44:01
사회적가치,안전보건경영시스템 인증기업,세이콘(주),건설업,전문직별 공사업,중소기업,82.0,인천 부평구,35,2026-08-01 02:44:01
사회적가치,안전보건경영시스템 인증기업,제일기업(주),건설업,전문직별 공사업,중소기업,260.0,충남 서산시,31,2026-08-01 02:44:01
사회적가치,안전보건경영시스템 인증기업,(주)남양이엔에스,건설업,전문직별 공사업,중소기업,36.0,,27,2026-08-01 02:44:01
사회적가치,안전보건경영시스템 인증기업,(주)아진전력,건설업,전문직별 공사업,중소기업,52.0,,26,2026-08-01 02:44:01
사회적가치,안전보건경영시스템 인증기업,주식회사금화,건설업,전문직별 공사업,중소기업,17.0,울산 울주군,23,2026-08-01 02:44:01
사회적가치,안전보건경영시스템 인증기업,㈜남양계전,건설업,전문직별 공사업,중소기업,43.0,서울 서초구,20,2026-08-01 02:44:01
사회적가치,안전보건경영시스템 인증기업,월드이엔텍(주),건설업,전문직별 공사업,중소기업,15.0,울산 남구,20,2026-08-01 02:44:01
사회적가치,안전보건경영시스템 인증기업,（주）협성기전/삼성전자(주)파견,건설업,전문직별 공사업,중소기업,203.0,경기 성남시 분당구,19,2026-08-01 02:44:01
사회적가치,안전보건경영시스템 인증기업,에스엘이엠씨(주),건설업,전문직별 공사업,중소기업,65.0,서울 서초구,17,2026-08-01 02:44:01
사회적가치,안전보건경영시스템 인증기업,시오엠테크(주),건설업,전문직별 공사업,중소기업,152.0,,15,2026-08-01 02:44:01
사회적가치,안전보건경영시스템 인증기업,2021~2023년 장치/배관 일상정비 단가계약(PKG-4),건설업,전문직별 공사업,중소기업,153.0,울산 남구,11,2026-08-01 02:44:01
사회적가치,안전보건경영시스템 인증기업,(주)백산이엔지,건설업,전문직별 공사업,중소기업,160.0,경기 화성시,9,2026-08-01 02:44:01
사회적가치,안전보건경영시스템 인증기업,전문정비용역계약_전공장 Conveyor 정비,건설업,전문직별 공사업,중소기업,13.0,경기 화성시,8,2026-08-01 02:44:01
사회적가치,안전보건경영시스템 인증기업,한국파워엔지니어링서비스주식회사,건설업,전문직별 공사업,중소기업,119.0,서울 강남구,7,2026-08-01 02:44:01
사회적가치,안전보건경영시스템 인증기업,(주)월드탑이엔지,건설업,전문직별 공사업,중소기업,44.0,경북 구미시,6,2026-08-01 02:44:01
사회적가치,사회적기업,유한회사 케이와이산업,건설업,전문직별 공사업,중소기업,10.0,전북 익산시,4,2026-08-01 02:44:01
사회적가치,사회적기업,주식회사 바탕색이엔지,건설업,전문직별 공사업,중소기업,39.0,서울 강서구,4,2026-08-01 02:44:01
사회적가치,안전보건경영시스템 인증기업,삼척 계측제어설비 경상정비 위탁용역,건설업,전문직별 공사업,중견기업,107.0,경기 성남시 중원구,4,2026-08-01 02:44:01
사회적가치,안전보건경영시스템 인증기업,영화기업(주),건설업,전문직별 공사업,중소기업,50.0,,2,2026-08-01 02:44:01
사회적가치,사회적기업,아룸테크 주식회사,건설업,전문직별 공사업,중소기업,20.0,경기 수원시 영통구,1,2026-08-01 02:44:01
사회적가치,안전보건경영시스템 인증기업,#6OF 우수 PIT EMERGENCY 배관 보수작업,건설업,전문직별 공사업,,,울산 남구,0,2026-08-01 02:44:01
사회적가치,안전보건경영시스템 인증기업,중앙크리텍(주),건설업,전문직별 공사업,중소기업,16.0,인천 미추홀구,0,2026-08-01 02:44:01
사회적가치,사회적기업,성창 주식회사,건설업,전문직별 공사업,,,충북 청주시 흥덕구,0,2026-08-01 02:44:01
사회적가치,사회적기업,주식회사 삼영기업,도매 및 소매업,도매 및 상품 중개업,중소기업,,경기 성남시 분당구,44,2026-08-01 02:44:01
사회적가치,사회적기업,상지대학교 소비자생활협동조합,도매 및 소매업,도매 및 상품 중개업,기타,13.0,강원 원주시,43,2026-08-01 02:44:01
사회적가치,사회적기업,영농조합법인 나눔과섬김,도매 및 소매업,도매 및 상품 중개업,중소기업,31.0,경북 안동시,39,2026-08-01 02:44:01
사회적가치,사회적기업,주양제이앤와이㈜,도매 및 소매업,도매 및 상품 중개업,중소기업,49.0,경기 고양시 덕양구,32,2026-08-01 02:44:01
사회적가치,안전보건경영시스템 인증기업,태창철강(주),도매 및 소매업,도매 및 상품 중개업,중견기업,48.0,대구 달서구,29,2026-08-01 02:44:01
사회적가치,사회적기업,협동조합농부장터,도매 및 소매업,도매 및 상품 중개업,중소기업,15.0,대구 북구,28,2026-08-01 02:44:01
사회적가치,여가친화기업,(주)고센코리아,도매 및 소매업,도매 및 상품 중개업,중소기업,16.0,서울 양천구,28,2026-08-01 02:44:01
사회적가치,사회적기업,㈜ 효성조명,도매 및 소매업,도매 및 상품 중개업,중소기업,21.0,경기 화성시,24,2026-08-01 02:44:01
사회적가치,사회적기업,생드르영농조합법인,도매 및 소매업,도매 및 상품 중개업,중소기업,30.0,제주 제주시,24,2026-08-01 02:44:01
사회적가치,사회적기업,주식회사 하트웰,도매 및 소매업,도매 및 상품 중개업,중소기업,5.0,서울 도봉구,23,2026-08-01 02:44:01
사회적가치,사회적기업,㈜대인인더스트리,도매 및 소매업,도매 및 상품 중개업,중소기업,13.0,경기 고양시 덕양구,21,2026-08-01 02:44:01
사회적가치,사회적기업,협동조합두레장터,도매 및 소매업,도매 및 상품 중개업,중소기업,,경북 경산시,21,2026-08-01 02:44:01
사회적가치,안전보건경영시스템 인증기업,(주)아이랙스/포항제철소,도매 및 소매업,도매 및 상품 중개업,중소기업,95.0,경북 포항시 북구,19,2026-08-01 02:44:01
사회적가치,사회적기업,주식회사 니스,도매 및 소매업,도매 및 상품 중개업,중소기업,,충남 예산군,18,2026-08-01 02:44:01
사회적가치,사회적기업,지리산처럼영농조합법인,도매 및 소매업,도매 및 상품 중개업,중소기업,3.0,전북 남원시,17,2026-08-01 02:44:01
사회적가치,사회적기업,㈜한우리건강의료기,도매 및 소매업,도매 및 상품 중개업,중소기업,,대구 북구,15,2026-08-01 02:44:01
사회적가치,사회적기업,농업회사법인 주식회사 담채원,도매 및 소매업,도매 및 상품 중개업,중소기업,18.0,충남 태안군,13,2026-08-01 02:44:01
사회적가치,사회적기업,한국렌탈판매협동조합,도매 및 소매업,도매 및 상품 중개업,중소기업,3.0,인천 미추홀구,13,2026-08-01 02:44:01
사회적가치,안전보건경영시스템 인증기업,디알씨티에스(주)화성,도매 및 소매업,도매 및 상품 중개업,중소기업,505.0,경기 성남시 중원구,12,2026-08-01 02:44:01
사회적가치,사회적기업,슬로푸드 주식회사 농업회사법인,도매 및 소매업,도매 및 상품 중개업,중소기업,5.0,경남 하동군,10,2026-08-01 02:44:01
사회적가치,사회적기업,농업회사법인 주식회사 나물사랑,도매 및 소매업,도매 및 상품 중개업,중소기업,6.0,,9,2026-08-01 02:44:01
사회적가치,사회적기업,주식회사 우리들이야기,도매 및 소매업,도매 및 상품 중개업,중소기업,20.0,,9,2026-08-01 02:44:01
사회적가치,사회적기업,㈜ 장보고유통,도매 및 소매업,도매 및 상품 중개업,중소기업,19.0,부산 강서구,8,2026-08-01 02:44:01
사회적가치,사회적기업,주식회사 농장에서집으로,도매 및 소매업,도매 및 상품 중개업,중소기업,,강원 원주시,7,2026-08-01 02:44:01
사회적가치,사회적기업,강원만찬협동조합,도매 및 소매업,도매 및 상품 중개업,중소기업,,강원 원주시,6,2026-08-01 02:44:01
사회적가치,사회적기업,주식회사 리틀빅키즈,도매 및 소매업,도매 및 상품 중개업,중소기업,,경기 하남시,6,2026-08-01 02:44:01
사회적가치,사회적기업,주식회사 보림,도매 및 소매업,도매 및 상품 중개업,중소기업,3.0,,6,2026-08-01 02:44:01
사회적가치,사회적기업,한국가드너 협동조합,도매 및 소매업,도매 및 상품 중개업,중소기업,3.0,,6,2026-08-01 02:44:01
사회적가치,사회적기업,행복프로세스사회적협동조합,도매 및 소매업,도매 및 상품 중개업,기타,21.0,경기 남양주시,5,2026-08-01 02:44:01
사회적가치,여가친화기업,주식회사 나음케어,도매 및 소매업,도매 및 상품 중개업,중소기업,112.0,경기 성남시 수정구,5,2026-08-01 02:44:01
사회적가치,사회적기업,(주)사람과환경,도매 및 소매업,도매 및 상품 중개업,중소기업,70.0,전북 전주시 완산구,4,2026-08-01 02:44:01
사회적가치,사회적기업,홍성유기농영농조합법인,도매 및 소매업,도매 및 상품 중개업,중소기업,8.0,충남 홍성군,4,2026-08-01 02:44:01
사회적가치,사회적기업,실버케어 협동조합,도매 및 소매업,도매 및 상품 중개업,중소기업,11.0,,4,2026-08-01 02:44:01
사회적가치,사회적기업,사회적협동조합 도원참사랑나눔,도매 및 소매업,도매 및 상품 중개업,기타,22.0,대전 대덕구,3,2026-08-01 02:44:01
사회적가치,사회적기업,(주)여수장터,도매 및 소매업,도매 및 상품 중개업,중소기업,18.0,,3,2026-08-01 02:44:01
사회적가치,여가친화기업,㈜성민네트웍스,도매 및 소매업,도매 및 상품 중개업,중소기업,9.0,서울 구로구,2,2026-08-01 02:44:01
사회적가치,안전보건경영시스템 인증기업,(주)티엔아이정보,도매 및 소매업,도매 및 상품 중개업,중소기업,22.0,경기 수원시 영통구,1,2026-08-01 02:44:01
사회적가치,여가친화기업,한국에자이주식회사,도매 및 소매업,도매 및 상품 중개업,중견기업,169.0,서울 강남구,1,2026-08-01 02:44:01
사회적가치,사회적기업,"티아이로지스주식회사(TILOGIS CO.,LTD)",도매 및 소매업,도매 및 상품 중개업,중소기업,,경기 화성시,1,2026-08-01 02:44:01
사회적가치,안전보건경영시스템 인증기업,스펙트리스코리아㈜피엠에스지점,도매 및 소매업,도매 및 상품 중개업,중견기업,108.0,경기 성남시 분당구,1,2026-08-01 02:44:01
사회적가치,여가친화기업,주식회사 다나음,도매 및 소매업,도매 및 상품 중개업,중소기업,22.0,경기 성남시 수정구,1,2026-08-01 02:44:01
사회적가치,여가친화기업,(주)엠서클,도매 및 소매업,도매 및 상품 중개업,중소기업,158.0,서울 강남구,1,2026-08-01 02:44:01
사회적가치,사회적기업,(주)네오누리콤,도매 및 소매업,도매 및 상품 중개업,,,서울 금천구,0,2026-08-01 02:44:01
사회적가치,사회적기업,주식회사 오피스배재,도매 및 소매업,도매 및 상품 중개업,,,서울 금천구,0,2026-08-01 02:44:01
사회적가치,사회적기업,재단법인 행복그린넷,도매 및 소매업,소매업; 자동차 제외,기타,119.0,경기 안성시,26,2026-08-01 02:44:01
사회적가치,사회적기업,팔당생명살림소비자생활협동조합,도매 및 소매업,소매업; 자동차 제외,기타,,경기 남양주시,19,2026-08-01 02:44:01
사회적가치,사회적기업,주식회사 청밀,도매 및 소매업,소매업; 자동차 제외,중소기업,35.0,서울 송파구,14,2026-08-01 02:44:01
사회적가치,사회적기업,주식회사조은,도매 및 소매업,소매업; 자동차 제외,중소기업,,경북 영주시,9,2026-08-01 02:44:01
사회적가치,사회적기업,주식회사자연애나누미,도매 및 소매업,소매업; 자동차 제외,중소기업,23.0,,5,2026-08-01 02:44:01
사회적가치,사회적기업,주식회사오렌지디자인,도매 및 소매업,소매업; 자동차 제외,중소기업,6.0,울산 남구,5,2026-08-01 02:44:01
사회적가치,사회적기업,주식회사 행복무지개 마을,도매 및 소매업,소매업; 자동차 제외,중소기업,7.0,경기 양평군,0,2026-08-01 02:44:01
사회적가치,사회적기업,주식회사 리맨,도매 및 소매업,소매업; 자동차 제외,,,경기 포천시,0,2026-08-01 02:44:01
사회적가치,안전보건경영시스템 인증기업,주식회사포운,운수 및 창고업,육상운송 및 파이프라인 운송업,중소기업,221.0,,161,2026-08-01 02:44:01
사회적가치,안전보건경영시스템 인증기업,(주)혜성티앤시,운수 및 창고업,육상운송 및 파이프라인 운송업,중소기업,156.0,,148,2026-08-01 02:44:01
사회적가치,안전보건경영시스템 인증기업,(주)한중,운수 및 창고업,육상운송 및 파이프라인 운송업,중소기업,80.0,경북 포항시 남구,89,2026-08-01 02:44:01
사회적가치,안전보건경영시스템 인증기업,(주)포트랜스/포스코내현장,운수 및 창고업,육상운송 및 파이프라인 운송업,중소기업,175.0,경북 포항시 남구,67,2026-08-01 02:44:01
사회적가치,사회적기업,㈜ 길벗여행사,운수 및 창고업,육상운송 및 파이프라인 운송업,중소기업,2.0,인천 부평구,54,2026-08-01 02:44:01
사회적가치,안전보건경영시스템 인증기업,㈜투게더,운수 및 창고업,육상운송 및 파이프라인 운송업,중소기업,46.0,울산 남구,53,2026-08-01 02:44:01
사회적가치,안전보건경영시스템 인증기업,대주기업(주),운수 및 창고업,육상운송 및 파이프라인 운송업,중소기업,119.0,,46,2026-08-01 02:44:01
사회적가치,안전보건경영시스템 인증기업,김포골드라인운영(주),운수 및 창고업,육상운송 및 파이프라인 운송업,중소기업,3.0,경기 김포시,17,2026-08-01 02:44:01
사회적가치,안전보건경영시스템 인증기업,"(주)에이치앤피로지스(H&PLogis,Inc.)",운수 및 창고업,육상운송 및 파이프라인 운송업,중소기업,55.0,서울 강남구,3,2026-08-01 02:44:01
사회적가치,사회적기업,합자회사 산아리관광,운수 및 창고업,육상운송 및 파이프라인 운송업,중소기업,30.0,강원 정선군,1,2026-08-01 02:44:01
사회적가치,안전보건경영시스템 인증기업,김해공항,운수 및 창고업,창고 및 운송관련 서비스업,중소기업,1352.0,부산 강서구,628,2026-08-01 02:44:01
사회적가치,안전보건경영시스템 인증기업,서강기업(주),운수 및 창고업,창고 및 운송관련 서비스업,중소기업,196.0,,193,2026-08-01 02:44:01
사회적가치,안전보건경영시스템 인증기업,㈜피엔알엠,운수 및 창고업,창고 및 운송관련 서비스업,중소기업,,경북 포항시 남구,90,2026-08-01 02:44:01
사회적가치,안전보건경영시스템 인증기업,쌍용로지스틱스(주)영흥사업소,운수 및 창고업,창고 및 운송관련 서비스업,중견기업,58.0,강원 동해시,73,2026-08-01 02:44:01
사회적가치,안전보건경영시스템 인증기업,인천공항운영서비스㈜,운수 및 창고업,창고 및 운송관련 서비스업,중소기업,2611.0,,69,2026-08-01 02:44:01
사회적가치,안전보건경영시스템 인증기업,(주)한국국제터미널,운수 및 창고업,창고 및 운송관련 서비스업,중소기업,164.0,,62,2026-08-01 02:44:01
사회적가치,안전보건경영시스템 인증기업,하나로에스 대산센터,운수 및 창고업,창고 및 운송관련 서비스업,중소기업,91.0,경기 화성시,50,2026-08-01 02:44:01
사회적가치,안전보건경영시스템 인증기업,세방익스프레스,운수 및 창고업,창고 및 운송관련 서비스업,중견기업,136.0,서울 강남구,16,2026-08-01 02:44:01
사회적가치,안전보건경영시스템 인증기업,가나다상운(주),운수 및 창고업,창고 및 운송관련 서비스업,,,경기 이천시,0,2026-08-01 02:44:01
사회적가치,안전보건경영시스템 인증기업,(주)정방,운수 및 창고업,창고 및 운송관련 서비스업,,,충남 당진시,0,2026-08-01 02:44:01
사회적가치,사회적기업,주식회사 유니버셜푸드,숙박 및 음식점업,음식점 및 주점업,중소기업,28.0,경남 창원시 의창구,97,2026-08-01 02:44:01
사회적가치,사회적기업,레드리본사회적협동조합 (빅핸즈),숙박 및 음식점업,음식점 및 주점업,중소기업,20.0,대구 동구,29,2026-08-01 02:44:01
사회적가치,사회적기업,주식회사 선한푸드앤컬처,숙박 및 음식점업,음식점 및 주점업,중소기업,136.0,울산 동구,26,2026-08-01 02:44:01
사회적가치,사회적기업,주식회사 채움푸드,숙박 및 음식점업,음식점 및 주점업,중소기업,18.0,경북 포항시 남구,14,2026-08-01 02:44:01
사회적가치,사회적기업,㈜ 온정에프엔비,숙박 및 음식점업,음식점 및 주점업,중소기업,255.0,경기 평택시,13,2026-08-01 02:44:01
사회적가치,사회적기업,들다방 주식회사,숙박 및 음식점업,음식점 및 주점업,중소기업,,서울 종로구,5,2026-08-01 02:44:01
사회적가치,사회적기업,주식회사 방앗간컴퍼니,숙박 및 음식점업,음식점 및 주점업,중소기업,,서울 광진구,4,2026-08-01 02:44:01
사회적가치,사회적기업,참살이협동조합,숙박 및 음식점업,음식점 및 주점업,중소기업,,경기 수원시 장안구,2,2026-08-01 02:44:01
사회적가치,사회적기업,주식회사 테스트웍스,정보통신업,출판업,중소기업,161.0,서울 송파구,46,2026-08-01 02:44:01
사회적가치,안전보건경영시스템 인증기업,주식회사씨앤에스,정보통신업,출판업,중소기업,555.0,경기 화성시,14,2026-08-01 02:44:01
사회적가치,사회적기업,콜라보에어㈜,정보통신업,출판업,중소기업,20.0,대전 대덕구,10,2026-08-01 02:44:01
사회적가치,사회적기업,주식회사 홍익덕원,정보통신업,출판업,중소기업,134.0,서울 영등포구,9,2026-08-01 02:44:01
사회적가치,사회적기업,주식회사 올리고컴퍼니,정보통신업,출판업,중소기업,,전북 군산시,7,2026-08-01 02:44:01
사회적가치,사회적기업,주식회사 맘이랜서,정보통신업,출판업,중소기업,6.0,서울 송파구,4,2026-08-01 02:44:01
사회적가치,사회적기업,주식회사 스포잇,정보통신업,출판업,중소기업,14.0,인천 연수구,4,2026-08-01 02:44:01
사회적가치,사회적기업,주식회사 포드림,정보통신업,출판업,중소기업,9.0,,1,2026-08-01 02:44:01
사회적가치,여가친화기업,주식회사 다폼,정보통신업,출판업,중소기업,25.0,,1,2026-08-01 02:44:01
사회적가치,사회적기업,센시 주식회사,정보통신업,출판업,중소기업,49.0,대전 중구,1,2026-08-01 02:44:01
사회적가치,사회적기업,웹와치주식회사,정보통신업,출판업,중소기업,52.0,서울 영등포구,1,2026-08-01 02:44:01
사회적가치,사회적기업,사단법인 한국장애인문인복지후원회,정보통신업,출판업,기타,40.0,서울 중구,1,2026-08-01 02:44:01
사회적가치,여가친화기업,㈜유니바,정보통신업,출판업,중소기업,,대구 달성군,1,2026-08-01 02:44:01
사회적가치,남녀고용평등우수기업,(주)조선뉴스프레스,정보통신업,출판업,중견기업,93.0,서울 마포구,0,2026-08-01 02:44:01
사회적가치,여가친화기업,(주)아이디에스앤트러스트,정보통신업,출판업,중견기업,103.0,서울 강남구,0,2026-08-01 02:44:01
사회적가치,사회적기업,주식회사 아일랜드스토리,정보통신업,영상ㆍ오디오 기록물 제작 및 배급업,중소기업,10.0,제주 제주시,26,2026-08-01 02:44:01
사회적가치,사회적기업,공연예술전문스태프 협동조합 올,정보통신업,영상ㆍ오디오 기록물 제작 및 배급업,중소기업,,강원 춘천시,0,2026-08-01 02:44:01
사회적가치,남녀고용평등우수기업,(주)KBS N,정보통신업,방송 및 영상·오디오물 제공 서비스업,중견기업,165.0,서울 마포구,32,2026-08-01 02:44:01
사회적가치,안전보건경영시스템 인증기업,"[청주]20년1Q M15 Zone4(P/T,TF,MI) 이설장비H/U공사",정보통신업,우편 및 통신업,중견기업,129.0,서울 강동구,19,2026-08-01 02:44:01
사회적가치,여가친화기업,가제트코리아 주식회사,정보통신업,우편 및 통신업,중소기업,48.0,서울 마포구,2,2026-08-01 02:44:01
사회적가치,사회적기업,재단법인 행복아이씨티,정보통신업,"컴퓨터 프로그래밍, 시스템 통합 및 관리업",기타,77.0,서울 성동구,10,2026-08-01 02:44:01
사회적가치,안전보건경영시스템 인증기업,굿어스스마트솔루션㈜-삼성전자㈜,정보통신업,"컴퓨터 프로그래밍, 시스템 통합 및 관리업",중견기업,178.0,서울 강남구,1,2026-08-01 02:44:01
사회적가치,여가친화기업,아이엠아이,정보통신업,정보서비스업,중소기업,159.0,전북 전주시 덕진구,24,2026-08-01 02:44:01
사회적가치,안전보건경영시스템 인증기업,주식회사동성케미컬,금융 및 보험업,금융업,중견기업,588.0,부산 사하구,148,2026-08-01 02:44:01
사회적가치,여가친화기업,전북신용보증재단,금융 및 보험업,금융업,기타,60.0,전북 전주시 완산구,17,2026-08-01 02:44:01
사회적가치,남녀고용평등우수기업,(주)이오티앤디,부동산업,부동산업,중소기업,763.0,서울 강동구,122,2026-08-01 02:44:01
사회적가치,사회적기업,신풍종합개발주식회사,부동산업,부동산업,중소기업,65.0,서울 양천구,66,2026-08-01 02:44:01
사회적가치,사회적기업,주식회사 한울타리,부동산업,부동산업,중소기업,20.0,경기 성남시 중원구,43,2026-08-01 02:44:01
사회적가치,사회적기업,㈜ 태웅관리,부동산업,부동산업,중소기업,10.0,경북 영주시,14,2026-08-01 02:44:01
사회적가치,안전보건경영시스템 인증기업,(주)웨이브파크,부동산업,부동산업,중소기업,32.0,경기 시흥시,12,2026-08-01 02:44:01
사회적가치,사회적기업,휴먼리소스 유한회사,부동산업,부동산업,중소기업,32.0,,2,2026-08-01 02:44:01
사회적가치,안전보건경영시스템 인증기업,(주)빌컴,"사업시설 관리, 사업 지원 및 임대 서비스업",사업시설 관리 및 조경 서비스업,중소기업,662.0,서울 중구,452,2026-08-01 02:44:01
사회적가치,사회적기업,(유)국민종합주택관리,"사업시설 관리, 사업 지원 및 임대 서비스업",사업시설 관리 및 조경 서비스업,중소기업,50.0,전북 전주시 완산구,366,2026-08-01 02:44:01
사회적가치,안전보건경영시스템 인증기업,고려아연,"사업시설 관리, 사업 지원 및 임대 서비스업",사업시설 관리 및 조경 서비스업,중소기업,492.0,서울 종로구,360,2026-08-01 02:44:01
사회적가치,안전보건경영시스템 인증기업,사단법인인천항시설관리센터,"사업시설 관리, 사업 지원 및 임대 서비스업",사업시설 관리 및 조경 서비스업,기타,148.0,인천 연수구,334,2026-08-01 02:44:01
사회적가치,안전보건경영시스템 인증기업,(주)대경이엔에스/시설관리일괄,"사업시설 관리, 사업 지원 및 임대 서비스업",사업시설 관리 및 조경 서비스업,중소기업,674.0,경기 용인시 기흥구,188,2026-08-01 02:44:01
사회적가치,사회적기업,주식회사 미미,"사업시설 관리, 사업 지원 및 임대 서비스업",사업시설 관리 및 조경 서비스업,중소기업,204.0,경기 안양시 만안구,173,2026-08-01 02:44:01
사회적가치,안전보건경영시스템 인증기업,(주)상록골프앤리조트,"사업시설 관리, 사업 지원 및 임대 서비스업",사업시설 관리 및 조경 서비스업,중소기업,493.0,충남 천안시 동남구,115,2026-08-01 02:44:01
사회적가치,사회적기업,주식회사 이에마로,"사업시설 관리, 사업 지원 및 임대 서비스업",사업시설 관리 및 조경 서비스업,중소기업,,서울 영등포구,106,2026-08-01 02:44:01
사회적가치,사회적기업,주식회사 장남,"사업시설 관리, 사업 지원 및 임대 서비스업",사업시설 관리 및 조경 서비스업,중소기업,401.0,세종,96,2026-08-01 02:44:01
사회적가치,사회적기업,주식회사 두성,"사업시설 관리, 사업 지원 및 임대 서비스업",사업시설 관리 및 조경 서비스업,중소기업,68.0,경기 파주시,75,2026-08-01 02:44:01
사회적가치,안전보건경영시스템 인증기업,전남기업(주),"사업시설 관리, 사업 지원 및 임대 서비스업",사업시설 관리 및 조경 서비스업,중소기업,254.0,,65,2026-08-01 02:44:01
사회적가치,사회적기업,주식회사 다인에스,"사업시설 관리, 사업 지원 및 임대 서비스업",사업시설 관리 및 조경 서비스업,중소기업,,서울 종로구,60,2026-08-01 02:44:01
사회적가치,사회적기업,주식회사 미소드림,"사업시설 관리, 사업 지원 및 임대 서비스업",사업시설 관리 및 조경 서비스업,중소기업,,세종,59,2026-08-01 02:44:01
사회적가치,안전보건경영시스템 인증기업,(주)EG테크,"사업시설 관리, 사업 지원 및 임대 서비스업",사업시설 관리 및 조경 서비스업,중소기업,131.0,,58,2026-08-01 02:44:01
사회적가치,사회적기업,주식회사 토요,"사업시설 관리, 사업 지원 및 임대 서비스업",사업시설 관리 및 조경 서비스업,중소기업,125.0,부산 연제구,56,2026-08-01 02:44:01
사회적가치,안전보건경영시스템 인증기업,주식회사하이원파트너스,"사업시설 관리, 사업 지원 및 임대 서비스업",사업시설 관리 및 조경 서비스업,중견기업,451.0,강원 정선군,49,2026-08-01 02:44:01
사회적가치,사회적기업,개미환경㈜,"사업시설 관리, 사업 지원 및 임대 서비스업",사업시설 관리 및 조경 서비스업,중소기업,,경기 화성시,46,2026-08-01 02:44:01
사회적가치,여가친화기업,주식회사 벡스코,"사업시설 관리, 사업 지원 및 임대 서비스업",사업시설 관리 및 조경 서비스업,중소기업,112.0,부산 해운대구,45,2026-08-01 02:44:01
사회적가치,안전보건경영시스템 인증기업,(주)파인스,"사업시설 관리, 사업 지원 및 임대 서비스업",사업시설 관리 및 조경 서비스업,중소기업,192.0,경북 포항시 남구,41,2026-08-01 02:44:01
사회적가치,사회적기업,주식회사 공정한기업,"사업시설 관리, 사업 지원 및 임대 서비스업",사업시설 관리 및 조경 서비스업,중소기업,34.0,부산 중구,40,2026-08-01 02:44:01
사회적가치,안전보건경영시스템 인증기업,(주)청인,"사업시설 관리, 사업 지원 및 임대 서비스업",사업시설 관리 및 조경 서비스업,중소기업,120.0,경북 포항시 남구,40,2026-08-01 02:44:01
사회적가치,사회적기업,㈜더블루피엠씨 (The Blue PMC. Co.),"사업시설 관리, 사업 지원 및 임대 서비스업",사업시설 관리 및 조경 서비스업,중소기업,46.0,서울 광진구,36,2026-08-01 02:44:01
사회적가치,사회적기업,주식회사 대성씨엔씨,"사업시설 관리, 사업 지원 및 임대 서비스업",사업시설 관리 및 조경 서비스업,중소기업,5.0,대전 동구,34,2026-08-01 02:44:01
사회적가치,사회적기업,(주)미르크린,"사업시설 관리, 사업 지원 및 임대 서비스업",사업시설 관리 및 조경 서비스업,중소기업,80.0,대구 달성군,32,2026-08-01 02:44:01
사회적가치,사회적기업,주식회사 크린씨티화성,"사업시설 관리, 사업 지원 및 임대 서비스업",사업시설 관리 및 조경 서비스업,중소기업,,경기 화성시,24,2026-08-01 02:44:01
사회적가치,사회적기업,㈜인스케어코어,"사업시설 관리, 사업 지원 및 임대 서비스업",사업시설 관리 및 조경 서비스업,중소기업,,서울 강남구,23,2026-08-01 02:44:01
사회적가치,사회적기업,주식회사 드림앤첼린지,"사업시설 관리, 사업 지원 및 임대 서비스업",사업시설 관리 및 조경 서비스업,중소기업,61.0,충남 천안시 서북구,21,2026-08-01 02:44:01
사회적가치,사회적기업,세움주식회사,"사업시설 관리, 사업 지원 및 임대 서비스업",사업시설 관리 및 조경 서비스업,중소기업,83.0,경기 양주시,21,2026-08-01 02:44:01
사회적가치,사회적기업,㈜케이이비엠,"사업시설 관리, 사업 지원 및 임대 서비스업",사업시설 관리 및 조경 서비스업,중소기업,67.0,서울 은평구,20,2026-08-01 02:44:01
사회적가치,사회적기업,㈜미성씨앤씨,"사업시설 관리, 사업 지원 및 임대 서비스업",사업시설 관리 및 조경 서비스업,중소기업,30.0,대전 중구,15,2026-08-01 02:44:01
사회적가치,사회적기업,주식회사 프론티어,"사업시설 관리, 사업 지원 및 임대 서비스업",사업시설 관리 및 조경 서비스업,중소기업,8.0,울산 동구,14,2026-08-01 02:44:01
사회적가치,사회적기업,(사)덕성장애인생활자립협회,"사업시설 관리, 사업 지원 및 임대 서비스업",사업시설 관리 및 조경 서비스업,기타,18.0,경남 양산시,14,2026-08-01 02:44:01
사회적가치,사회적기업,주식회사 가온아이피엠,"사업시설 관리, 사업 지원 및 임대 서비스업",사업시설 관리 및 조경 서비스업,중소기업,20.0,서울 송파구,13,2026-08-01 02:44:01
사회적가치,사회적기업,울산솔루션협동조합,"사업시설 관리, 사업 지원 및 임대 서비스업",사업시설 관리 및 조경 서비스업,중소기업,7.0,울산 남구,13,2026-08-01 02:44:01
사회적가치,사회적기업,우리주민주식회사,"사업시설 관리, 사업 지원 및 임대 서비스업",사업시설 관리 및 조경 서비스업,중소기업,486.0,강원 정선군,11,2026-08-01 02:44:01
사회적가치,안전보건경영시스템 인증기업,(주)금원기업/본사,"사업시설 관리, 사업 지원 및 임대 서비스업",사업시설 관리 및 조경 서비스업,중소기업,247.0,경북 포항시 남구,11,2026-08-01 02:44:01
사회적가치,사회적기업,㈜람보씨엠개발,"사업시설 관리, 사업 지원 및 임대 서비스업",사업시설 관리 및 조경 서비스업,중소기업,5.0,서울 중랑구,9,2026-08-01 02:44:01
사회적가치,사회적기업,주식회사 대장,"사업시설 관리, 사업 지원 및 임대 서비스업",사업시설 관리 및 조경 서비스업,중소기업,11.0,경남 양산시,9,2026-08-01 02:44:01
사회적가치,사회적기업,주식회사 우리아이식판,"사업시설 관리, 사업 지원 및 임대 서비스업",사업시설 관리 및 조경 서비스업,중소기업,2.0,,8,2026-08-01 02:44:01
사회적가치,사회적기업,(유)청수산업,"사업시설 관리, 사업 지원 및 임대 서비스업",사업시설 관리 및 조경 서비스업,중소기업,23.0,전북 군산시,7,2026-08-01 02:44:01
사회적가치,사회적기업,사단법인 두리장애인복지회,"사업시설 관리, 사업 지원 및 임대 서비스업",사업시설 관리 및 조경 서비스업,기타,,충남 천안시 서북구,7,2026-08-01 02:44:01
사회적가치,사회적기업,주식회사 청아,"사업시설 관리, 사업 지원 및 임대 서비스업",사업시설 관리 및 조경 서비스업,중소기업,,제주 제주시,7,2026-08-01 02:44:01
사회적가치,사회적기업,주식회사 해피크린,"사업시설 관리, 사업 지원 및 임대 서비스업",사업시설 관리 및 조경 서비스업,중소기업,9.0,,6,2026-08-01 02:44:01
사회적가치,사회적기업,청춘클린(주),"사업시설 관리, 사업 지원 및 임대 서비스업",사업시설 관리 및 조경 서비스업,중소기업,,경남 김해시,2,2026-08-01 02:44:01
사회적가치,사회적기업,(주) 코리아에코21,"사업시설 관리, 사업 지원 및 임대 서비스업",사업시설 관리 및 조경 서비스업,중소기업,60.0,충남 아산시,2,2026-08-01 02:44:01
사회적가치,사회적기업,나우종합관리 주식회사,"사업시설 관리, 사업 지원 및 임대 서비스업",사업시설 관리 및 조경 서비스업,,,인천 연수구,0,2026-08-01 02:44:01
사회적가치,사회적기업,㈜ 식판천사,"사업시설 관리, 사업 지원 및 임대 서비스업",사업시설 관리 및 조경 서비스업,,,경기 광주시,0,2026-08-01 02:44:01
사회적가치,사회적기업,주식회사 케이두레,"사업시설 관리, 사업 지원 및 임대 서비스업",사업지원 서비스업,중소기업,729.0,서울 강서구,215,2026-08-01 02:44:01
사회적가치,안전보건경영시스템 인증기업,그린산업(주)-포스코,"사업시설 관리, 사업 지원 및 임대 서비스업",사업지원 서비스업,중소기업,276.0,경북 포항시 북구,129,2026-08-01 02:44:01
사회적가치,안전보건경영시스템 인증기업,여수광양항만관리㈜,"사업시설 관리, 사업 지원 및 임대 서비스업",사업지원 서비스업,중소기업,221.0,,96,2026-08-01 02:44:01
사회적가치,안전보건경영시스템 인증기업,인천국제공항보안주식회사,"사업시설 관리, 사업 지원 및 임대 서비스업",사업지원 서비스업,중소기업,2884.0,,80,2026-08-01 02:44:01
사회적가치,안전보건경영시스템 인증기업,주식회사한국안전기술원,"사업시설 관리, 사업 지원 및 임대 서비스업",사업지원 서비스업,중소기업,56.0,대구 달서구,63,2026-08-01 02:44:01
사회적가치,사회적기업,주식회사 에스알피,"사업시설 관리, 사업 지원 및 임대 서비스업",사업지원 서비스업,중소기업,327.0,경기 안산시 단원구,56,2026-08-01 02:44:01
사회적가치,안전보건경영시스템 인증기업,위티아(주),"사업시설 관리, 사업 지원 및 임대 서비스업",사업지원 서비스업,중견기업,359.0,서울 중구,52,2026-08-01 02:44:01
사회적가치,사회적기업,주식회사 길연시스템,"사업시설 관리, 사업 지원 및 임대 서비스업",사업지원 서비스업,중소기업,28.0,부산 부산진구,51,2026-08-01 02:44:01
사회적가치,사회적기업,주식회사 설문대,"사업시설 관리, 사업 지원 및 임대 서비스업",사업지원 서비스업,중소기업,4.0,제주 제주시,42,2026-08-01 02:44:01
사회적가치,사회적기업,대양씨앤지주식회사,"사업시설 관리, 사업 지원 및 임대 서비스업",사업지원 서비스업,중소기업,130.0,서울 은평구,39,2026-08-01 02:44:01
사회적가치,사회적기업,주식회사아이텍코리아,"사업시설 관리, 사업 지원 및 임대 서비스업",사업지원 서비스업,중소기업,10.0,,36,2026-08-01 02:44:01
사회적가치,여가친화기업,㈜엠제이플렉스,"사업시설 관리, 사업 지원 및 임대 서비스업",사업지원 서비스업,중소기업,1014.0,서울 구로구,32,2026-08-01 02:44:01
사회적가치,안전보건경영시스템 인증기업,(주)화남테크/포스코내,"사업시설 관리, 사업 지원 및 임대 서비스업",사업지원 서비스업,중소기업,195.0,경북 포항시 남구,28,2026-08-01 02:44:01
사회적가치,사회적기업,㈜ 효성기업,"사업시설 관리, 사업 지원 및 임대 서비스업",사업지원 서비스업,중소기업,76.0,부산 동래구,21,2026-08-01 02:44:01
사회적가치,사회적기업,"주식회사 마인드디자인(MindDesign, Inc.)","사업시설 관리, 사업 지원 및 임대 서비스업",사업지원 서비스업,중소기업,15.0,서울 종로구,18,2026-08-01 02:44:01
사회적가치,안전보건경영시스템 인증기업,영남산업(주),"사업시설 관리, 사업 지원 및 임대 서비스업",사업지원 서비스업,중소기업,170.0,경북 포항시 남구,17,2026-08-01 02:44:01
사회적가치,사회적기업,㈜공감만세,"사업시설 관리, 사업 지원 및 임대 서비스업",사업지원 서비스업,중소기업,22.0,서울 용산구,14,2026-08-01 02:44:01
사회적가치,사회적기업,고한사북남면청주민주식회사,"사업시설 관리, 사업 지원 및 임대 서비스업",사업지원 서비스업,중소기업,96.0,강원 정선군,13,2026-08-01 02:44:01
사회적가치,사회적기업,㈜ 천우안전,"사업시설 관리, 사업 지원 및 임대 서비스업",사업지원 서비스업,중소기업,,서울 중랑구,12,2026-08-01 02:44:01
사회적가치,사회적기업,꿈동산장애인표준사업장 주식회사,"사업시설 관리, 사업 지원 및 임대 서비스업",사업지원 서비스업,중소기업,6.0,경기 광주시,8,2026-08-01 02:44:01
사회적가치,안전보건경영시스템 인증기업,유한회사건우,"사업시설 관리, 사업 지원 및 임대 서비스업",사업지원 서비스업,중소기업,,,8,2026-08-01 02:44:01
사회적가치,안전보건경영시스템 인증기업,신흥기업주식회사,"사업시설 관리, 사업 지원 및 임대 서비스업",사업지원 서비스업,중소기업,,,7,2026-08-01 02:44:01
사회적가치,사회적기업,주식회사 영진이노텍,"사업시설 관리, 사업 지원 및 임대 서비스업",사업지원 서비스업,중소기업,15.0,충북 충주시,5,2026-08-01 02:44:01
사회적가치,안전보건경영시스템 인증기업,생산라인 정밀설비 및 중량물 반입공사,"사업시설 관리, 사업 지원 및 임대 서비스업",사업지원 서비스업,중소기업,40.0,경기 화성시,3,2026-08-01 02:44:01
사회적가치,사회적기업,주식회사 비티메디,"사업시설 관리, 사업 지원 및 임대 서비스업",사업지원 서비스업,중소기업,18.0,경기 고양시 일산동구,1,2026-08-01 02:44:01
사회적가치,사회적기업,(사)한국장애인이워크협회 일자리사업장,"사업시설 관리, 사업 지원 및 임대 서비스업",사업지원 서비스업,,48.0,서울 금천구,0,2026-08-01 02:44:01
사회적가치,안전보건경영시스템 인증기업,(주)화인,"사업시설 관리, 사업 지원 및 임대 서비스업",사업지원 서비스업,,,,0,2026-08-01 02:44:01
사회적가치,사회적기업,주식회사 미소능력개발센터,교육 서비스업,교육 서비스업,중소기업,18.0,전북 전주시 완산구,52,2026-08-01 02:44:01
사회적가치,사회적기업,(주) 보듬,교육 서비스업,교육 서비스업,중소기업,20.0,충북 청주시 흥덕구,45,2026-08-01 02:44:01
사회적가치,사회적기업,사단법인 희망찬코리아,교육 서비스업,교육 서비스업,기타,,전북 전주시 완산구,43,2026-08-01 02:44:01
사회적가치,사회적기업,㈜ 나우러닝,교육 서비스업,교육 서비스업,중소기업,16.0,인천 연수구,30,2026-08-01 02:44:01
사회적가치,사회적기업,교육복지협동조합,교육 서비스업,교육 서비스업,중소기업,,전북 정읍시,25,2026-08-01 02:44:01
사회적가치,사회적기업,주식회사 더베럴에듀,교육 서비스업,교육 서비스업,중소기업,,부산 부산진구,9,2026-08-01 02:44:01
사회적가치,사회적기업,재단법인 한국사회투자,교육 서비스업,교육 서비스업,기타,14.0,서울 마포구,4,2026-08-01 02:44:01
사회적가치,사회적기업,사단법인 코익스,교육 서비스업,교육 서비스업,기타,22.0,경기 성남시 분당구,4,2026-08-01 02:44:01
사회적가치,사회적기업,"주식회사 에듀마크(Edumark co.,Ltd)",교육 서비스업,교육 서비스업,중소기업,8.0,인천 부평구,4,2026-08-01 02:44:01
사회적가치,사회적기업,주식회사 모람플랫폼,교육 서비스업,교육 서비스업,중소기업,,,2,2026-08-01 02:44:01
사회적가치,사회적기업,꿈틀 협동조합,교육 서비스업,교육 서비스업,중소기업,3.0,경기 수원시 권선구,2,2026-08-01 02:44:01
사회적가치,사회적기업,주식회사그로잉에듀,교육 서비스업,교육 서비스업,중소기업,,부산 해운대구,2,2026-08-01 02:44:01
사회적가치,사회적기업,주식회사 아워스토리,교육 서비스업,교육 서비스업,중소기업,,서울 동작구,1,2026-08-01 02:44:01
사회적가치,사회적기업,사단법인 에스이엘안전기술원,교육 서비스업,교육 서비스업,기타,10.0,경기 화성시,1,2026-08-01 02:44:01
사회적가치,사회적기업,대전청사회적협동조합,교육 서비스업,교육 서비스업,기타,,대전 서구,0,2026-08-01 02:44:01
사회적가치,사회적기업,(주)행복더하기,보건업 및 사회복지 서비스업,보건업,중소기업,526.0,경기 파주시,75,2026-08-01 02:44:01
사회적가치,사회적기업,시흥희망의료복지 사회적협동조합,보건업 및 사회복지 서비스업,보건업,기타,345.0,경기 시흥시,63,2026-08-01 02:44:01
사회적가치,사회적기업,안산의료복지 사회적협동조합,보건업 및 사회복지 서비스업,보건업,기타,761.0,경기 안산시 상록구,42,2026-08-01 02:44:01
사회적가치,사회적기업,부천의료복지사회적협동조합,보건업 및 사회복지 서비스업,보건업,기타,96.0,경기 부천시,35,2026-08-01 02:44:01
사회적가치,사회적기업,사회적협동조합 가가호호돌봄센터,보건업 및 사회복지 서비스업,보건업,기타,,서울 영등포구,12,2026-08-01 02:44:01
사회적가치,사회적기업,주식회사 천사,보건업 및 사회복지 서비스업,보건업,중소기업,,강원 속초시,12,2026-08-01 02:44:01
사회적가치,사회적기업,(주)동서남북재가방문,보건업 및 사회복지 서비스업,보건업,중소기업,,경기 광명시,10,2026-08-01 02:44:01
사회적가치,사회적기업,주식회사 돌봄사회서비스센터,보건업 및 사회복지 서비스업,보건업,중소기업,62.0,경북 안동시,10,2026-08-01 02:44:01
사회적가치,사회적기업,사회적협동조합 종로돌봄센터,보건업 및 사회복지 서비스업,보건업,기타,,서울 종로구,5,2026-08-01 02:44:01
사회적가치,남녀고용평등우수기업,에스포항병원,보건업 및 사회복지 서비스업,보건업,,,경북 포항시 남구,0,2026-08-01 02:44:01
사회적가치,사회적기업,주식회사 효자노치원,보건업 및 사회복지 서비스업,사회복지 서비스업,중소기업,,경기 수원시 권선구,29,2026-08-01 02:44:01
사회적가치,사회적기업,주식회사 양주돌봄센터,보건업 및 사회복지 서비스업,사회복지 서비스업,중소기업,,경기 양주시,23,2026-08-01 02:44:01
사회적가치,사회적기업,㈜ILI 사회서비스,보건업 및 사회복지 서비스업,사회복지 서비스업,중소기업,22.0,부산 부산진구,20,2026-08-01 02:44:01
사회적가치,사회적기업,㈜더 미래 복지재단,보건업 및 사회복지 서비스업,사회복지 서비스업,중소기업,,전북 정읍시,8,2026-08-01 02:44:01
사회적가치,사회적기업,(주)사랑복지센터,보건업 및 사회복지 서비스업,사회복지 서비스업,중소기업,50.0,,3,2026-08-01 02:44:01
사회적가치,사회적기업,사회복지법인 다하 세하앤 사업단,보건업 및 사회복지 서비스업,사회복지 서비스업,,,충북 제천시,0,2026-08-01 02:44:01
사회적가치,사회적기업,사회복지법인천주교수원교구사회복지회행복한일터,보건업 및 사회복지 서비스업,사회복지 서비스업,,6.0,경기 화성시,0,2026-08-01 02:44:01
사회적가치,사회적기업,사단법인 드림피아 내 드림장애인보호작업장 사업단,보건업 및 사회복지 서비스업,사회복지 서비스업,,1.0,서울 양천구,0,2026-08-01 02:44:01
사회적가치,사회적기업,소화아람일터,보건업 및 사회복지 서비스업,사회복지 서비스업,,32.0,,0,2026-08-01 02:44:01
사회적가치,사회적기업,주식회사 앨리스,"예술, 스포츠 및 여가관련 서비스업","창작, 예술 및 여가관련 서비스업",중소기업,11.0,,53,2026-08-01 02:44:01
사회적가치,여가친화기업,(재)전남문화재단,"예술, 스포츠 및 여가관련 서비스업","창작, 예술 및 여가관련 서비스업",기타,51.0,,51,2026-08-01 02:44:01
사회적가치,사회적기업,주식회사 풍선껌,"예술, 스포츠 및 여가관련 서비스업","창작, 예술 및 여가관련 서비스업",중소기업,10.0,,20,2026-08-01 02:44:01
사회적가치,안전보건경영시스템 인증기업,수도문물연구원,"예술, 스포츠 및 여가관련 서비스업","창작, 예술 및 여가관련 서비스업",기타,,경기 파주시,17,2026-08-01 02:44:01
사회적가치,사회적기업,얼쑤 사회적협동조합,"예술, 스포츠 및 여가관련 서비스업","창작, 예술 및 여가관련 서비스업",기타,,충남 천안시 서북구,13,2026-08-01 02:44:01
사회적가치,사회적기업,(사)문화프로덕션도모,"예술, 스포츠 및 여가관련 서비스업","창작, 예술 및 여가관련 서비스업",기타,12.0,강원 춘천시,9,2026-08-01 02:44:01
사회적가치,사회적기업,주식회사스포이즘,"예술, 스포츠 및 여가관련 서비스업",스포츠 및 오락관련 서비스업,중소기업,186.0,인천 연수구,24,2026-08-01 02:44:01
사회적가치,사회적기업,하얀세상 주식회사,"예술, 스포츠 및 여가관련 서비스업",스포츠 및 오락관련 서비스업,중소기업,47.0,경기 용인시 처인구,9,2026-08-01 02:44:01
사회적가치,안전보건경영시스템 인증기업,부산패션칼라산업협동조합,"협회 및 단체, 수리 및 기타 개인 서비스업",협회 및 단체,기타,70.0,부산 사하구,8,2026-08-01 02:44:01
사회적가치,사회적기업,사회복지법인에덴복지재단에덴하우스,"협회 및 단체, 수리 및 기타 개인 서비스업",협회 및 단체,,122.0,경기 파주시,0,2026-08-01 02:44:01
사회적가치,사회적기업,사회복지법인 에덴복지재단 형원,"협회 및 단체, 수리 및 기타 개인 서비스업",협회 및 단체,,122.0,경기 파주시,0,2026-08-01 02:44:01
사회적가치,사회적기업,세종우리협동조합,"협회 및 단체, 수리 및 기타 개인 서비스업",기타 개인 서비스업,중소기업,228.0,세종,106,2026-08-01 02:44:01
사회적가치,사회적기업,주식회사 나눔과돌봄사회서비스지원센터,"협회 및 단체, 수리 및 기타 개인 서비스업",기타 개인 서비스업,중소기업,,경북 포항시 북구,99,2026-08-01 02:44:01
사회적가치,사회적기업,사회적협동조합 창원도우누리,"협회 및 단체, 수리 및 기타 개인 서비스업",기타 개인 서비스업,기타,,경남 창원시 의창구,92,2026-08-01 02:44:01
사회적가치,사회적기업,오산돌봄사회적협동조합,"협회 및 단체, 수리 및 기타 개인 서비스업",기타 개인 서비스업,기타,,경기 오산시,36,2026-08-01 02:44:01
사회적가치,사회적기업,나눔과돌봄 사회적협동조합,"협회 및 단체, 수리 및 기타 개인 서비스업",기타 개인 서비스업,기타,,경남 양산시,23,2026-08-01 02:44:01
사회적가치,사회적기업,수성돌봄 사회적협동조합,"협회 및 단체, 수리 및 기타 개인 서비스업",기타 개인 서비스업,중소기업,,대구 수성구,16,2026-08-01 02:44:01
사회적가치,사회적기업,하이크리닝협동조합,"협회 및 단체, 수리 및 기타 개인 서비스업",기타 개인 서비스업,중소기업,,대구 중구,13,2026-08-01 02:44:01
사회적가치,사회적기업,울산다원협동조합,"협회 및 단체, 수리 및 기타 개인 서비스업",기타 개인 서비스업,기타,,울산 북구,12,2026-08-01 02:44:01
사회적가치,사회적기업,주식회사 심양재가복지센터,"협회 및 단체, 수리 및 기타 개인 서비스업",기타 개인 서비스업,중소기업,,서울 중랑구,10,2026-08-01 02:44:01
사회적가치,사회적기업,드림돌봄센터㈜,"협회 및 단체, 수리 및 기타 개인 서비스업",기타 개인 서비스업,중소기업,,경북 울진군,5,2026-08-01 02:44:01
사회적가치,사회적기업,주식회사 정성기업,"협회 및 단체, 수리 및 기타 개인 서비스업",기타 개인 서비스업,중소기업,,제주 제주시,5,2026-08-01 02:44:01
사회적가치,사회적기업,사단법인 화순나눔세상,"협회 및 단체, 수리 및 기타 개인 서비스업",기타 개인 서비스업,기타,,,4,2026-08-01 02:44:01
사회적가치,사회적기업,㈜ 티에스글로벌,"협회 및 단체, 수리 및 기타 개인 서비스업",기타 개인 서비스업,중소기업,10.0,대구 중구,4,2026-08-01 02:44:01
사회적가치,사회적기업,주식회사 메디칼크리닝센터,"협회 및 단체, 수리 및 기타 개인 서비스업",기타 개인 서비스업,중소기업,,경북 영주시,2,2026-08-01 02:44:01
사회적가치,사회적기업,사회적협동조합양지돌봄,"협회 및 단체, 수리 및 기타 개인 서비스업",기타 개인 서비스업,,,경기 안산시 단원구,0,2026-08-01 02:44:01
사회적가치,사회적기업,(주)안산돌봄센터,"협회 및 단체, 수리 및 기타 개인 서비스업",기타 개인 서비스업,,37.0,경기 안산시 상록구,0,2026-08-01 02:44:01
신청 강소기업,고용부 선정 강소기업 신청기업,(주)닥터애그,"농업, 임업 및 어업",농업,중소기업,188.0,경북 청도군,26,2026-08-01 02:44:01
신청 강소기업,고용부 선정 강소기업 신청기업,농업회사법인(주)다비육종,"농업, 임업 및 어업",농업,중소기업,109.0,경기 안성시,19,2026-08-01 02:44:01
신청 강소기업,고용부 선정 강소기업 신청기업,주식회사 계림바이오,"농업, 임업 및 어업",임업,중소기업,,경북 경주시,3,2026-08-01 02:44:01
신청 강소기업,고용부 선정 강소기업 신청기업,주식회사 흥림이엔지,"농업, 임업 및 어업",임업,중소기업,13.0,경북 경주시,0,2026-08-01 02:44:01
신청 강소기업,고용부 선정 강소기업 신청기업,주식회사 에르코스농업회사법인,제조업,식료품 제조업,중소기업,185.0,대전 유성구,199,2026-08-01 02:44:01
신청 강소기업,고용부 선정 강소기업 신청기업,(주)대두식품,제조업,식료품 제조업,중견기업,275.0,전북 군산시,154,2026-08-01 02:44:01
신청 강소기업,고용부 선정 강소기업 신청기업,주식회사 태산,제조업,식료품 제조업,중소기업,44.0,경북 영천시,84,2026-08-01 02:44:01
신청 강소기업,고용부 선정 강소기업 신청기업,(주)비젼식품,제조업,식료품 제조업,중소기업,34.0,,72,2026-08-01 02:44:01
신청 강소기업,고용부 선정 강소기업 신청기업,(주)고려에프앤에프,제조업,식료품 제조업,중견기업,47.0,경기 안성시,67,2026-08-01 02:44:01
신청 강소기업,고용부 선정 강소기업 신청기업,(주)대신육가공,제조업,식료품 제조업,중견기업,94.0,,66,2026-08-01 02:44:01
신청 강소기업,고용부 선정 강소기업 신청기업,(주)더채움,제조업,식료품 제조업,중소기업,31.0,경기 고양시 일산동구,58,2026-08-01 02:44:01
신청 강소기업,고용부 선정 강소기업 신청기업,농업회사법인(주)옻가네,제조업,식료품 제조업,중소기업,167.0,충북 제천시,55,2026-08-01 02:44:01
신청 강소기업,고용부 선정 강소기업 신청기업,주식회사 한미양행,제조업,식료품 제조업,중소기업,245.0,경기 파주시,52,2026-08-01 02:44:01
신청 강소기업,고용부 선정 강소기업 신청기업,(주)선인,제조업,식료품 제조업,중견기업,166.0,경남 밀양시,48,2026-08-01 02:44:01
신청 강소기업,고용부 선정 강소기업 신청기업,(주)나루아토,제조업,식료품 제조업,중소기업,5.0,경남 진주시,35,2026-08-01 02:44:01
신청 강소기업,고용부 선정 강소기업 신청기업,(주)락토메이슨,제조업,식료품 제조업,중소기업,89.0,경남 진주시,35,2026-08-01 02:44:01
신청 강소기업,고용부 선정 강소기업 신청기업,(주)비에이치푸드,제조업,식료품 제조업,중소기업,20.0,경기 군포시,34,2026-08-01 02:44:01
신청 강소기업,고용부 선정 강소기업 신청기업,농업회사법인 꿀맛나는세상(주),제조업,식료품 제조업,중소기업,25.0,경기 화성시,33,2026-08-01 02:44:01
신청 강소기업,고용부 선정 강소기업 신청기업,주식회사 더락,제조업,식료품 제조업,중소기업,,경기 포천시,30,2026-08-01 02:44:01
신청 강소기업,고용부 선정 강소기업 신청기업,서울향료(주),제조업,식료품 제조업,중견기업,150.0,서울 서초구,29,2026-08-01 02:44:01
신청 강소기업,고용부 선정 강소기업 신청기업,(주)삼아인터내셔날,제조업,식료품 제조업,중소기업,87.0,충남 아산시,29,2026-08-01 02:44:01
신청 강소기업,고용부 선정 강소기업 신청기업,네추럴웨이,제조업,식료품 제조업,중소기업,286.0,경기 포천시,25,2026-08-01 02:44:01
신청 강소기업,고용부 선정 강소기업 신청기업,(주)웰파인,제조업,식료품 제조업,중소기업,165.0,강원 횡성군,25,2026-08-01 02:44:01
신청 강소기업,고용부 선정 강소기업 신청기업,농업회사법인(주)영풍,제조업,식료품 제조업,중소기업,116.0,대구 달서구,24,2026-08-01 02:44:01
신청 강소기업,고용부 선정 강소기업 신청기업,원앤원(주),제조업,식료품 제조업,중소기업,214.0,충남 천안시 서북구,24,2026-08-01 02:44:01
신청 강소기업,고용부 선정 강소기업 신청기업,(주)네이처텍,제조업,식료품 제조업,중소기업,157.0,충북 진천군,22,2026-08-01 02:44:01
신청 강소기업,고용부 선정 강소기업 신청기업,(주)대력,제조업,식료품 제조업,중소기업,35.0,경남 김해시,21,2026-08-01 02:44:01
신청 강소기업,고용부 선정 강소기업 신청기업,주식회사우리에프엔비,제조업,식료품 제조업,중소기업,124.0,충남 청양군,20,2026-08-01 02:44:01
신청 강소기업,고용부 선정 강소기업 신청기업,주식회사 케어팜,제조업,식료품 제조업,중소기업,,경기 화성시,20,2026-08-01 02:44:01
신청 강소기업,고용부 선정 강소기업 신청기업,(주)우양,제조업,식료품 제조업,중견기업,352.0,충남 서천군,18,2026-08-01 02:44:01
신청 강소기업,고용부 선정 강소기업 신청기업,(주)성원냉동식품,제조업,식료품 제조업,중소기업,67.0,경기 연천군,17,2026-08-01 02:44:01
신청 강소기업,고용부 선정 강소기업 신청기업,주식회사 찬들푸드,제조업,식료품 제조업,중소기업,57.0,경기 부천시,17,2026-08-01 02:44:01
신청 강소기업,고용부 선정 강소기업 신청기업,내츄럴스푸드,제조업,식료품 제조업,중소기업,59.0,충북 진천군,15,2026-08-01 02:44:01
신청 강소기업,고용부 선정 강소기업 신청기업,농업회사법인 주식회사 산들본가,제조업,식료품 제조업,중소기업,12.0,세종,10,2026-08-01 02:44:01
신청 강소기업,고용부 선정 강소기업 신청기업,(주)뉴트리,제조업,식료품 제조업,중소기업,86.0,서울 송파구,8,2026-08-01 02:44:01
신청 강소기업,고용부 선정 강소기업 신청기업,(주)프리퍼커피,제조업,식료품 제조업,중소기업,2.0,서울 서초구,6,2026-08-01 02:44:01
신청 강소기업,고용부 선정 강소기업 신청기업,(주)뉴디스코리아,제조업,식료품 제조업,중소기업,10.0,경기 파주시,6,2026-08-01 02:44:01
신청 강소기업,고용부 선정 강소기업 신청기업,주식회사맛붐,제조업,식료품 제조업,중소기업,11.0,경기 파주시,5,2026-08-01 02:44:01
신청 강소기업,고용부 선정 강소기업 신청기업,주식회사 셀로닉스,제조업,식료품 제조업,중소기업,79.0,전북 익산시,5,2026-08-01 02:44:01
신청 강소기업,고용부 선정 강소기업 신청기업,게이트고메코리아 유한회사,제조업,식료품 제조업,중소기업,185.0,,4,2026-08-01 02:44:01
신청 강소기업,고용부 선정 강소기업 신청기업,씨지에프주식회사,제조업,식료품 제조업,중소기업,86.0,대구 달서구,4,2026-08-01 02:44:01
신청 강소기업,고용부 선정 강소기업 신청기업,(주)에이앤바이오,제조업,식료품 제조업,중소기업,30.0,경기 용인시 수지구,2,2026-08-01 02:44:01
신청 강소기업,고용부 선정 강소기업 신청기업,육성푸드 주식회사,제조업,식료품 제조업,중소기업,,서울 영등포구,1,2026-08-01 02:44:01
신청 강소기업,고용부 선정 강소기업 신청기업,주식회사 감동란,제조업,식료품 제조업,,,충남 논산시,0,2026-08-01 02:44:01
신청 강소기업,고용부 선정 강소기업 신청기업,주식회사 미큐어,제조업,식료품 제조업,,,서울 강남구,0,2026-08-01 02:44:01
신청 강소기업,고용부 선정 강소기업 신청기업,콩그린식품,제조업,식료품 제조업,,,경기 고양시 일산서구,0,2026-08-01 02:44:01
신청 강소기업,고용부 선정 강소기업 신청기업,한라식품,제조업,식료품 제조업,,,경북 상주시,0,2026-08-01 02:44:01
신청 강소기업,고용부 선정 강소기업 신청기업,케이엔씨푸드(주),제조업,식료품 제조업,,,경기 파주시,0,2026-08-01 02:44:01
신청 강소기업,고용부 선정 강소기업 신청기업,(주)버터럼,제조업,식료품 제조업,,,대전 서구,0,2026-08-01 02:44:01
신청 강소기업,고용부 선정 강소기업 신청기업,(주)해뜨는공장,제조업,식료품 제조업,중소기업,11.0,,0,2026-08-01 02:44:01
신청 강소기업,고용부 선정 강소기업 신청기업,웅진식품(주),제조업,음료 제조업,중견기업,276.0,충남 공주시,67,2026-08-01 02:44:01
신청 강소기업,고용부 선정 강소기업 신청기업,(주)골든블루,제조업,음료 제조업,중견기업,220.0,부산 기장군,26,2026-08-01 02:44:01
신청 강소기업,고용부 선정 강소기업 신청기업,(주)흥국에프엔비,제조업,음료 제조업,중견기업,162.0,서울 강남구,9,2026-08-01 02:44:01
신청 강소기업,고용부 선정 강소기업 신청기업,윈저글로벌,제조업,음료 제조업,중견기업,100.0,경기 이천시,7,2026-08-01 02:44:01
신청 강소기업,고용부 선정 강소기업 신청기업,(유)충무타올,제조업,섬유제품 제조업; 의복제외,중소기업,112.0,대전 대덕구,38,2026-08-01 02:44:01
신청 강소기업,고용부 선정 강소기업 신청기업,(주)따뜻한세상,제조업,섬유제품 제조업; 의복제외,중소기업,,대구 달서구,30,2026-08-01 02:44:01
신청 강소기업,고용부 선정 강소기업 신청기업,신광타올,제조업,섬유제품 제조업; 의복제외,중소기업,445.0,대구 서구,23,2026-08-01 02:44:01
신청 강소기업,고용부 선정 강소기업 신청기업,(주)이투컬렉션,제조업,섬유제품 제조업; 의복제외,중소기업,44.0,대구 남구,5,2026-08-01 02:44:01
신청 강소기업,고용부 선정 강소기업 신청기업,(주)월드홈닥터,제조업,섬유제품 제조업; 의복제외,중소기업,14.0,경기 안양시 만안구,3,2026-08-01 02:44:01
신청 강소기업,고용부 선정 강소기업 신청기업,주식회사 에프엔비글로벌,제조업,섬유제품 제조업; 의복제외,중소기업,,대구 서구,3,2026-08-01 02:44:01
신청 강소기업,고용부 선정 강소기업 신청기업,준쉐이드,제조업,섬유제품 제조업; 의복제외,중소기업,17.0,경기 파주시,1,2026-08-01 02:44:01
신청 강소기업,고용부 선정 강소기업 신청기업,동하코퍼레이션(주)광주지점,제조업,섬유제품 제조업; 의복제외,,143.0,,0,2026-08-01 02:44:01
신청 강소기업,고용부 선정 강소기업 신청기업,주식회사 더밤부,제조업,섬유제품 제조업; 의복제외,,,대전 중구,0,2026-08-01 02:44:01
신청 강소기업,고용부 선정 강소기업 신청기업,진화퍼시픽 주식회사,제조업,섬유제품 제조업; 의복제외,중소기업,6.0,서울 종로구,0,2026-08-01 02:44:01
신청 강소기업,고용부 선정 강소기업 신청기업,동하코퍼레이션(주)이천지점,제조업,섬유제품 제조업; 의복제외,,143.0,경기 이천시,0,2026-08-01 02:44:01
신청 강소기업,고용부 선정 강소기업 신청기업,(주)별표수세미,제조업,섬유제품 제조업; 의복제외,,,충남 당진시,0,2026-08-01 02:44:01
신청 강소기업,고용부 선정 강소기업 신청기업,(주)신티에스,제조업,"의복, 의복 액세서리 및 모피제품 제조업",중소기업,93.0,서울 구로구,12,2026-08-01 02:44:01
신청 강소기업,고용부 선정 강소기업 신청기업,(주)아이디모드,제조업,"의복, 의복 액세서리 및 모피제품 제조업",중소기업,44.0,서울 금천구,10,2026-08-01 02:44:01
신청 강소기업,고용부 선정 강소기업 신청기업,주식회사 더캐리,제조업,"의복, 의복 액세서리 및 모피제품 제조업",중소기업,192.0,서울 용산구,7,2026-08-01 02:44:01
신청 강소기업,고용부 선정 강소기업 신청기업,주식회사 레이어,제조업,"의복, 의복 액세서리 및 모피제품 제조업",중견기업,182.0,서울 강남구,4,2026-08-01 02:44:01
신청 강소기업,고용부 선정 강소기업 신청기업,(주)더헤르첸,제조업,"의복, 의복 액세서리 및 모피제품 제조업",중소기업,46.0,경기 부천시 원미구,4,2026-08-01 02:44:01
신청 강소기업,고용부 선정 강소기업 신청기업,(주)아쿠아티카,제조업,"의복, 의복 액세서리 및 모피제품 제조업",중소기업,,경기 의정부시,3,2026-08-01 02:44:01
신청 강소기업,고용부 선정 강소기업 신청기업,(주)네오피에스,제조업,"의복, 의복 액세서리 및 모피제품 제조업",중소기업,38.0,서울 성동구,2,2026-08-01 02:44:01
신청 강소기업,고용부 선정 강소기업 신청기업,주식회사 오오토로,제조업,"의복, 의복 액세서리 및 모피제품 제조업",,,서울 성동구,0,2026-08-01 02:44:01
신청 강소기업,고용부 선정 강소기업 신청기업,(주)성광테크,제조업,"의복, 의복 액세서리 및 모피제품 제조업",,,부산 금정구,0,2026-08-01 02:44:01
신청 강소기업,고용부 선정 강소기업 신청기업,(주)에이엔에이치인터내셔날,제조업,"의복, 의복 액세서리 및 모피제품 제조업",중소기업,17.0,서울 성동구,0,2026-08-01 02:44:01
신청 강소기업,고용부 선정 강소기업 신청기업,삼덕통상주식회사,제조업,"가죽, 가방 및 신발 제조업",중소기업,144.0,부산 강서구,26,2026-08-01 02:44:01
신청 강소기업,고용부 선정 강소기업 신청기업,시몬느액세서리컬렉션,제조업,"가죽, 가방 및 신발 제조업",중견기업,319.0,경기 의왕시,4,2026-08-01 02:44:01
신청 강소기업,고용부 선정 강소기업 신청기업,주식회사 유에스씨,제조업,목재 및 나무제품 제조업; 가구 제외,중소기업,11.0,,6,2026-08-01 02:44:01
신청 강소기업,고용부 선정 강소기업 신청기업,(주)창마루,제조업,"펄프, 종이 및 종이제품 제조업",중소기업,31.0,경기 화성시,200,2026-08-01 02:44:01
신청 강소기업,고용부 선정 강소기업 신청기업,(주)금진,제조업,"펄프, 종이 및 종이제품 제조업",중소기업,79.0,충북 청주시 흥덕구,88,2026-08-01 02:44:01
신청 강소기업,고용부 선정 강소기업 신청기업,(주)한독,제조업,"펄프, 종이 및 종이제품 제조업",중소기업,65.0,경북 김천시,42,2026-08-01 02:44:01
신청 강소기업,고용부 선정 강소기업 신청기업,다마요팩(주),제조업,"펄프, 종이 및 종이제품 제조업",중소기업,49.0,경기 파주시,37,2026-08-01 02:44:01
신청 강소기업,고용부 선정 강소기업 신청기업,(주)엠에스에스글로벌,제조업,"펄프, 종이 및 종이제품 제조업",중소기업,50.0,충남 논산시,20,2026-08-01 02:44:01
신청 강소기업,고용부 선정 강소기업 신청기업,토마텍주식회사,제조업,"펄프, 종이 및 종이제품 제조업",중소기업,31.0,서울 송파구,11,2026-08-01 02:44:01
신청 강소기업,고용부 선정 강소기업 신청기업,광성포장산업,제조업,"펄프, 종이 및 종이제품 제조업",중소기업,3.0,,11,2026-08-01 02:44:01
신청 강소기업,고용부 선정 강소기업 신청기업,두보산업(주),제조업,"펄프, 종이 및 종이제품 제조업",중소기업,72.0,경기 평택시,8,2026-08-01 02:44:01
신청 강소기업,고용부 선정 강소기업 신청기업,광성수출포장,제조업,"펄프, 종이 및 종이제품 제조업",중소기업,29.0,,3,2026-08-01 02:44:01
신청 강소기업,고용부 선정 강소기업 신청기업,리베이션(주),제조업,"펄프, 종이 및 종이제품 제조업",중소기업,,서울 강서구,0,2026-08-01 02:44:01
신청 강소기업,고용부 선정 강소기업 신청기업,동진산업,제조업,"펄프, 종이 및 종이제품 제조업",,,대구 달성군,0,2026-08-01 02:44:01
신청 강소기업,고용부 선정 강소기업 신청기업,골든팩키지 주식회사,제조업,인쇄 및 기록매체 복제업,중소기업,41.0,경기 김포시,30,2026-08-01 02:44:01
신청 강소기업,고용부 선정 강소기업 신청기업,주식회사 마크,제조업,인쇄 및 기록매체 복제업,중소기업,12.0,경남 창원시 성산구,27,2026-08-01 02:44:01
신청 강소기업,고용부 선정 강소기업 신청기업,(주)윌비소프트,제조업,인쇄 및 기록매체 복제업,중소기업,62.0,서울 성동구,22,2026-08-01 02:44:01
신청 강소기업,고용부 선정 강소기업 신청기업,주식회사 위블링,제조업,인쇄 및 기록매체 복제업,중소기업,195.0,서울 영등포구,8,2026-08-01 02:44:01
신청 강소기업,고용부 선정 강소기업 신청기업,기프트인포 주식회사,제조업,인쇄 및 기록매체 복제업,중소기업,19.0,서울 중구,7,2026-08-01 02:44:01
신청 강소기업,고용부 선정 강소기업 신청기업,(주)라인테크이엔지,제조업,인쇄 및 기록매체 복제업,중소기업,58.0,경남 창원시 성산구,7,2026-08-01 02:44:01
신청 강소기업,고용부 선정 강소기업 신청기업,주식회사 컴엔시,제조업,인쇄 및 기록매체 복제업,중소기업,,대구 중구,3,2026-08-01 02:44:01
신청 강소기업,고용부 선정 강소기업 신청기업,오롬 주식회사,제조업,인쇄 및 기록매체 복제업,중소기업,48.0,서울 중구,3,2026-08-01 02:44:01
신청 강소기업,고용부 선정 강소기업 신청기업,(주)일흥피앤피,제조업,인쇄 및 기록매체 복제업,중소기업,30.0,서울 중구,0,2026-08-01 02:44:01
신청 강소기업,고용부 선정 강소기업 신청기업,(주)한유 SK ETS,제조업,"코크스, 연탄 및 석유정제품 제조업",중견기업,80.0,서울 관악구,1,2026-08-01 02:44:01
신청 강소기업,고용부 선정 강소기업 신청기업,주식회사 컴앤텍,제조업,화학물질 및 화학제품 제조업; 의약품 제외,중소기업,93.0,,107,2026-08-01 02:44:01
신청 강소기업,고용부 선정 강소기업 신청기업,주식회사엑손알앤디,제조업,화학물질 및 화학제품 제조업; 의약품 제외,중소기업,23.0,경기 안산시 단원구,61,2026-08-01 02:44:01
신청 강소기업,고용부 선정 강소기업 신청기업,아로마라인 주식회사,제조업,화학물질 및 화학제품 제조업; 의약품 제외,중소기업,70.0,경기 성남시 중원구,56,2026-08-01 02:44:01
신청 강소기업,고용부 선정 강소기업 신청기업,조광페인트(주),제조업,화학물질 및 화학제품 제조업; 의약품 제외,중견기업,524.0,부산 사상구,52,2026-08-01 02:44:01
신청 강소기업,고용부 선정 강소기업 신청기업,(주)원앤씨,제조업,화학물질 및 화학제품 제조업; 의약품 제외,중소기업,250.0,경기 안산시 단원구,50,2026-08-01 02:44:01
신청 강소기업,고용부 선정 강소기업 신청기업,(주)씨앤씨인터내셔널,제조업,화학물질 및 화학제품 제조업; 의약품 제외,중소기업,666.0,경기 화성시,47,2026-08-01 02:44:01
신청 강소기업,고용부 선정 강소기업 신청기업,디엔에프,제조업,화학물질 및 화학제품 제조업; 의약품 제외,중견기업,252.0,대전 대덕구,46,2026-08-01 02:44:01
신청 강소기업,고용부 선정 강소기업 신청기업,(주)석경에이티,제조업,화학물질 및 화학제품 제조업; 의약품 제외,중소기업,87.0,경기 안산시 단원구,43,2026-08-01 02:44:01
신청 강소기업,고용부 선정 강소기업 신청기업,(주)정석케미칼,제조업,화학물질 및 화학제품 제조업; 의약품 제외,중소기업,228.0,전북 완주군,42,2026-08-01 02:44:01
신청 강소기업,고용부 선정 강소기업 신청기업,가스켐테크놀로지(주),제조업,화학물질 및 화학제품 제조업; 의약품 제외,중소기업,74.0,충남 천안시 서북구,39,2026-08-01 02:44:01
신청 강소기업,고용부 선정 강소기업 신청기업,티케이지휴켐스(주),제조업,화학물질 및 화학제품 제조업; 의약품 제외,중견기업,291.0,서울 중구,38,2026-08-01 02:44:01
신청 강소기업,고용부 선정 강소기업 신청기업,영진화학(주),제조업,화학물질 및 화학제품 제조업; 의약품 제외,중소기업,37.0,경북 김천시,34,2026-08-01 02:44:01
신청 강소기업,고용부 선정 강소기업 신청기업,세종화학(주),제조업,화학물질 및 화학제품 제조업; 의약품 제외,중소기업,39.0,충북 청주시 흥덕구,34,2026-08-01 02:44:01
신청 강소기업,고용부 선정 강소기업 신청기업,(주)엘루오,제조업,화학물질 및 화학제품 제조업; 의약품 제외,중소기업,115.0,경기 화성시,32,2026-08-01 02:44:01
신청 강소기업,고용부 선정 강소기업 신청기업,(주)티피지,제조업,화학물질 및 화학제품 제조업; 의약품 제외,중소기업,94.0,경기 김포시,31,2026-08-01 02:44:01
신청 강소기업,고용부 선정 강소기업 신청기업,에스엔에프코리아(주),제조업,화학물질 및 화학제품 제조업; 의약품 제외,중견기업,203.0,서울 중구,29,2026-08-01 02:44:01
신청 강소기업,고용부 선정 강소기업 신청기업,(주)제일,제조업,화학물질 및 화학제품 제조업; 의약품 제외,중소기업,45.0,충북 음성군,27,2026-08-01 02:44:01
신청 강소기업,고용부 선정 강소기업 신청기업,(주)에이치와이티,제조업,화학물질 및 화학제품 제조업; 의약품 제외,중소기업,10.0,경기 안산시 단원구,25,2026-08-01 02:44:01
신청 강소기업,고용부 선정 강소기업 신청기업,(주)리가스,제조업,화학물질 및 화학제품 제조업; 의약품 제외,중소기업,46.0,대전 대덕구,25,2026-08-01 02:44:01
신청 강소기업,고용부 선정 강소기업 신청기업,(주)바이오에스텍,제조업,화학물질 및 화학제품 제조업; 의약품 제외,중소기업,54.0,충북 음성군,24,2026-08-01 02:44:01
신청 강소기업,고용부 선정 강소기업 신청기업,(주)진양화성,제조업,화학물질 및 화학제품 제조업; 의약품 제외,중소기업,35.0,부산 사상구,24,2026-08-01 02:44:01
신청 강소기업,고용부 선정 강소기업 신청기업,(주)실크로드시앤티,제조업,화학물질 및 화학제품 제조업; 의약품 제외,중견기업,215.0,서울 강남구,23,2026-08-01 02:44:01
신청 강소기업,고용부 선정 강소기업 신청기업,제이씨앤엠주식회사,제조업,화학물질 및 화학제품 제조업; 의약품 제외,중소기업,56.0,경기 오산시,23,2026-08-01 02:44:01
신청 강소기업,고용부 선정 강소기업 신청기업,에이치설퍼(주),제조업,화학물질 및 화학제품 제조업; 의약품 제외,중소기업,74.0,서울 강남구,21,2026-08-01 02:44:01
신청 강소기업,고용부 선정 강소기업 신청기업,(주)삼양정밀화학,제조업,화학물질 및 화학제품 제조업; 의약품 제외,중소기업,47.0,경남 양산시,20,2026-08-01 02:44:01
신청 강소기업,고용부 선정 강소기업 신청기업,(주)에이치알에스,제조업,화학물질 및 화학제품 제조업; 의약품 제외,중소기업,167.0,경기 평택시,20,2026-08-01 02:44:01
신청 강소기업,고용부 선정 강소기업 신청기업,신풍금속(주),제조업,화학물질 및 화학제품 제조업; 의약품 제외,중소기업,36.0,,20,2026-08-01 02:44:01
신청 강소기업,고용부 선정 강소기업 신청기업,(주)스마트코리아,제조업,화학물질 및 화학제품 제조업; 의약품 제외,중소기업,31.0,대전 유성구,20,2026-08-01 02:44:01
신청 강소기업,고용부 선정 강소기업 신청기업,(주)켐트로스,제조업,화학물질 및 화학제품 제조업; 의약품 제외,중소기업,177.0,경기 안산시 단원구,17,2026-08-01 02:44:01
신청 강소기업,고용부 선정 강소기업 신청기업,메디앙스(주),제조업,화학물질 및 화학제품 제조업; 의약품 제외,중소기업,92.0,서울 강남구,17,2026-08-01 02:44:01
신청 강소기업,고용부 선정 강소기업 신청기업,도레이비에스에프코팅한국(유),제조업,화학물질 및 화학제품 제조업; 의약품 제외,중소기업,112.0,충북 청주시 청원구,16,2026-08-01 02:44:01
신청 강소기업,고용부 선정 강소기업 신청기업,에스엠씨케미칼(주),제조업,화학물질 및 화학제품 제조업; 의약품 제외,중소기업,13.0,충남 아산시,16,2026-08-01 02:44:01
신청 강소기업,고용부 선정 강소기업 신청기업,(주)오알켐,제조업,화학물질 및 화학제품 제조업; 의약품 제외,중소기업,150.0,경기 안산시 단원구,15,2026-08-01 02:44:01
신청 강소기업,고용부 선정 강소기업 신청기업,한국다이요잉크(주),제조업,화학물질 및 화학제품 제조업; 의약품 제외,중견기업,138.0,경기 안산시 단원구,15,2026-08-01 02:44:01
신청 강소기업,고용부 선정 강소기업 신청기업,(주)세원산업,제조업,화학물질 및 화학제품 제조업; 의약품 제외,중소기업,33.0,충북 청주시 흥덕구,15,2026-08-01 02:44:01
신청 강소기업,고용부 선정 강소기업 신청기업,(주)함일셀레나,제조업,화학물질 및 화학제품 제조업; 의약품 제외,중소기업,33.0,경남 김해시,14,2026-08-01 02:44:01
신청 강소기업,고용부 선정 강소기업 신청기업,(주)풍원,제조업,화학물질 및 화학제품 제조업; 의약품 제외,중소기업,73.0,경기 안산시 단원구,12,2026-08-01 02:44:01
신청 강소기업,고용부 선정 강소기업 신청기업,(주)신아티앤씨,제조업,화학물질 및 화학제품 제조업; 의약품 제외,중소기업,75.0,서울 금천구,11,2026-08-01 02:44:01
신청 강소기업,고용부 선정 강소기업 신청기업,(주)라이프위드코퍼레이션,제조업,화학물질 및 화학제품 제조업; 의약품 제외,중소기업,10.0,서울 구로구,10,2026-08-01 02:44:01
신청 강소기업,고용부 선정 강소기업 신청기업,(주)익스톨,제조업,화학물질 및 화학제품 제조업; 의약품 제외,중소기업,38.0,경기 안산시 단원구,10,2026-08-01 02:44:01
신청 강소기업,고용부 선정 강소기업 신청기업,진광(주),제조업,화학물질 및 화학제품 제조업; 의약품 제외,중소기업,19.0,경남 양산시,10,2026-08-01 02:44:01
신청 강소기업,고용부 선정 강소기업 신청기업,(주)엠케이켐앤텍,제조업,화학물질 및 화학제품 제조업; 의약품 제외,중소기업,166.0,경기 안산시 단원구,9,2026-08-01 02:44:01
신청 강소기업,고용부 선정 강소기업 신청기업,페스웰 주식회사,제조업,화학물질 및 화학제품 제조업; 의약품 제외,중소기업,45.0,충북 진천군,8,2026-08-01 02:44:01
신청 강소기업,고용부 선정 강소기업 신청기업,(주)보락,제조업,화학물질 및 화학제품 제조업; 의약품 제외,중소기업,141.0,경기 화성시,7,2026-08-01 02:44:01
신청 강소기업,고용부 선정 강소기업 신청기업,(주)더허브샵,제조업,화학물질 및 화학제품 제조업; 의약품 제외,중소기업,,경기 고양시 덕양구,7,2026-08-01 02:44:01
신청 강소기업,고용부 선정 강소기업 신청기업,(주)디에이치케미칼,제조업,화학물질 및 화학제품 제조업; 의약품 제외,중소기업,11.0,경북 고령군,7,2026-08-01 02:44:01
신청 강소기업,고용부 선정 강소기업 신청기업,(주)에버켐텍,제조업,화학물질 및 화학제품 제조업; 의약품 제외,중소기업,60.0,경기 화성시,7,2026-08-01 02:44:01
신청 강소기업,고용부 선정 강소기업 신청기업,(주)유성화연테크,제조업,화학물질 및 화학제품 제조업; 의약품 제외,중소기업,48.0,충남 금산군,6,2026-08-01 02:44:01
신청 강소기업,고용부 선정 강소기업 신청기업,주식회사 유니언스,제조업,화학물질 및 화학제품 제조업; 의약품 제외,중소기업,106.0,충북 청주시 청원구,6,2026-08-01 02:44:01
신청 강소기업,고용부 선정 강소기업 신청기업,케이디켐(주),제조업,화학물질 및 화학제품 제조업; 의약품 제외,중소기업,47.0,충북 보은군,5,2026-08-01 02:44:01
신청 강소기업,고용부 선정 강소기업 신청기업,(주)더가든오브내추럴솔루션,제조업,화학물질 및 화학제품 제조업; 의약품 제외,중소기업,131.0,경기 오산시,5,2026-08-01 02:44:01
신청 강소기업,고용부 선정 강소기업 신청기업,신한유화(주),제조업,화학물질 및 화학제품 제조업; 의약품 제외,중소기업,24.0,,4,2026-08-01 02:44:01
신청 강소기업,고용부 선정 강소기업 신청기업,(주)티엘론,제조업,화학물질 및 화학제품 제조업; 의약품 제외,중소기업,22.0,전북 부안군,3,2026-08-01 02:44:01
신청 강소기업,고용부 선정 강소기업 신청기업,주식회사 오라스,제조업,화학물질 및 화학제품 제조업; 의약품 제외,중소기업,24.0,충남 천안시 동남구,2,2026-08-01 02:44:01
신청 강소기업,고용부 선정 강소기업 신청기업,바이오스펙트럼(주),제조업,화학물질 및 화학제품 제조업; 의약품 제외,중소기업,97.0,경기 용인시 수지구,1,2026-08-01 02:44:01
신청 강소기업,고용부 선정 강소기업 신청기업,주식회사 미소진,제조업,화학물질 및 화학제품 제조업; 의약품 제외,중소기업,15.0,대전 유성구,1,2026-08-01 02:44:01
신청 강소기업,고용부 선정 강소기업 신청기업,주식회사 덱스레보,제조업,화학물질 및 화학제품 제조업; 의약품 제외,중소기업,107.0,서울 강남구,1,2026-08-01 02:44:01
신청 강소기업,고용부 선정 강소기업 신청기업,주식회사 빅스,제조업,화학물질 및 화학제품 제조업; 의약품 제외,중소기업,26.0,경북 구미시,1,2026-08-01 02:44:01
신청 강소기업,고용부 선정 강소기업 신청기업,(주)수양,제조업,화학물질 및 화학제품 제조업; 의약품 제외,중견기업,26.0,경북 구미시,0,2026-08-01 02:44:01
신청 강소기업,고용부 선정 강소기업 신청기업,알비에치 주식회사,제조업,화학물질 및 화학제품 제조업; 의약품 제외,,,경기 안양시 동안구,0,2026-08-01 02:44:01
신청 강소기업,고용부 선정 강소기업 신청기업,라이트하우스코스메틱,제조업,화학물질 및 화학제품 제조업; 의약품 제외,,,서울 영등포구,0,2026-08-01 02:44:01
신청 강소기업,고용부 선정 강소기업 신청기업,(주)씨엠원,제조업,화학물질 및 화학제품 제조업; 의약품 제외,중소기업,49.0,울산 울주군,0,2026-08-01 02:44:01
신청 강소기업,고용부 선정 강소기업 신청기업,에이치설퍼(주)울산공장,제조업,화학물질 및 화학제품 제조업; 의약품 제외,,74.0,울산 남구,0,2026-08-01 02:44:01
신청 강소기업,고용부 선정 강소기업 신청기업,(주)엠알이노베이션,제조업,화학물질 및 화학제품 제조업; 의약품 제외,,,대구 수성구,0,2026-08-01 02:44:01
신청 강소기업,고용부 선정 강소기업 신청기업,(주)포산인더스트리,제조업,화학물질 및 화학제품 제조업; 의약품 제외,,,경기 고양시 일산동구,0,2026-08-01 02:44:01
신청 강소기업,고용부 선정 강소기업 신청기업,(주)라비오,제조업,화학물질 및 화학제품 제조업; 의약품 제외,중소기업,59.0,서울 금천구,0,2026-08-01 02:44:01
신청 강소기업,고용부 선정 강소기업 신청기업,소니메디,제조업,화학물질 및 화학제품 제조업; 의약품 제외,,,인천 남동구,0,2026-08-01 02:44:01
신청 강소기업,고용부 선정 강소기업 신청기업,티케이지휴켐스(주)여수공장,제조업,화학물질 및 화학제품 제조업; 의약품 제외,,291.0,,0,2026-08-01 02:44:01
신청 강소기업,고용부 선정 강소기업 신청기업,(주)원앤씨,제조업,화학물질 및 화학제품 제조업; 의약품 제외,,250.0,충북 청주시 청원구,0,2026-08-01 02:44:01
신청 강소기업,고용부 선정 강소기업 신청기업,(주)중앙백신연구소,제조업,의료용 물질 및 의약품 제조업,중소기업,194.0,대전 유성구,77,2026-08-01 02:44:01
신청 강소기업,고용부 선정 강소기업 신청기업,(주)영케미칼,제조업,의료용 물질 및 의약품 제조업,중소기업,94.0,경남 김해시,74,2026-08-01 02:44:01
신청 강소기업,고용부 선정 강소기업 신청기업,(주)메디안디노스틱,제조업,의료용 물질 및 의약품 제조업,중소기업,69.0,강원 춘천시,53,2026-08-01 02:44:01
신청 강소기업,고용부 선정 강소기업 신청기업,삼익제약 (주),제조업,의료용 물질 및 의약품 제조업,중소기업,149.0,인천 부평구,43,2026-08-01 02:44:01
신청 강소기업,고용부 선정 강소기업 신청기업,주식회사 CMG제약,제조업,의료용 물질 및 의약품 제조업,중견기업,233.0,서울 강남구,37,2026-08-01 02:44:01
신청 강소기업,고용부 선정 강소기업 신청기업,주식회사 제뉴파마,제조업,의료용 물질 및 의약품 제조업,중견기업,240.0,충북 제천시,32,2026-08-01 02:44:01
신청 강소기업,고용부 선정 강소기업 신청기업,한서켐,제조업,의료용 물질 및 의약품 제조업,중소기업,108.0,경기 평택시,23,2026-08-01 02:44:01
신청 강소기업,고용부 선정 강소기업 신청기업,주식회사니코메디칼,제조업,의료용 물질 및 의약품 제조업,중소기업,149.0,경기 광주시,18,2026-08-01 02:44:01
신청 강소기업,고용부 선정 강소기업 신청기업,(주)엘앤씨바이오,제조업,의료용 물질 및 의약품 제조업,중소기업,192.0,경기 성남시 중원구,16,2026-08-01 02:44:01
신청 강소기업,고용부 선정 강소기업 신청기업,(주)동구바이오제약,제조업,의료용 물질 및 의약품 제조업,중견기업,418.0,서울 송파구,16,2026-08-01 02:44:01
신청 강소기업,고용부 선정 강소기업 신청기업,주식회사 신한바이오켐,제조업,의료용 물질 및 의약품 제조업,중소기업,23.0,경기 화성시,13,2026-08-01 02:44:01
신청 강소기업,고용부 선정 강소기업 신청기업,주식회사 코젠바이오텍,제조업,의료용 물질 및 의약품 제조업,중소기업,118.0,서울 금천구,11,2026-08-01 02:44:01
신청 강소기업,고용부 선정 강소기업 신청기업,주식회사 더유제약,제조업,의료용 물질 및 의약품 제조업,중소기업,218.0,서울 강남구,10,2026-08-01 02:44:01
신청 강소기업,고용부 선정 강소기업 신청기업,(주)한국팜비오,제조업,의료용 물질 및 의약품 제조업,중견기업,416.0,서울 서초구,10,2026-08-01 02:44:01
신청 강소기업,고용부 선정 강소기업 신청기업,에리슨제약(주),제조업,의료용 물질 및 의약품 제조업,중소기업,49.0,경기 화성시,9,2026-08-01 02:44:01
신청 강소기업,고용부 선정 강소기업 신청기업,(주)팜젠사이언스,제조업,의료용 물질 및 의약품 제조업,중견기업,208.0,경기 화성시,8,2026-08-01 02:44:01
신청 강소기업,고용부 선정 강소기업 신청기업,주식회사메디카코리아,제조업,의료용 물질 및 의약품 제조업,중견기업,180.0,서울 서초구,8,2026-08-01 02:44:01
신청 강소기업,고용부 선정 강소기업 신청기업,주식회사 바스칸바이오제약,제조업,의료용 물질 및 의약품 제조업,중견기업,114.0,경기 안성시,7,2026-08-01 02:44:01
신청 강소기업,고용부 선정 강소기업 신청기업,(주)제이비피코리아,제조업,의료용 물질 및 의약품 제조업,중소기업,34.0,서울 강남구,3,2026-08-01 02:44:01
신청 강소기업,고용부 선정 강소기업 신청기업,(주)한국파비스제약,제조업,의료용 물질 및 의약품 제조업,중소기업,128.0,서울 강남구,3,2026-08-01 02:44:01
신청 강소기업,고용부 선정 강소기업 신청기업,(주)폴라리스에이아이파마,제조업,의료용 물질 및 의약품 제조업,중소기업,165.0,경기 화성시,3,2026-08-01 02:44:01
신청 강소기업,고용부 선정 강소기업 신청기업,(주)엑티브온,제조업,의료용 물질 및 의약품 제조업,중소기업,58.0,충북 청주시 청원구,2,2026-08-01 02:44:01
신청 강소기업,고용부 선정 강소기업 신청기업,주식회사 바임,제조업,의료용 물질 및 의약품 제조업,중소기업,30.0,충북 옥천군,1,2026-08-01 02:44:01
신청 강소기업,고용부 선정 강소기업 신청기업,(주)이원바이오텍,제조업,의료용 물질 및 의약품 제조업,중소기업,17.0,인천 연수구,0,2026-08-01 02:44:01
신청 강소기업,고용부 선정 강소기업 신청기업,아성플라스틱밸브(주),제조업,고무 및 플라스틱제품 제조업,중소기업,121.0,경기 안산시 단원구,112,2026-08-01 02:44:01
신청 강소기업,고용부 선정 강소기업 신청기업,(주)진성테크,제조업,고무 및 플라스틱제품 제조업,중소기업,100.0,경기 김포시,95,2026-08-01 02:44:01
신청 강소기업,고용부 선정 강소기업 신청기업,주식회사 폴리코리아,제조업,고무 및 플라스틱제품 제조업,중소기업,23.0,경남 창원시 성산구,86,2026-08-01 02:44:01
신청 강소기업,고용부 선정 강소기업 신청기업,(주)에스피씨팩,제조업,고무 및 플라스틱제품 제조업,중견기업,192.0,충북 청주시 흥덕구,77,2026-08-01 02:44:01
신청 강소기업,고용부 선정 강소기업 신청기업,(주)우진프라스틱,제조업,고무 및 플라스틱제품 제조업,중소기업,128.0,경기 남양주시,51,2026-08-01 02:44:01
신청 강소기업,고용부 선정 강소기업 신청기업,대성정밀(주),제조업,고무 및 플라스틱제품 제조업,중소기업,45.0,경기 의정부시,49,2026-08-01 02:44:01
신청 강소기업,고용부 선정 강소기업 신청기업,진한공업(주),제조업,고무 및 플라스틱제품 제조업,중소기업,18.0,인천 계양구,41,2026-08-01 02:44:01
신청 강소기업,고용부 선정 강소기업 신청기업,(주)TSR,제조업,고무 및 플라스틱제품 제조업,중견기업,157.0,경북 구미시,32,2026-08-01 02:44:01
신청 강소기업,고용부 선정 강소기업 신청기업,주식회사 탑씰,제조업,고무 및 플라스틱제품 제조업,중소기업,119.0,충북 음성군,31,2026-08-01 02:44:01
신청 강소기업,고용부 선정 강소기업 신청기업,(주)이레머티리얼스,제조업,고무 및 플라스틱제품 제조업,중소기업,64.0,경기 평택시,31,2026-08-01 02:44:01
신청 강소기업,고용부 선정 강소기업 신청기업,주식회사서원,제조업,고무 및 플라스틱제품 제조업,중소기업,219.0,경기 평택시,29,2026-08-01 02:44:01
신청 강소기업,고용부 선정 강소기업 신청기업,(주)동일알엔씨,제조업,고무 및 플라스틱제품 제조업,중소기업,40.0,경남 양산시,26,2026-08-01 02:44:01
신청 강소기업,고용부 선정 강소기업 신청기업,(주)지비라이트,제조업,고무 및 플라스틱제품 제조업,중소기업,110.0,부산 강서구,24,2026-08-01 02:44:01
신청 강소기업,고용부 선정 강소기업 신청기업,주식회사 반석티브이에스,제조업,고무 및 플라스틱제품 제조업,중소기업,33.0,서울 송파구,13,2026-08-01 02:44:01
신청 강소기업,고용부 선정 강소기업 신청기업,세림B&G,제조업,고무 및 플라스틱제품 제조업,중소기업,105.0,경기 평택시,13,2026-08-01 02:44:01
신청 강소기업,고용부 선정 강소기업 신청기업,(주)이화폴리텍,제조업,고무 및 플라스틱제품 제조업,중소기업,29.0,,12,2026-08-01 02:44:01
신청 강소기업,고용부 선정 강소기업 신청기업,(주)신경,제조업,고무 및 플라스틱제품 제조업,중소기업,16.0,부산 강서구,12,2026-08-01 02:44:01
신청 강소기업,고용부 선정 강소기업 신청기업,(주)태진화학,제조업,고무 및 플라스틱제품 제조업,중소기업,118.0,경기 화성시,8,2026-08-01 02:44:01
신청 강소기업,고용부 선정 강소기업 신청기업,(주)우신머티리얼즈,제조업,고무 및 플라스틱제품 제조업,중소기업,20.0,경기 평택시,7,2026-08-01 02:44:01
신청 강소기업,고용부 선정 강소기업 신청기업,(주)폼웍스,제조업,고무 및 플라스틱제품 제조업,중소기업,164.0,서울 서초구,6,2026-08-01 02:44:01
신청 강소기업,고용부 선정 강소기업 신청기업,(주)티앤아이,제조업,고무 및 플라스틱제품 제조업,중소기업,21.0,전북 부안군,5,2026-08-01 02:44:01
신청 강소기업,고용부 선정 강소기업 신청기업,주식회사 필링크,제조업,고무 및 플라스틱제품 제조업,중소기업,36.0,경기 수원시 영통구,4,2026-08-01 02:44:01
신청 강소기업,고용부 선정 강소기업 신청기업,주식회사 이원그린텍,제조업,고무 및 플라스틱제품 제조업,중소기업,88.0,경기 화성시,4,2026-08-01 02:44:01
신청 강소기업,고용부 선정 강소기업 신청기업,보성포리테크(주),제조업,고무 및 플라스틱제품 제조업,중소기업,20.0,,3,2026-08-01 02:44:01
신청 강소기업,고용부 선정 강소기업 신청기업,(주)티제이에스,제조업,고무 및 플라스틱제품 제조업,중소기업,41.0,경기 화성시,2,2026-08-01 02:44:01
신청 강소기업,고용부 선정 강소기업 신청기업,주식회사 엠에프매직하우스,제조업,고무 및 플라스틱제품 제조업,중소기업,13.0,경기 파주시,2,2026-08-01 02:44:01
신청 강소기업,고용부 선정 강소기업 신청기업,금정산업(주),제조업,고무 및 플라스틱제품 제조업,중소기업,38.0,경남 양산시,1,2026-08-01 02:44:01
신청 강소기업,고용부 선정 강소기업 신청기업,이에스콘트롤스(주),제조업,고무 및 플라스틱제품 제조업,중소기업,16.0,서울 강남구,1,2026-08-01 02:44:01
신청 강소기업,고용부 선정 강소기업 신청기업,(주)기본에,제조업,고무 및 플라스틱제품 제조업,중소기업,18.0,경기 포천시,1,2026-08-01 02:44:01
신청 강소기업,고용부 선정 강소기업 신청기업,한일하이테크,제조업,고무 및 플라스틱제품 제조업,,,경기 화성시,0,2026-08-01 02:44:01
신청 강소기업,고용부 선정 강소기업 신청기업,(주)오리오,제조업,고무 및 플라스틱제품 제조업,중소기업,,경기 용인시 처인구,0,2026-08-01 02:44:01
신청 강소기업,고용부 선정 강소기업 신청기업,주식회사 나경,제조업,비금속 광물제품 제조업,중소기업,198.0,대구 서구,44,2026-08-01 02:44:01
신청 강소기업,고용부 선정 강소기업 신청기업,(주)에스와이씨,제조업,비금속 광물제품 제조업,중소기업,62.0,충남 아산시,42,2026-08-01 02:44:01
신청 강소기업,고용부 선정 강소기업 신청기업,(주)신한세라믹,제조업,비금속 광물제품 제조업,중소기업,108.0,경기 시흥시,32,2026-08-01 02:44:01
신청 강소기업,고용부 선정 강소기업 신청기업,삼성파워텍(주),제조업,비금속 광물제품 제조업,중소기업,10.0,경북 김천시,23,2026-08-01 02:44:01
신청 강소기업,고용부 선정 강소기업 신청기업,주식회사 데코피아,제조업,비금속 광물제품 제조업,중소기업,30.0,경기 용인시 처인구,13,2026-08-01 02:44:01
신청 강소기업,고용부 선정 강소기업 신청기업,동진파일(주),제조업,비금속 광물제품 제조업,중소기업,22.0,충남 서산시,8,2026-08-01 02:44:01
신청 강소기업,고용부 선정 강소기업 신청기업,(주)세라코,제조업,비금속 광물제품 제조업,중소기업,22.0,충남 천안시 서북구,4,2026-08-01 02:44:01
신청 강소기업,고용부 선정 강소기업 신청기업,동진산업(주),제조업,비금속 광물제품 제조업,중소기업,33.0,경기 수원시 권선구,3,2026-08-01 02:44:01
신청 강소기업,고용부 선정 강소기업 신청기업,빌드켐,제조업,비금속 광물제품 제조업,중소기업,19.0,충남 공주시,2,2026-08-01 02:44:01
신청 강소기업,고용부 선정 강소기업 신청기업,동진피씨이(주),제조업,비금속 광물제품 제조업,중소기업,36.0,충북 음성군,2,2026-08-01 02:44:01
신청 강소기업,고용부 선정 강소기업 신청기업,주식회사 에이치라인컴퍼니,제조업,비금속 광물제품 제조업,중소기업,,서울 성동구,1,2026-08-01 02:44:01
신청 강소기업,고용부 선정 강소기업 신청기업,동진파일(주),제조업,비금속 광물제품 제조업,,22.0,서울 송파구,0,2026-08-01 02:44:01
신청 강소기업,고용부 선정 강소기업 신청기업,(주)세창스틸,제조업,1차 금속 제조업,중소기업,126.0,전북 정읍시,80,2026-08-01 02:44:01
신청 강소기업,고용부 선정 강소기업 신청기업,(주)SIMPAC,제조업,1차 금속 제조업,중견기업,488.0,인천 부평구,58,2026-08-01 02:44:01
신청 강소기업,고용부 선정 강소기업 신청기업,(주)알루앤텍,제조업,1차 금속 제조업,중소기업,32.0,경남 거창군,29,2026-08-01 02:44:01
신청 강소기업,고용부 선정 강소기업 신청기업,주식회사 쏠라에스티,제조업,1차 금속 제조업,중소기업,29.0,세종,28,2026-08-01 02:44:01
신청 강소기업,고용부 선정 강소기업 신청기업,부곡스텐레스(주),제조업,1차 금속 제조업,중소기업,27.0,부산 강서구,18,2026-08-01 02:44:01
신청 강소기업,고용부 선정 강소기업 신청기업,(주)강한스틸,제조업,1차 금속 제조업,중소기업,42.0,충북 진천군,12,2026-08-01 02:44:01
신청 강소기업,고용부 선정 강소기업 신청기업,동인철강산업 주식회사,제조업,1차 금속 제조업,중소기업,57.0,충남 아산시,9,2026-08-01 02:44:01
신청 강소기업,고용부 선정 강소기업 신청기업,(주)유니스틸,제조업,1차 금속 제조업,중소기업,24.0,경북 성주군,7,2026-08-01 02:44:01
신청 강소기업,고용부 선정 강소기업 신청기업,동인철강(주),제조업,1차 금속 제조업,중소기업,31.0,,7,2026-08-01 02:44:01
신청 강소기업,고용부 선정 강소기업 신청기업,동양특수금속(주),제조업,1차 금속 제조업,중소기업,40.0,경기 시흥시,6,2026-08-01 02:44:01
신청 강소기업,고용부 선정 강소기업 신청기업,(주)세종알로이,제조업,1차 금속 제조업,중소기업,21.0,경기 화성시,6,2026-08-01 02:44:01
신청 강소기업,고용부 선정 강소기업 신청기업,승진철강(주),제조업,1차 금속 제조업,중소기업,14.0,경기 포천시,0,2026-08-01 02:44:01
신청 강소기업,고용부 선정 강소기업 신청기업,(주)다인정공,제조업,금속가공제품 제조업; 기계 및 가구 제외,중견기업,282.0,경기 시흥시,92,2026-08-01 02:44:01
신청 강소기업,고용부 선정 강소기업 신청기업,주식회사 코아드,제조업,금속가공제품 제조업; 기계 및 가구 제외,중소기업,54.0,경기 화성시,77,2026-08-01 02:44:01
신청 강소기업,고용부 선정 강소기업 신청기업,주식회사 거광기업,제조업,금속가공제품 제조업; 기계 및 가구 제외,중소기업,46.0,서울 강남구,59,2026-08-01 02:44:01
신청 강소기업,고용부 선정 강소기업 신청기업,승산팩,제조업,금속가공제품 제조업; 기계 및 가구 제외,중소기업,158.0,,56,2026-08-01 02:44:01
신청 강소기업,고용부 선정 강소기업 신청기업,주식회사 천문,제조업,금속가공제품 제조업; 기계 및 가구 제외,중소기업,29.0,경기 화성시,50,2026-08-01 02:44:01
신청 강소기업,고용부 선정 강소기업 신청기업,신생공업(주),제조업,금속가공제품 제조업; 기계 및 가구 제외,중소기업,155.0,대구 달서구,49,2026-08-01 02:44:01
신청 강소기업,고용부 선정 강소기업 신청기업,(주)승진엔지니어링,제조업,금속가공제품 제조업; 기계 및 가구 제외,중소기업,96.0,,47,2026-08-01 02:44:01
신청 강소기업,고용부 선정 강소기업 신청기업,씨와이오토텍(주),제조업,금속가공제품 제조업; 기계 및 가구 제외,중소기업,56.0,경기 화성시,43,2026-08-01 02:44:01
신청 강소기업,고용부 선정 강소기업 신청기업,에프디씨 주식회사,제조업,금속가공제품 제조업; 기계 및 가구 제외,중소기업,76.0,경남 김해시,39,2026-08-01 02:44:01
신청 강소기업,고용부 선정 강소기업 신청기업,(주)폴젠코리아,제조업,금속가공제품 제조업; 기계 및 가구 제외,중소기업,37.0,,39,2026-08-01 02:44:01
신청 강소기업,고용부 선정 강소기업 신청기업,(주)제넨텍,제조업,금속가공제품 제조업; 기계 및 가구 제외,중소기업,68.0,인천 남동구,37,2026-08-01 02:44:01
신청 강소기업,고용부 선정 강소기업 신청기업,신성금속,제조업,금속가공제품 제조업; 기계 및 가구 제외,중소기업,33.0,경기 안산시 상록구,31,2026-08-01 02:44:01
신청 강소기업,고용부 선정 강소기업 신청기업,(주)화신볼트산업,제조업,금속가공제품 제조업; 기계 및 가구 제외,중소기업,157.0,부산 사하구,31,2026-08-01 02:44:01
신청 강소기업,고용부 선정 강소기업 신청기업,주식회사 제이엠,제조업,금속가공제품 제조업; 기계 및 가구 제외,중소기업,,경북 구미시,30,2026-08-01 02:44:01
신청 강소기업,고용부 선정 강소기업 신청기업,(주)한국프로테크,제조업,금속가공제품 제조업; 기계 및 가구 제외,중소기업,28.0,경기 안산시 단원구,30,2026-08-01 02:44:01
신청 강소기업,고용부 선정 강소기업 신청기업,(주)지크하이테크,제조업,금속가공제품 제조업; 기계 및 가구 제외,중소기업,49.0,경기 시흥시,28,2026-08-01 02:44:01
신청 강소기업,고용부 선정 강소기업 신청기업,나이프코리아(주),제조업,금속가공제품 제조업; 기계 및 가구 제외,중소기업,45.0,인천 남동구,26,2026-08-01 02:44:01
신청 강소기업,고용부 선정 강소기업 신청기업,대림통상(주),제조업,금속가공제품 제조업; 기계 및 가구 제외,중견기업,206.0,서울 서대문구,25,2026-08-01 02:44:01
신청 강소기업,고용부 선정 강소기업 신청기업,부천기업(주),제조업,금속가공제품 제조업; 기계 및 가구 제외,중소기업,21.0,경기 김포시,24,2026-08-01 02:44:01
신청 강소기업,고용부 선정 강소기업 신청기업,(주)대열보일러,제조업,금속가공제품 제조업; 기계 및 가구 제외,중소기업,177.0,충남 서산시,23,2026-08-01 02:44:01
신청 강소기업,고용부 선정 강소기업 신청기업,(주)대구정밀,제조업,금속가공제품 제조업; 기계 및 가구 제외,중소기업,151.0,경북 칠곡군,23,2026-08-01 02:44:01
신청 강소기업,고용부 선정 강소기업 신청기업,(주)부영정밀,제조업,금속가공제품 제조업; 기계 및 가구 제외,중소기업,33.0,,23,2026-08-01 02:44:01
신청 강소기업,고용부 선정 강소기업 신청기업,주식회사 선진인더스트리,제조업,금속가공제품 제조업; 기계 및 가구 제외,중소기업,45.0,울산 울주군,21,2026-08-01 02:44:01
신청 강소기업,고용부 선정 강소기업 신청기업,(주)비에프케이,제조업,금속가공제품 제조업; 기계 및 가구 제외,중소기업,55.0,경남 김해시,20,2026-08-01 02:44:01
신청 강소기업,고용부 선정 강소기업 신청기업,디에이치챔프다이아 주식회사,제조업,금속가공제품 제조업; 기계 및 가구 제외,중소기업,42.0,경기 평택시,19,2026-08-01 02:44:01
신청 강소기업,고용부 선정 강소기업 신청기업,주)하나테크,제조업,금속가공제품 제조업; 기계 및 가구 제외,중소기업,27.0,,19,2026-08-01 02:44:01
신청 강소기업,고용부 선정 강소기업 신청기업,(주)태진이엔지,제조업,금속가공제품 제조업; 기계 및 가구 제외,중소기업,54.0,인천 남동구,18,2026-08-01 02:44:01
신청 강소기업,고용부 선정 강소기업 신청기업,주식회사 인터크리에이티브,제조업,금속가공제품 제조업; 기계 및 가구 제외,중소기업,45.0,인천 남동구,17,2026-08-01 02:44:01
신청 강소기업,고용부 선정 강소기업 신청기업,신우산업(주),제조업,금속가공제품 제조업; 기계 및 가구 제외,중소기업,25.0,전북 완주군,17,2026-08-01 02:44:01
신청 강소기업,고용부 선정 강소기업 신청기업,(주)서영P&I,제조업,금속가공제품 제조업; 기계 및 가구 제외,중소기업,72.0,경기 군포시,15,2026-08-01 02:44:01
신청 강소기업,고용부 선정 강소기업 신청기업,주식회사 플랜엠,제조업,금속가공제품 제조업; 기계 및 가구 제외,중소기업,104.0,충북 음성군,15,2026-08-01 02:44:01
신청 강소기업,고용부 선정 강소기업 신청기업,(주)동성앙카,제조업,금속가공제품 제조업; 기계 및 가구 제외,중소기업,32.0,경기 안산시 단원구,15,2026-08-01 02:44:01
신청 강소기업,고용부 선정 강소기업 신청기업,현대파스너(주),제조업,금속가공제품 제조업; 기계 및 가구 제외,중소기업,,경북 칠곡군,14,2026-08-01 02:44:01
신청 강소기업,고용부 선정 강소기업 신청기업,(주)코마스텍,제조업,금속가공제품 제조업; 기계 및 가구 제외,중소기업,25.0,울산 울주군,14,2026-08-01 02:44:01
신청 강소기업,고용부 선정 강소기업 신청기업,(주)가온유압,제조업,금속가공제품 제조업; 기계 및 가구 제외,중소기업,11.0,경기 김포시,13,2026-08-01 02:44:01
신청 강소기업,고용부 선정 강소기업 신청기업,더스코와이어(주),제조업,금속가공제품 제조업; 기계 및 가구 제외,중소기업,33.0,충남 천안시 동남구,13,2026-08-01 02:44:01
신청 강소기업,고용부 선정 강소기업 신청기업,주식회사 나우이엔티,제조업,금속가공제품 제조업; 기계 및 가구 제외,중소기업,18.0,부산 강서구,13,2026-08-01 02:44:01
신청 강소기업,고용부 선정 강소기업 신청기업,주식회사 케이앤피,제조업,금속가공제품 제조업; 기계 및 가구 제외,중소기업,15.0,대전 유성구,12,2026-08-01 02:44:01
신청 강소기업,고용부 선정 강소기업 신청기업,(주)동성테크노스,제조업,금속가공제품 제조업; 기계 및 가구 제외,중소기업,38.0,경북 경산시,11,2026-08-01 02:44:01
신청 강소기업,고용부 선정 강소기업 신청기업,(주)피엔티삼일산업,제조업,금속가공제품 제조업; 기계 및 가구 제외,중소기업,29.0,경기 안산시 단원구,11,2026-08-01 02:44:01
신청 강소기업,고용부 선정 강소기업 신청기업,주식회사 미소테크,제조업,금속가공제품 제조업; 기계 및 가구 제외,중소기업,16.0,경기 남양주시,10,2026-08-01 02:44:01
신청 강소기업,고용부 선정 강소기업 신청기업,(주)제철,제조업,금속가공제품 제조업; 기계 및 가구 제외,중소기업,20.0,대구 달서구,6,2026-08-01 02:44:01
신청 강소기업,고용부 선정 강소기업 신청기업,(주)엔원테크,제조업,금속가공제품 제조업; 기계 및 가구 제외,중소기업,25.0,경기 화성시,5,2026-08-01 02:44:01
신청 강소기업,고용부 선정 강소기업 신청기업,경원벤딩공업사,제조업,금속가공제품 제조업; 기계 및 가구 제외,중소기업,30.0,경남 김해시,3,2026-08-01 02:44:01
신청 강소기업,고용부 선정 강소기업 신청기업,지성하이테크(주),제조업,금속가공제품 제조업; 기계 및 가구 제외,중소기업,,경남 김해시,3,2026-08-01 02:44:01
신청 강소기업,고용부 선정 강소기업 신청기업,다우시스템 주식회사,제조업,금속가공제품 제조업; 기계 및 가구 제외,중소기업,5.0,경기 김포시,2,2026-08-01 02:44:01
신청 강소기업,고용부 선정 강소기업 신청기업,(주)이노스틸,제조업,금속가공제품 제조업; 기계 및 가구 제외,중소기업,42.0,경남 김해시,1,2026-08-01 02:44:01
신청 강소기업,고용부 선정 강소기업 신청기업,케이제이테크,제조업,금속가공제품 제조업; 기계 및 가구 제외,중소기업,11.0,대전 유성구,0,2026-08-01 02:44:01
신청 강소기업,고용부 선정 강소기업 신청기업,주식회사 마메든도어,제조업,금속가공제품 제조업; 기계 및 가구 제외,,,충남 계룡시,0,2026-08-01 02:44:01
신청 강소기업,고용부 선정 강소기업 신청기업,해성공업,제조업,금속가공제품 제조업; 기계 및 가구 제외,,,부산 강서구,0,2026-08-01 02:44:01
신청 강소기업,고용부 선정 강소기업 신청기업,맥산기업,제조업,금속가공제품 제조업; 기계 및 가구 제외,중소기업,15.0,대전 동구,0,2026-08-01 02:44:01
신청 강소기업,고용부 선정 강소기업 신청기업,주진산업,제조업,금속가공제품 제조업; 기계 및 가구 제외,,,경기 남양주시,0,2026-08-01 02:44:01
신청 강소기업,고용부 선정 강소기업 신청기업,화인컴에스이(주),제조업,금속가공제품 제조업; 기계 및 가구 제외,,,서울 송파구,0,2026-08-01 02:44:01
신청 강소기업,고용부 선정 강소기업 신청기업,주식회사현진티엔아이,제조업,금속가공제품 제조업; 기계 및 가구 제외,,,충북 영동군,0,2026-08-01 02:44:01
신청 강소기업,고용부 선정 강소기업 신청기업,(주)태인에프앤씨,제조업,금속가공제품 제조업; 기계 및 가구 제외,,,경기 안산시 단원구,0,2026-08-01 02:44:01
신청 강소기업,고용부 선정 강소기업 신청기업,아이쓰리시스템(주),제조업,"전자부품, 컴퓨터, 영상, 음향 및 통신장비 제조업",중소기업,501.0,대전 유성구,100,2026-08-01 02:44:01
신청 강소기업,고용부 선정 강소기업 신청기업,대건테크,제조업,"전자부품, 컴퓨터, 영상, 음향 및 통신장비 제조업",중소기업,209.0,경남 창원시 의창구,87,2026-08-01 02:44:01
신청 강소기업,고용부 선정 강소기업 신청기업,포스텍전자(주),제조업,"전자부품, 컴퓨터, 영상, 음향 및 통신장비 제조업",중소기업,154.0,경남 양산시,79,2026-08-01 02:44:01
신청 강소기업,고용부 선정 강소기업 신청기업,흥부산업 주식회사,제조업,"전자부품, 컴퓨터, 영상, 음향 및 통신장비 제조업",중소기업,65.0,인천 계양구,76,2026-08-01 02:44:01
신청 강소기업,고용부 선정 강소기업 신청기업,(주)아이스펙,제조업,"전자부품, 컴퓨터, 영상, 음향 및 통신장비 제조업",중소기업,111.0,경남 창원시 의창구,71,2026-08-01 02:44:01
신청 강소기업,고용부 선정 강소기업 신청기업,주식회사 성평,제조업,"전자부품, 컴퓨터, 영상, 음향 및 통신장비 제조업",중소기업,142.0,경남 창원시 의창구,56,2026-08-01 02:44:01
신청 강소기업,고용부 선정 강소기업 신청기업,(주)코리아인스트루먼트,제조업,"전자부품, 컴퓨터, 영상, 음향 및 통신장비 제조업",중소기업,325.0,경기 화성시,44,2026-08-01 02:44:01
신청 강소기업,고용부 선정 강소기업 신청기업,(주)포스텍,제조업,"전자부품, 컴퓨터, 영상, 음향 및 통신장비 제조업",중소기업,68.0,경기 안산시 단원구,40,2026-08-01 02:44:01
신청 강소기업,고용부 선정 강소기업 신청기업,주식회사 에이엘에스,제조업,"전자부품, 컴퓨터, 영상, 음향 및 통신장비 제조업",중소기업,140.0,경기 안산시 단원구,38,2026-08-01 02:44:01
신청 강소기업,고용부 선정 강소기업 신청기업,주식회사 디아이머티리얼즈,제조업,"전자부품, 컴퓨터, 영상, 음향 및 통신장비 제조업",중견기업,106.0,경기 안산시 상록구,34,2026-08-01 02:44:01
신청 강소기업,고용부 선정 강소기업 신청기업,(주)코닥트,제조업,"전자부품, 컴퓨터, 영상, 음향 및 통신장비 제조업",중소기업,55.0,부산 강서구,33,2026-08-01 02:44:01
신청 강소기업,고용부 선정 강소기업 신청기업,피에스엠피 주식회사,제조업,"전자부품, 컴퓨터, 영상, 음향 및 통신장비 제조업",중소기업,38.0,경기 부천시 오정구,33,2026-08-01 02:44:01
신청 강소기업,고용부 선정 강소기업 신청기업,(주)디에프텍,제조업,"전자부품, 컴퓨터, 영상, 음향 및 통신장비 제조업",중소기업,181.0,충북 청주시 흥덕구,31,2026-08-01 02:44:01
신청 강소기업,고용부 선정 강소기업 신청기업,씨트론주식회사,제조업,"전자부품, 컴퓨터, 영상, 음향 및 통신장비 제조업",중소기업,43.0,인천 계양구,30,2026-08-01 02:44:01
신청 강소기업,고용부 선정 강소기업 신청기업,주식회사 티엔씨,제조업,"전자부품, 컴퓨터, 영상, 음향 및 통신장비 제조업",중소기업,69.0,충남 아산시,29,2026-08-01 02:44:01
신청 강소기업,고용부 선정 강소기업 신청기업,주식회사 에이티이엔지,제조업,"전자부품, 컴퓨터, 영상, 음향 및 통신장비 제조업",중소기업,45.0,충남 아산시,27,2026-08-01 02:44:01
신청 강소기업,고용부 선정 강소기업 신청기업,(주)새한나노텍,제조업,"전자부품, 컴퓨터, 영상, 음향 및 통신장비 제조업",중소기업,9.0,경남 창원시 의창구,26,2026-08-01 02:44:01
신청 강소기업,고용부 선정 강소기업 신청기업,주식회사 현대아이티,제조업,"전자부품, 컴퓨터, 영상, 음향 및 통신장비 제조업",중소기업,129.0,서울 강동구,26,2026-08-01 02:44:01
신청 강소기업,고용부 선정 강소기업 신청기업,(주)씨넷,제조업,"전자부품, 컴퓨터, 영상, 음향 및 통신장비 제조업",중소기업,100.0,부산 영도구,26,2026-08-01 02:44:01
신청 강소기업,고용부 선정 강소기업 신청기업,에이텍,제조업,"전자부품, 컴퓨터, 영상, 음향 및 통신장비 제조업",중소기업,319.0,경기 성남시 분당구,25,2026-08-01 02:44:01
신청 강소기업,고용부 선정 강소기업 신청기업,주식회사 엘케이엔지니어링,제조업,"전자부품, 컴퓨터, 영상, 음향 및 통신장비 제조업",중소기업,325.0,경기 화성시,25,2026-08-01 02:44:01
신청 강소기업,고용부 선정 강소기업 신청기업,(주)에프알텍,제조업,"전자부품, 컴퓨터, 영상, 음향 및 통신장비 제조업",중소기업,32.0,경기 의왕시,24,2026-08-01 02:44:01
신청 강소기업,고용부 선정 강소기업 신청기업,(주)아하,제조업,"전자부품, 컴퓨터, 영상, 음향 및 통신장비 제조업",중소기업,148.0,경기 김포시,21,2026-08-01 02:44:01
신청 강소기업,고용부 선정 강소기업 신청기업,(주)케이엠하이테크,제조업,"전자부품, 컴퓨터, 영상, 음향 및 통신장비 제조업",중소기업,42.0,경기 부천시 오정구,20,2026-08-01 02:44:01
신청 강소기업,고용부 선정 강소기업 신청기업,주식회사 씨티에스,제조업,"전자부품, 컴퓨터, 영상, 음향 및 통신장비 제조업",중소기업,5.0,충북 청주시 흥덕구,18,2026-08-01 02:44:01
신청 강소기업,고용부 선정 강소기업 신청기업,(주)테크웰,제조업,"전자부품, 컴퓨터, 영상, 음향 및 통신장비 제조업",중소기업,35.0,경기 수원시 권선구,18,2026-08-01 02:44:01
신청 강소기업,고용부 선정 강소기업 신청기업,주식회사 피에스플러스,제조업,"전자부품, 컴퓨터, 영상, 음향 및 통신장비 제조업",중소기업,17.0,경기 김포시,17,2026-08-01 02:44:01
신청 강소기업,고용부 선정 강소기업 신청기업,주식회사 머큐리,제조업,"전자부품, 컴퓨터, 영상, 음향 및 통신장비 제조업",중견기업,135.0,,16,2026-08-01 02:44:01
신청 강소기업,고용부 선정 강소기업 신청기업,주식회사 국민정밀,제조업,"전자부품, 컴퓨터, 영상, 음향 및 통신장비 제조업",중소기업,52.0,경기 부천시 오정구,15,2026-08-01 02:44:01
신청 강소기업,고용부 선정 강소기업 신청기업,주식회사 블루텍,제조업,"전자부품, 컴퓨터, 영상, 음향 및 통신장비 제조업",중소기업,32.0,대전 유성구,14,2026-08-01 02:44:01
신청 강소기업,고용부 선정 강소기업 신청기업,(주)예리코코리아,제조업,"전자부품, 컴퓨터, 영상, 음향 및 통신장비 제조업",중소기업,48.0,경기 용인시 처인구,14,2026-08-01 02:44:01
신청 강소기업,고용부 선정 강소기업 신청기업,라인업시스템(주),제조업,"전자부품, 컴퓨터, 영상, 음향 및 통신장비 제조업",중소기업,5.0,경기 김포시,13,2026-08-01 02:44:01
신청 강소기업,고용부 선정 강소기업 신청기업,(주)에어큐브,제조업,"전자부품, 컴퓨터, 영상, 음향 및 통신장비 제조업",중소기업,50.0,서울 강서구,12,2026-08-01 02:44:01
신청 강소기업,고용부 선정 강소기업 신청기업,(주)서울스탠다드,제조업,"전자부품, 컴퓨터, 영상, 음향 및 통신장비 제조업",중소기업,218.0,서울 금천구,12,2026-08-01 02:44:01
신청 강소기업,고용부 선정 강소기업 신청기업,(주)알씨테크,제조업,"전자부품, 컴퓨터, 영상, 음향 및 통신장비 제조업",중소기업,6.0,대전 유성구,11,2026-08-01 02:44:01
신청 강소기업,고용부 선정 강소기업 신청기업,앤비젼,제조업,"전자부품, 컴퓨터, 영상, 음향 및 통신장비 제조업",중소기업,101.0,서울 금천구,10,2026-08-01 02:44:01
신청 강소기업,고용부 선정 강소기업 신청기업,(주)에스카,제조업,"전자부품, 컴퓨터, 영상, 음향 및 통신장비 제조업",중소기업,45.0,경기 안양시 동안구,10,2026-08-01 02:44:01
신청 강소기업,고용부 선정 강소기업 신청기업,(주)디스,제조업,"전자부품, 컴퓨터, 영상, 음향 및 통신장비 제조업",중소기업,15.0,경기 화성시,10,2026-08-01 02:44:01
신청 강소기업,고용부 선정 강소기업 신청기업,성호전자,제조업,"전자부품, 컴퓨터, 영상, 음향 및 통신장비 제조업",중소기업,101.0,서울 금천구,10,2026-08-01 02:44:01
신청 강소기업,고용부 선정 강소기업 신청기업,(주)에이루트,제조업,"전자부품, 컴퓨터, 영상, 음향 및 통신장비 제조업",중소기업,78.0,경기 오산시,9,2026-08-01 02:44:01
신청 강소기업,고용부 선정 강소기업 신청기업,주식회사 시스메이트,제조업,"전자부품, 컴퓨터, 영상, 음향 및 통신장비 제조업",중소기업,82.0,서울 금천구,9,2026-08-01 02:44:01
신청 강소기업,고용부 선정 강소기업 신청기업,(주)가온칩스,제조업,"전자부품, 컴퓨터, 영상, 음향 및 통신장비 제조업",중소기업,275.0,경기 성남시 수정구,9,2026-08-01 02:44:01
신청 강소기업,고용부 선정 강소기업 신청기업,주식회사 유엔콘트롤,제조업,"전자부품, 컴퓨터, 영상, 음향 및 통신장비 제조업",중소기업,14.0,서울 금천구,9,2026-08-01 02:44:01
신청 강소기업,고용부 선정 강소기업 신청기업,(주)브로던,제조업,"전자부품, 컴퓨터, 영상, 음향 및 통신장비 제조업",중소기업,79.0,경기 화성시,8,2026-08-01 02:44:01
신청 강소기업,고용부 선정 강소기업 신청기업,(주)선우커뮤니케이션,제조업,"전자부품, 컴퓨터, 영상, 음향 및 통신장비 제조업",중소기업,42.0,경기 포천시,8,2026-08-01 02:44:01
신청 강소기업,고용부 선정 강소기업 신청기업,(주)케이앤에스아이내씨,제조업,"전자부품, 컴퓨터, 영상, 음향 및 통신장비 제조업",중소기업,71.0,대전 유성구,8,2026-08-01 02:44:01
신청 강소기업,고용부 선정 강소기업 신청기업,에스와이텍,제조업,"전자부품, 컴퓨터, 영상, 음향 및 통신장비 제조업",중소기업,,경북 구미시,8,2026-08-01 02:44:01
신청 강소기업,고용부 선정 강소기업 신청기업,(주)트루엔,제조업,"전자부품, 컴퓨터, 영상, 음향 및 통신장비 제조업",중소기업,105.0,서울 구로구,8,2026-08-01 02:44:01
신청 강소기업,고용부 선정 강소기업 신청기업,글로벤스 주식회사,제조업,"전자부품, 컴퓨터, 영상, 음향 및 통신장비 제조업",중소기업,69.0,충남 천안시 서북구,8,2026-08-01 02:44:01
신청 강소기업,고용부 선정 강소기업 신청기업,(주)아이랜스테크놀러지,제조업,"전자부품, 컴퓨터, 영상, 음향 및 통신장비 제조업",중소기업,12.0,경기 과천시,8,2026-08-01 02:44:01
신청 강소기업,고용부 선정 강소기업 신청기업,올제텍(주),제조업,"전자부품, 컴퓨터, 영상, 음향 및 통신장비 제조업",중소기업,56.0,대전 유성구,8,2026-08-01 02:44:01
신청 강소기업,고용부 선정 강소기업 신청기업,(주)나온웍스,제조업,"전자부품, 컴퓨터, 영상, 음향 및 통신장비 제조업",중견기업,35.0,서울 구로구,7,2026-08-01 02:44:01
신청 강소기업,고용부 선정 강소기업 신청기업,파이오링크,제조업,"전자부품, 컴퓨터, 영상, 음향 및 통신장비 제조업",중소기업,413.0,서울 금천구,7,2026-08-01 02:44:01
신청 강소기업,고용부 선정 강소기업 신청기업,주식회사 에이에스텍,제조업,"전자부품, 컴퓨터, 영상, 음향 및 통신장비 제조업",중소기업,25.0,경기 안산시 단원구,6,2026-08-01 02:44:01
신청 강소기업,고용부 선정 강소기업 신청기업,주식회사 전유산업,제조업,"전자부품, 컴퓨터, 영상, 음향 및 통신장비 제조업",중소기업,99.0,대구 달서구,6,2026-08-01 02:44:01
신청 강소기업,고용부 선정 강소기업 신청기업,쟈베스코리아전자(주),제조업,"전자부품, 컴퓨터, 영상, 음향 및 통신장비 제조업",중소기업,47.0,서울 금천구,6,2026-08-01 02:44:01
신청 강소기업,고용부 선정 강소기업 신청기업,에이치엘비이노베이션 주식회사,제조업,"전자부품, 컴퓨터, 영상, 음향 및 통신장비 제조업",중소기업,71.0,경기 화성시,6,2026-08-01 02:44:01
신청 강소기업,고용부 선정 강소기업 신청기업,주식회사 고산테크,제조업,"전자부품, 컴퓨터, 영상, 음향 및 통신장비 제조업",중소기업,20.0,충남 천안시 서북구,6,2026-08-01 02:44:01
신청 강소기업,고용부 선정 강소기업 신청기업,(주)포인트모바일,제조업,"전자부품, 컴퓨터, 영상, 음향 및 통신장비 제조업",중소기업,164.0,서울 금천구,6,2026-08-01 02:44:01
신청 강소기업,고용부 선정 강소기업 신청기업,(주)제니어스,제조업,"전자부품, 컴퓨터, 영상, 음향 및 통신장비 제조업",중소기업,22.0,경기 수원시 영통구,5,2026-08-01 02:44:01
신청 강소기업,고용부 선정 강소기업 신청기업,(주)엘라이트,제조업,"전자부품, 컴퓨터, 영상, 음향 및 통신장비 제조업",중소기업,45.0,충남 천안시 동남구,5,2026-08-01 02:44:01
신청 강소기업,고용부 선정 강소기업 신청기업,듀얼아이,제조업,"전자부품, 컴퓨터, 영상, 음향 및 통신장비 제조업",중소기업,37.0,경기 수원시 영통구,5,2026-08-01 02:44:01
신청 강소기업,고용부 선정 강소기업 신청기업,아이알링크(주),제조업,"전자부품, 컴퓨터, 영상, 음향 및 통신장비 제조업",중소기업,34.0,서울 성동구,5,2026-08-01 02:44:01
신청 강소기업,고용부 선정 강소기업 신청기업,(주)아진엑스텍,제조업,"전자부품, 컴퓨터, 영상, 음향 및 통신장비 제조업",중소기업,84.0,대구 달서구,4,2026-08-01 02:44:01
신청 강소기업,고용부 선정 강소기업 신청기업,(주)필텍,제조업,"전자부품, 컴퓨터, 영상, 음향 및 통신장비 제조업",중소기업,28.0,경기 용인시 처인구,4,2026-08-01 02:44:01
신청 강소기업,고용부 선정 강소기업 신청기업,(주)윌비에스엔티,제조업,"전자부품, 컴퓨터, 영상, 음향 및 통신장비 제조업",중소기업,112.0,경기 화성시,4,2026-08-01 02:44:01
신청 강소기업,고용부 선정 강소기업 신청기업,(주)에이코,제조업,"전자부품, 컴퓨터, 영상, 음향 및 통신장비 제조업",중소기업,10.0,경기 안양시 동안구,4,2026-08-01 02:44:01
신청 강소기업,고용부 선정 강소기업 신청기업,(주)위드멤스,제조업,"전자부품, 컴퓨터, 영상, 음향 및 통신장비 제조업",중소기업,123.0,경기 화성시,4,2026-08-01 02:44:01
신청 강소기업,고용부 선정 강소기업 신청기업,(주)에스티글로벌,제조업,"전자부품, 컴퓨터, 영상, 음향 및 통신장비 제조업",중소기업,21.0,경기 성남시 분당구,3,2026-08-01 02:44:01
신청 강소기업,고용부 선정 강소기업 신청기업,주식회사 이노테크미디어,제조업,"전자부품, 컴퓨터, 영상, 음향 및 통신장비 제조업",중소기업,42.0,인천 부평구,3,2026-08-01 02:44:01
신청 강소기업,고용부 선정 강소기업 신청기업,세우인코퍼레이션,제조업,"전자부품, 컴퓨터, 영상, 음향 및 통신장비 제조업",중소기업,79.0,경기 평택시,3,2026-08-01 02:44:01
신청 강소기업,고용부 선정 강소기업 신청기업,(주)큐빅테크,제조업,"전자부품, 컴퓨터, 영상, 음향 및 통신장비 제조업",중소기업,52.0,서울 구로구,3,2026-08-01 02:44:01
신청 강소기업,고용부 선정 강소기업 신청기업,써키트플렉스,제조업,"전자부품, 컴퓨터, 영상, 음향 및 통신장비 제조업",중소기업,42.0,경기 안산시 단원구,3,2026-08-01 02:44:01
신청 강소기업,고용부 선정 강소기업 신청기업,(주)벨루션네트웍스,제조업,"전자부품, 컴퓨터, 영상, 음향 및 통신장비 제조업",중소기업,85.0,경기 안양시 만안구,2,2026-08-01 02:44:01
신청 강소기업,고용부 선정 강소기업 신청기업,(주)아즈라,제조업,"전자부품, 컴퓨터, 영상, 음향 및 통신장비 제조업",중소기업,24.0,서울 서초구,2,2026-08-01 02:44:01
신청 강소기업,고용부 선정 강소기업 신청기업,(주)에이텍모빌리티,제조업,"전자부품, 컴퓨터, 영상, 음향 및 통신장비 제조업",중소기업,237.0,경기 성남시 분당구,2,2026-08-01 02:44:01
신청 강소기업,고용부 선정 강소기업 신청기업,세이프웨어 주식회사,제조업,"전자부품, 컴퓨터, 영상, 음향 및 통신장비 제조업",중소기업,20.0,경기 성남시 수정구,2,2026-08-01 02:44:01
신청 강소기업,고용부 선정 강소기업 신청기업,주식회사 보다컴,제조업,"전자부품, 컴퓨터, 영상, 음향 및 통신장비 제조업",중소기업,34.0,서울 강서구,2,2026-08-01 02:44:01
신청 강소기업,고용부 선정 강소기업 신청기업,위더스(주),제조업,"전자부품, 컴퓨터, 영상, 음향 및 통신장비 제조업",중소기업,64.0,경기 용인시 기흥구,1,2026-08-01 02:44:01
신청 강소기업,고용부 선정 강소기업 신청기업,(주)컴버스테크,제조업,"전자부품, 컴퓨터, 영상, 음향 및 통신장비 제조업",중소기업,35.0,서울 금천구,1,2026-08-01 02:44:01
신청 강소기업,고용부 선정 강소기업 신청기업,한컴유비마이크로,제조업,"전자부품, 컴퓨터, 영상, 음향 및 통신장비 제조업",중견기업,11.0,울산 남구,1,2026-08-01 02:44:01
신청 강소기업,고용부 선정 강소기업 신청기업,(주)앤앤에스피,제조업,"전자부품, 컴퓨터, 영상, 음향 및 통신장비 제조업",중소기업,104.0,서울 강남구,1,2026-08-01 02:44:01
신청 강소기업,고용부 선정 강소기업 신청기업,(주)제로테크윈,제조업,"전자부품, 컴퓨터, 영상, 음향 및 통신장비 제조업",중소기업,,경기 수원시 영통구,1,2026-08-01 02:44:01
신청 강소기업,고용부 선정 강소기업 신청기업,(주)한라전자,제조업,"전자부품, 컴퓨터, 영상, 음향 및 통신장비 제조업",중소기업,13.0,,1,2026-08-01 02:44:01
신청 강소기업,고용부 선정 강소기업 신청기업,아이엠써키트(주),제조업,"전자부품, 컴퓨터, 영상, 음향 및 통신장비 제조업",중소기업,26.0,인천 남동구,1,2026-08-01 02:44:01
신청 강소기업,고용부 선정 강소기업 신청기업,주식회사 우현디지털,제조업,"전자부품, 컴퓨터, 영상, 음향 및 통신장비 제조업",중소기업,9.0,서울 금천구,1,2026-08-01 02:44:01
신청 강소기업,고용부 선정 강소기업 신청기업,(주)세미솔루션,제조업,"전자부품, 컴퓨터, 영상, 음향 및 통신장비 제조업",중소기업,23.0,경기 용인시 기흥구,1,2026-08-01 02:44:01
신청 강소기업,고용부 선정 강소기업 신청기업,(주)바이콤,제조업,"전자부품, 컴퓨터, 영상, 음향 및 통신장비 제조업",중소기업,10.0,경기 고양시 덕양구,1,2026-08-01 02:44:01
신청 강소기업,고용부 선정 강소기업 신청기업,주식회사 에이치에스코프,제조업,"전자부품, 컴퓨터, 영상, 음향 및 통신장비 제조업",중소기업,65.0,경기 시흥시,0,2026-08-01 02:44:01
신청 강소기업,고용부 선정 강소기업 신청기업,주식회사 알씨,제조업,"전자부품, 컴퓨터, 영상, 음향 및 통신장비 제조업",,,경기 안양시 동안구,0,2026-08-01 02:44:01
신청 강소기업,고용부 선정 강소기업 신청기업,(주)나노텍,제조업,"전자부품, 컴퓨터, 영상, 음향 및 통신장비 제조업",,,경기 용인시 수지구,0,2026-08-01 02:44:01
신청 강소기업,고용부 선정 강소기업 신청기업,주식회사 지우정보기술,제조업,"전자부품, 컴퓨터, 영상, 음향 및 통신장비 제조업",중소기업,27.0,경기 성남시 중원구,0,2026-08-01 02:44:01
신청 강소기업,고용부 선정 강소기업 신청기업,서일이앤엠(주),제조업,"전자부품, 컴퓨터, 영상, 음향 및 통신장비 제조업",,,경기 화성시,0,2026-08-01 02:44:01
신청 강소기업,고용부 선정 강소기업 신청기업,엠비에스코리아 주식회사,제조업,"전자부품, 컴퓨터, 영상, 음향 및 통신장비 제조업",,,충남 천안시 서북구,0,2026-08-01 02:44:01
신청 강소기업,고용부 선정 강소기업 신청기업,주식회사 앤이티,제조업,"전자부품, 컴퓨터, 영상, 음향 및 통신장비 제조업",,,경기 화성시,0,2026-08-01 02:44:01
신청 강소기업,고용부 선정 강소기업 신청기업,(주)에이텍아이오티,제조업,"전자부품, 컴퓨터, 영상, 음향 및 통신장비 제조업",중소기업,40.0,경기 성남시 분당구,0,2026-08-01 02:44:01
신청 강소기업,고용부 선정 강소기업 신청기업,(주)유에스티,제조업,"전자부품, 컴퓨터, 영상, 음향 및 통신장비 제조업",,,경기 화성시,0,2026-08-01 02:44:01
신청 강소기업,고용부 선정 강소기업 신청기업,주식회사 라츠온,제조업,"전자부품, 컴퓨터, 영상, 음향 및 통신장비 제조업",중소기업,15.0,서울 금천구,0,2026-08-01 02:44:01
신청 강소기업,고용부 선정 강소기업 신청기업,주식회사 에이씨앤티시스템,제조업,"전자부품, 컴퓨터, 영상, 음향 및 통신장비 제조업",,,경기 안양시 동안구,0,2026-08-01 02:44:01
신청 강소기업,고용부 선정 강소기업 신청기업,주식회사 노블디자인,제조업,"전자부품, 컴퓨터, 영상, 음향 및 통신장비 제조업",,,경기 용인시 기흥구,0,2026-08-01 02:44:01
신청 강소기업,고용부 선정 강소기업 신청기업,태림전자주식회사,제조업,"전자부품, 컴퓨터, 영상, 음향 및 통신장비 제조업",중소기업,49.0,경기 안양시 만안구,0,2026-08-01 02:44:01
신청 강소기업,고용부 선정 강소기업 신청기업,21세기메디칼 주식회사,제조업,"의료, 정밀, 광학기기 및 시계 제조업",중소기업,47.0,,92,2026-08-01 02:44:01
신청 강소기업,고용부 선정 강소기업 신청기업,(주)성심메디칼,제조업,"의료, 정밀, 광학기기 및 시계 제조업",중소기업,83.0,경기 부천시,71,2026-08-01 02:44:01
신청 강소기업,고용부 선정 강소기업 신청기업,(주)옵토닉스,제조업,"의료, 정밀, 광학기기 및 시계 제조업",중소기업,180.0,,70,2026-08-01 02:44:01
신청 강소기업,고용부 선정 강소기업 신청기업,제이오텍,제조업,"의료, 정밀, 광학기기 및 시계 제조업",중소기업,305.0,대전 유성구,67,2026-08-01 02:44:01
신청 강소기업,고용부 선정 강소기업 신청기업,블루센 주식회사,제조업,"의료, 정밀, 광학기기 및 시계 제조업",중소기업,62.0,대구 달성군,55,2026-08-01 02:44:01
신청 강소기업,고용부 선정 강소기업 신청기업,아이리,제조업,"의료, 정밀, 광학기기 및 시계 제조업",중소기업,177.0,부산 사상구,45,2026-08-01 02:44:01
신청 강소기업,고용부 선정 강소기업 신청기업,단암시스템즈(주),제조업,"의료, 정밀, 광학기기 및 시계 제조업",중소기업,339.0,경기 안양시 동안구,44,2026-08-01 02:44:01
신청 강소기업,고용부 선정 강소기업 신청기업,(주)제일메디칼코퍼레이션,제조업,"의료, 정밀, 광학기기 및 시계 제조업",중소기업,139.0,서울 구로구,40,2026-08-01 02:44:01
신청 강소기업,고용부 선정 강소기업 신청기업,유콘시스템(주),제조업,"의료, 정밀, 광학기기 및 시계 제조업",중소기업,63.0,대전 유성구,23,2026-08-01 02:44:01
신청 강소기업,고용부 선정 강소기업 신청기업,(주)이루다,제조업,"의료, 정밀, 광학기기 및 시계 제조업",중소기업,109.0,경기 안양시 만안구,23,2026-08-01 02:44:01
신청 강소기업,고용부 선정 강소기업 신청기업,(주)덕인,제조업,"의료, 정밀, 광학기기 및 시계 제조업",중소기업,171.0,대전 유성구,21,2026-08-01 02:44:01
신청 강소기업,고용부 선정 강소기업 신청기업,동문이엔티(주),제조업,"의료, 정밀, 광학기기 및 시계 제조업",중소기업,95.0,서울 구로구,18,2026-08-01 02:44:01
신청 강소기업,고용부 선정 강소기업 신청기업,에이앤피산업(주),제조업,"의료, 정밀, 광학기기 및 시계 제조업",중소기업,57.0,경기 화성시,17,2026-08-01 02:44:01
신청 강소기업,고용부 선정 강소기업 신청기업,티엔에스솔루션,제조업,"의료, 정밀, 광학기기 및 시계 제조업",중소기업,0.0,충남 천안시 서북구,16,2026-08-01 02:44:01
신청 강소기업,고용부 선정 강소기업 신청기업,주식회사 인씨스,제조업,"의료, 정밀, 광학기기 및 시계 제조업",중소기업,33.0,경기 하남시,15,2026-08-01 02:44:01
신청 강소기업,고용부 선정 강소기업 신청기업,주식회사라이브셀인스트루먼트,제조업,"의료, 정밀, 광학기기 및 시계 제조업",중소기업,47.0,경기 남양주시,14,2026-08-01 02:44:01
신청 강소기업,고용부 선정 강소기업 신청기업,(주)디알젬,제조업,"의료, 정밀, 광학기기 및 시계 제조업",중견기업,269.0,경기 광명시,14,2026-08-01 02:44:01
신청 강소기업,고용부 선정 강소기업 신청기업,파크시스템스 주식회사,제조업,"의료, 정밀, 광학기기 및 시계 제조업",중견기업,400.0,경기 수원시 영통구,13,2026-08-01 02:44:01
신청 강소기업,고용부 선정 강소기업 신청기업,(주)월드바이오텍,제조업,"의료, 정밀, 광학기기 및 시계 제조업",중소기업,28.0,경기 성남시 중원구,13,2026-08-01 02:44:01
신청 강소기업,고용부 선정 강소기업 신청기업,(주)디알텍,제조업,"의료, 정밀, 광학기기 및 시계 제조업",중소기업,365.0,경기 성남시 중원구,11,2026-08-01 02:44:01
신청 강소기업,고용부 선정 강소기업 신청기업,올어버트먼트주식회사,제조업,"의료, 정밀, 광학기기 및 시계 제조업",중소기업,12.0,서울 금천구,11,2026-08-01 02:44:01
신청 강소기업,고용부 선정 강소기업 신청기업,(주)여의시스템,제조업,"의료, 정밀, 광학기기 및 시계 제조업",중소기업,93.0,경기 성남시 중원구,9,2026-08-01 02:44:01
신청 강소기업,고용부 선정 강소기업 신청기업,이엘피,제조업,"의료, 정밀, 광학기기 및 시계 제조업",중소기업,163.0,경기 화성시,9,2026-08-01 02:44:01
신청 강소기업,고용부 선정 강소기업 신청기업,창성소프트젤(주),제조업,"의료, 정밀, 광학기기 및 시계 제조업",중소기업,59.0,경기 포천시,8,2026-08-01 02:44:01
신청 강소기업,고용부 선정 강소기업 신청기업,(주)흥진정밀,제조업,"의료, 정밀, 광학기기 및 시계 제조업",중소기업,27.0,경기 김포시,8,2026-08-01 02:44:01
신청 강소기업,고용부 선정 강소기업 신청기업,(주)윤바이오테크,제조업,"의료, 정밀, 광학기기 및 시계 제조업",중소기업,22.0,인천 남동구,8,2026-08-01 02:44:01
신청 강소기업,고용부 선정 강소기업 신청기업,(주)코렌텍,제조업,"의료, 정밀, 광학기기 및 시계 제조업",중소기업,177.0,충남 천안시 서북구,8,2026-08-01 02:44:01
신청 강소기업,고용부 선정 강소기업 신청기업,영일엠(주),제조업,"의료, 정밀, 광학기기 및 시계 제조업",중소기업,40.0,경기 성남시 중원구,7,2026-08-01 02:44:01
신청 강소기업,고용부 선정 강소기업 신청기업,주식회사 브릴스(BRILS Corp.),제조업,"의료, 정밀, 광학기기 및 시계 제조업",중소기업,91.0,,6,2026-08-01 02:44:01
신청 강소기업,고용부 선정 강소기업 신청기업,(주)제스와이테크,제조업,"의료, 정밀, 광학기기 및 시계 제조업",중소기업,9.0,경기 양주시,6,2026-08-01 02:44:01
신청 강소기업,고용부 선정 강소기업 신청기업,주식회사 한길텍메디칼,제조업,"의료, 정밀, 광학기기 및 시계 제조업",중소기업,30.0,경기 화성시,5,2026-08-01 02:44:01
신청 강소기업,고용부 선정 강소기업 신청기업,(주)마크텍코리아,제조업,"의료, 정밀, 광학기기 및 시계 제조업",중견기업,25.0,경북 고령군,4,2026-08-01 02:44:01
신청 강소기업,고용부 선정 강소기업 신청기업,팩트얼라이언스(주),제조업,"의료, 정밀, 광학기기 및 시계 제조업",중소기업,9.0,충남 당진시,4,2026-08-01 02:44:01
신청 강소기업,고용부 선정 강소기업 신청기업,(주)자이로젠,제조업,"의료, 정밀, 광학기기 및 시계 제조업",중소기업,38.0,경기 김포시,4,2026-08-01 02:44:01
신청 강소기업,고용부 선정 강소기업 신청기업,(주)에이알티플러스,제조업,"의료, 정밀, 광학기기 및 시계 제조업",중소기업,29.0,경기 이천시,4,2026-08-01 02:44:01
신청 강소기업,고용부 선정 강소기업 신청기업,주식회사 코루파마,제조업,"의료, 정밀, 광학기기 및 시계 제조업",중소기업,115.0,서울 강남구,3,2026-08-01 02:44:01
신청 강소기업,고용부 선정 강소기업 신청기업,주식회사 노바코스,제조업,"의료, 정밀, 광학기기 및 시계 제조업",중소기업,33.0,경기 안양시 동안구,3,2026-08-01 02:44:01
신청 강소기업,고용부 선정 강소기업 신청기업,(주)서일퍼시픽,제조업,"의료, 정밀, 광학기기 및 시계 제조업",중소기업,36.0,서울 구로구,3,2026-08-01 02:44:01
신청 강소기업,고용부 선정 강소기업 신청기업,(주)케이엔케이,제조업,"의료, 정밀, 광학기기 및 시계 제조업",중소기업,77.0,경기 화성시,3,2026-08-01 02:44:01
신청 강소기업,고용부 선정 강소기업 신청기업,주식회사 서북,제조업,"의료, 정밀, 광학기기 및 시계 제조업",중소기업,149.0,충남 천안시 동남구,3,2026-08-01 02:44:01
신청 강소기업,고용부 선정 강소기업 신청기업,(주)카이트로닉스,제조업,"의료, 정밀, 광학기기 및 시계 제조업",중소기업,,서울 금천구,2,2026-08-01 02:44:01
신청 강소기업,고용부 선정 강소기업 신청기업,(주)디오에프연구소,제조업,"의료, 정밀, 광학기기 및 시계 제조업",중소기업,91.0,서울 성동구,2,2026-08-01 02:44:01
신청 강소기업,고용부 선정 강소기업 신청기업,(주)에스엘랩,제조업,"의료, 정밀, 광학기기 및 시계 제조업",중소기업,24.0,경기 용인시 처인구,1,2026-08-01 02:44:01
신청 강소기업,고용부 선정 강소기업 신청기업,(주)아이가드,제조업,"의료, 정밀, 광학기기 및 시계 제조업",중소기업,20.0,서울 영등포구,1,2026-08-01 02:44:01
신청 강소기업,고용부 선정 강소기업 신청기업,(주)제이스,제조업,"의료, 정밀, 광학기기 및 시계 제조업",중소기업,17.0,경기 성남시 분당구,1,2026-08-01 02:44:01
신청 강소기업,고용부 선정 강소기업 신청기업,(주)보다,제조업,"의료, 정밀, 광학기기 및 시계 제조업",중소기업,37.0,충북 청주시 흥덕구,1,2026-08-01 02:44:01
신청 강소기업,고용부 선정 강소기업 신청기업,이레테크,제조업,"의료, 정밀, 광학기기 및 시계 제조업",중소기업,10.0,대전 동구,1,2026-08-01 02:44:01
신청 강소기업,고용부 선정 강소기업 신청기업,(주)대은계전,제조업,"의료, 정밀, 광학기기 및 시계 제조업",,,제주 제주시,0,2026-08-01 02:44:01
신청 강소기업,고용부 선정 강소기업 신청기업,(주)하이드로넷,제조업,"의료, 정밀, 광학기기 및 시계 제조업",,,경기 성남시 중원구,0,2026-08-01 02:44:01
신청 강소기업,고용부 선정 강소기업 신청기업,커미조아,제조업,"의료, 정밀, 광학기기 및 시계 제조업",,,대전 유성구,0,2026-08-01 02:44:01
신청 강소기업,고용부 선정 강소기업 신청기업,주식회사 스타메드,제조업,"의료, 정밀, 광학기기 및 시계 제조업",,,경기 고양시 일산동구,0,2026-08-01 02:44:01
신청 강소기업,고용부 선정 강소기업 신청기업,한세로테크노,제조업,"의료, 정밀, 광학기기 및 시계 제조업",,,울산 북구,0,2026-08-01 02:44:01
신청 강소기업,고용부 선정 강소기업 신청기업,리스광시스템(주),제조업,"의료, 정밀, 광학기기 및 시계 제조업",,,충북 청주시 흥덕구,0,2026-08-01 02:44:01
신청 강소기업,고용부 선정 강소기업 신청기업,(주)엔티엘헬스케어,제조업,"의료, 정밀, 광학기기 및 시계 제조업",,,경기 성남시 수정구,0,2026-08-01 02:44:01
신청 강소기업,고용부 선정 강소기업 신청기업,비엔엘바이오테크,제조업,"의료, 정밀, 광학기기 및 시계 제조업",중소기업,26.0,경기 안산시 단원구,0,2026-08-01 02:44:01
신청 강소기업,고용부 선정 강소기업 신청기업,위드시스템,제조업,"의료, 정밀, 광학기기 및 시계 제조업",,,경북 김천시,0,2026-08-01 02:44:01
신청 강소기업,고용부 선정 강소기업 신청기업,(주)유응연,제조업,"의료, 정밀, 광학기기 및 시계 제조업",중소기업,34.0,경기 시흥시,0,2026-08-01 02:44:01
신청 강소기업,고용부 선정 강소기업 신청기업,파이주식회사,제조업,"의료, 정밀, 광학기기 및 시계 제조업",중소기업,13.0,경기 수원시 팔달구,0,2026-08-01 02:44:01
신청 강소기업,고용부 선정 강소기업 신청기업,(주)모던텍,제조업,전기장비 제조업,중소기업,90.0,경남 창원시 의창구,79,2026-08-01 02:44:01
신청 강소기업,고용부 선정 강소기업 신청기업,포스텍네트웍스주식회사,제조업,전기장비 제조업,중소기업,21.0,서울 금천구,61,2026-08-01 02:44:01
신청 강소기업,고용부 선정 강소기업 신청기업,(주)블루네트웍스,제조업,전기장비 제조업,중소기업,20.0,충남 천안시 서북구,54,2026-08-01 02:44:01
신청 강소기업,고용부 선정 강소기업 신청기업,(주)세진엔지니어링,제조업,전기장비 제조업,중소기업,52.0,,51,2026-08-01 02:44:01
신청 강소기업,고용부 선정 강소기업 신청기업,주식회사 에이치케이,제조업,전기장비 제조업,중소기업,161.0,경기 하남시,50,2026-08-01 02:44:01
신청 강소기업,고용부 선정 강소기업 신청기업,인텍전기전자(주),제조업,전기장비 제조업,중소기업,498.0,경기 화성시,45,2026-08-01 02:44:01
신청 강소기업,고용부 선정 강소기업 신청기업,주식회사 인터원,제조업,전기장비 제조업,중소기업,57.0,경기 양주시,44,2026-08-01 02:44:01
신청 강소기업,고용부 선정 강소기업 신청기업,(주)나산전기산업,제조업,전기장비 제조업,중소기업,79.0,경남 창원시 의창구,44,2026-08-01 02:44:01
신청 강소기업,고용부 선정 강소기업 신청기업,(주)금강케이블,제조업,전기장비 제조업,중소기업,51.0,경기 포천시,33,2026-08-01 02:44:01
신청 강소기업,고용부 선정 강소기업 신청기업,(주)JK알에스티,제조업,전기장비 제조업,중소기업,68.0,부산 강서구,33,2026-08-01 02:44:01
신청 강소기업,고용부 선정 강소기업 신청기업,주식회사 디케이,제조업,전기장비 제조업,중소기업,17.0,대구 동구,31,2026-08-01 02:44:01
신청 강소기업,고용부 선정 강소기업 신청기업,주식회사 남선,제조업,전기장비 제조업,중소기업,82.0,대구 군위군,28,2026-08-01 02:44:01
신청 강소기업,고용부 선정 강소기업 신청기업,(주)엔시스,제조업,전기장비 제조업,중소기업,18.0,부산 북구,27,2026-08-01 02:44:01
신청 강소기업,고용부 선정 강소기업 신청기업,(주)디에이치글로벌,제조업,전기장비 제조업,중견기업,249.0,,27,2026-08-01 02:44:01
신청 강소기업,고용부 선정 강소기업 신청기업,주식회사 코러싱,제조업,전기장비 제조업,중소기업,25.0,경북 구미시,24,2026-08-01 02:44:01
신청 강소기업,고용부 선정 강소기업 신청기업,동양전자공업,제조업,전기장비 제조업,중소기업,50.0,경기 평택시,23,2026-08-01 02:44:01
신청 강소기업,고용부 선정 강소기업 신청기업,(주)대경산전,제조업,전기장비 제조업,중소기업,22.0,전북 전주시 덕진구,21,2026-08-01 02:44:01
신청 강소기업,고용부 선정 강소기업 신청기업,이비테크(주),제조업,전기장비 제조업,중소기업,44.0,대전 유성구,20,2026-08-01 02:44:01
신청 강소기업,고용부 선정 강소기업 신청기업,라쿨 주식회사,제조업,전기장비 제조업,중소기업,78.0,경기 화성시,18,2026-08-01 02:44:01
신청 강소기업,고용부 선정 강소기업 신청기업,제이에이취엔지니어링(주),제조업,전기장비 제조업,중소기업,43.0,경기 안양시 동안구,18,2026-08-01 02:44:01
신청 강소기업,고용부 선정 강소기업 신청기업,(주)큐아이티,제조업,전기장비 제조업,중소기업,12.0,경기 수원시 영통구,17,2026-08-01 02:44:01
신청 강소기업,고용부 선정 강소기업 신청기업,에이펙스인텍(주),제조업,전기장비 제조업,중소기업,58.0,경북 칠곡군,15,2026-08-01 02:44:01
신청 강소기업,고용부 선정 강소기업 신청기업,(주)듀라텍,제조업,전기장비 제조업,중소기업,40.0,경기 군포시,15,2026-08-01 02:44:01
신청 강소기업,고용부 선정 강소기업 신청기업,주식회사 로버스텍,제조업,전기장비 제조업,중소기업,56.0,부산 강서구,14,2026-08-01 02:44:01
신청 강소기업,고용부 선정 강소기업 신청기업,(주)로보로보,제조업,전기장비 제조업,중소기업,56.0,서울 강북구,14,2026-08-01 02:44:01
신청 강소기업,고용부 선정 강소기업 신청기업,(주)일광종합기술단,제조업,전기장비 제조업,중소기업,23.0,,14,2026-08-01 02:44:01
신청 강소기업,고용부 선정 강소기업 신청기업,(주)로텍,제조업,전기장비 제조업,중소기업,92.0,부산 기장군,12,2026-08-01 02:44:01
신청 강소기업,고용부 선정 강소기업 신청기업,(주)오성기공,제조업,전기장비 제조업,중소기업,75.0,경북 경산시,11,2026-08-01 02:44:01
신청 강소기업,고용부 선정 강소기업 신청기업,우정일렉트릭컴퍼니,제조업,전기장비 제조업,중소기업,5.0,경기 김포시,10,2026-08-01 02:44:01
신청 강소기업,고용부 선정 강소기업 신청기업,(주)에스티엔,제조업,전기장비 제조업,중소기업,49.0,경기 부천시,9,2026-08-01 02:44:01
신청 강소기업,고용부 선정 강소기업 신청기업,(주)레존텍,제조업,전기장비 제조업,중소기업,40.0,경기 안양시 동안구,9,2026-08-01 02:44:01
신청 강소기업,고용부 선정 강소기업 신청기업,(주)블루싸이언스,제조업,전기장비 제조업,중소기업,37.0,부산 강서구,9,2026-08-01 02:44:01
신청 강소기업,고용부 선정 강소기업 신청기업,주식회사 테크빌,제조업,전기장비 제조업,중소기업,114.0,서울 영등포구,9,2026-08-01 02:44:01
신청 강소기업,고용부 선정 강소기업 신청기업,(주)아이티스퀘어,제조업,전기장비 제조업,중소기업,11.0,,8,2026-08-01 02:44:01
신청 강소기업,고용부 선정 강소기업 신청기업,(주)나노켐,제조업,전기장비 제조업,중견기업,113.0,경북 청도군,8,2026-08-01 02:44:01
신청 강소기업,고용부 선정 강소기업 신청기업,(주)일렉콤,제조업,전기장비 제조업,중소기업,59.0,경기 이천시,8,2026-08-01 02:44:01
신청 강소기업,고용부 선정 강소기업 신청기업,선테스트 코리아 주식회사,제조업,전기장비 제조업,중소기업,40.0,충북 청주시 흥덕구,7,2026-08-01 02:44:01
신청 강소기업,고용부 선정 강소기업 신청기업,(주)에이프로,제조업,전기장비 제조업,중소기업,208.0,경기 군포시,7,2026-08-01 02:44:01
신청 강소기업,고용부 선정 강소기업 신청기업,리얼게인,제조업,전기장비 제조업,중소기업,126.0,경기 안양시 만안구,6,2026-08-01 02:44:01
신청 강소기업,고용부 선정 강소기업 신청기업,주식회사 코이즈,제조업,전기장비 제조업,중소기업,55.0,서울 강서구,6,2026-08-01 02:44:01
신청 강소기업,고용부 선정 강소기업 신청기업,(주)동인엔시스,제조업,전기장비 제조업,중소기업,20.0,부산 부산진구,5,2026-08-01 02:44:01
신청 강소기업,고용부 선정 강소기업 신청기업,삼일데이타시스템(주),제조업,전기장비 제조업,중소기업,39.0,경기 안양시 만안구,4,2026-08-01 02:44:01
신청 강소기업,고용부 선정 강소기업 신청기업,이에스피 주식회사,제조업,전기장비 제조업,중소기업,27.0,경기 안양시 동안구,4,2026-08-01 02:44:01
신청 강소기업,고용부 선정 강소기업 신청기업,(주)코엠테크원,제조업,전기장비 제조업,중소기업,17.0,경기 안성시,4,2026-08-01 02:44:01
신청 강소기업,고용부 선정 강소기업 신청기업,(주)와이즈네스코,제조업,전기장비 제조업,중소기업,29.0,경기 하남시,3,2026-08-01 02:44:01
신청 강소기업,고용부 선정 강소기업 신청기업,주식회사 틸만코리아,제조업,전기장비 제조업,중소기업,30.0,서울 송파구,3,2026-08-01 02:44:01
신청 강소기업,고용부 선정 강소기업 신청기업,이엠시티 주식회사,제조업,전기장비 제조업,중소기업,,대전 유성구,2,2026-08-01 02:44:01
신청 강소기업,고용부 선정 강소기업 신청기업,테크웨어 주식회사,제조업,전기장비 제조업,중소기업,25.0,경기 군포시,2,2026-08-01 02:44:01
신청 강소기업,고용부 선정 강소기업 신청기업,(주)성원정보기술,제조업,전기장비 제조업,중소기업,13.0,대구 달성군,1,2026-08-01 02:44:01
신청 강소기업,고용부 선정 강소기업 신청기업,새롬프로텍(주),제조업,전기장비 제조업,중소기업,15.0,경기 양주시,1,2026-08-01 02:44:01
신청 강소기업,고용부 선정 강소기업 신청기업,(주)인지이솔루션,제조업,전기장비 제조업,중소기업,31.0,대전 유성구,1,2026-08-01 02:44:01
신청 강소기업,고용부 선정 강소기업 신청기업,주식회사 가보테크,제조업,전기장비 제조업,,,경기 성남시 수정구,0,2026-08-01 02:44:01
신청 강소기업,고용부 선정 강소기업 신청기업,(주)디에이치글로벌 첨단공장,제조업,전기장비 제조업,,249.0,,0,2026-08-01 02:44:01
신청 강소기업,고용부 선정 강소기업 신청기업,주식회사 큐비스트,제조업,전기장비 제조업,,,서울 강남구,0,2026-08-01 02:44:01
신청 강소기업,고용부 선정 강소기업 신청기업,네스트필드 주식회사,제조업,전기장비 제조업,중소기업,16.0,경기 안산시 상록구,0,2026-08-01 02:44:01
신청 강소기업,고용부 선정 강소기업 신청기업,(주)디엠티,제조업,전기장비 제조업,중소기업,12.0,전북 익산시,0,2026-08-01 02:44:01
신청 강소기업,고용부 선정 강소기업 신청기업,부경테크,제조업,전기장비 제조업,,,부산 기장군,0,2026-08-01 02:44:01
신청 강소기업,고용부 선정 강소기업 신청기업,신한EMC(주),제조업,전기장비 제조업,,,경남 창원시 성산구,0,2026-08-01 02:44:01
신청 강소기업,고용부 선정 강소기업 신청기업,(주)동화엔텍,제조업,기타 기계 및 장비 제조업,중견기업,251.0,부산 강서구,181,2026-08-01 02:44:01
신청 강소기업,고용부 선정 강소기업 신청기업,제이브이엠,제조업,기타 기계 및 장비 제조업,중견기업,322.0,대구 달서구,122,2026-08-01 02:44:01
신청 강소기업,고용부 선정 강소기업 신청기업,브이엔에스,제조업,기타 기계 및 장비 제조업,중소기업,23.0,경북 구미시,98,2026-08-01 02:44:01
신청 강소기업,고용부 선정 강소기업 신청기업,대륜산업(주),제조업,기타 기계 및 장비 제조업,중소기업,80.0,전북 완주군,89,2026-08-01 02:44:01
신청 강소기업,고용부 선정 강소기업 신청기업,엔디티엔지니어링(주),제조업,기타 기계 및 장비 제조업,중소기업,93.0,경남 창원시 마산회원구,65,2026-08-01 02:44:01
신청 강소기업,고용부 선정 강소기업 신청기업,(주)일산하이텍,제조업,기타 기계 및 장비 제조업,중소기업,33.0,경기 시흥시,63,2026-08-01 02:44:01
신청 강소기업,고용부 선정 강소기업 신청기업,(주)동인써모,제조업,기타 기계 및 장비 제조업,중소기업,47.0,,62,2026-08-01 02:44:01
신청 강소기업,고용부 선정 강소기업 신청기업,잘만정공(주),제조업,기타 기계 및 장비 제조업,중소기업,58.0,대구 달서구,58,2026-08-01 02:44:01
신청 강소기업,고용부 선정 강소기업 신청기업,(주)코미코,제조업,기타 기계 및 장비 제조업,중견기업,910.0,경기 안성시,57,2026-08-01 02:44:01
신청 강소기업,고용부 선정 강소기업 신청기업,상신이엔지 주식회사,제조업,기타 기계 및 장비 제조업,중견기업,29.0,대구 달성군,56,2026-08-01 02:44:01
신청 강소기업,고용부 선정 강소기업 신청기업,주식회사 청수테크노필,제조업,기타 기계 및 장비 제조업,중소기업,56.0,경기 화성시,55,2026-08-01 02:44:01
신청 강소기업,고용부 선정 강소기업 신청기업,(주)도이프,제조업,기타 기계 및 장비 제조업,중소기업,40.0,,52,2026-08-01 02:44:01
신청 강소기업,고용부 선정 강소기업 신청기업,(주)오비스,제조업,기타 기계 및 장비 제조업,중소기업,27.0,경기 시흥시,51,2026-08-01 02:44:01
신청 강소기업,고용부 선정 강소기업 신청기업,씨에스이 주식회사,제조업,기타 기계 및 장비 제조업,중소기업,35.0,충남 아산시,50,2026-08-01 02:44:01
신청 강소기업,고용부 선정 강소기업 신청기업,기가비스주식회사,제조업,기타 기계 및 장비 제조업,중소기업,138.0,경기 평택시,49,2026-08-01 02:44:01
신청 강소기업,고용부 선정 강소기업 신청기업,(주)동부그린,제조업,기타 기계 및 장비 제조업,중소기업,59.0,,46,2026-08-01 02:44:01
신청 강소기업,고용부 선정 강소기업 신청기업,㈜미래컴퍼니,제조업,기타 기계 및 장비 제조업,중소기업,358.0,경기 화성시,46,2026-08-01 02:44:01
신청 강소기업,고용부 선정 강소기업 신청기업,(주)대원지에스아이,제조업,기타 기계 및 장비 제조업,중소기업,121.0,경북 칠곡군,45,2026-08-01 02:44:01
신청 강소기업,고용부 선정 강소기업 신청기업,강운공업(주),제조업,기타 기계 및 장비 제조업,중소기업,54.0,인천 미추홀구,43,2026-08-01 02:44:01
신청 강소기업,고용부 선정 강소기업 신청기업,세진밸브공업(주),제조업,기타 기계 및 장비 제조업,중소기업,93.0,부산 강서구,42,2026-08-01 02:44:01
신청 강소기업,고용부 선정 강소기업 신청기업,영도산업(주),제조업,기타 기계 및 장비 제조업,중소기업,159.0,부산 강서구,42,2026-08-01 02:44:01
신청 강소기업,고용부 선정 강소기업 신청기업,(주)대흥소프트밀,제조업,기타 기계 및 장비 제조업,중소기업,78.0,경기 광주시,40,2026-08-01 02:44:01
신청 강소기업,고용부 선정 강소기업 신청기업,(주)제이앤씨,제조업,기타 기계 및 장비 제조업,중소기업,40.0,경기 화성시,40,2026-08-01 02:44:01
신청 강소기업,고용부 선정 강소기업 신청기업,코웰정밀(주),제조업,기타 기계 및 장비 제조업,중소기업,68.0,부산 강서구,39,2026-08-01 02:44:01
신청 강소기업,고용부 선정 강소기업 신청기업,(주)아산에스앤테크,제조업,기타 기계 및 장비 제조업,중소기업,59.0,부산 강서구,34,2026-08-01 02:44:01
신청 강소기업,고용부 선정 강소기업 신청기업,주식회사 태하,제조업,기타 기계 및 장비 제조업,중소기업,106.0,경기 남양주시,34,2026-08-01 02:44:01
신청 강소기업,고용부 선정 강소기업 신청기업,주식회사 신성,제조업,기타 기계 및 장비 제조업,중소기업,44.0,경기 화성시,34,2026-08-01 02:44:01
신청 강소기업,고용부 선정 강소기업 신청기업,(주)G.M,제조업,기타 기계 및 장비 제조업,중소기업,75.0,경기 시흥시,33,2026-08-01 02:44:01
신청 강소기업,고용부 선정 강소기업 신청기업,제닉스주식회사,제조업,기타 기계 및 장비 제조업,중소기업,180.0,충남 천안시 서북구,33,2026-08-01 02:44:01
신청 강소기업,고용부 선정 강소기업 신청기업,주식회사 신독,제조업,기타 기계 및 장비 제조업,중소기업,77.0,경북 성주군,32,2026-08-01 02:44:01
신청 강소기업,고용부 선정 강소기업 신청기업,동현정공(주),제조업,기타 기계 및 장비 제조업,중소기업,51.0,인천 남동구,31,2026-08-01 02:44:01
신청 강소기업,고용부 선정 강소기업 신청기업,주식회사 주호산업,제조업,기타 기계 및 장비 제조업,중소기업,15.0,경기 김포시,31,2026-08-01 02:44:01
신청 강소기업,고용부 선정 강소기업 신청기업,알이디티 주식회사,제조업,기타 기계 및 장비 제조업,중소기업,29.0,대전 유성구,29,2026-08-01 02:44:01
신청 강소기업,고용부 선정 강소기업 신청기업,신한이피에스(주),제조업,기타 기계 및 장비 제조업,중소기업,65.0,경기 시흥시,29,2026-08-01 02:44:01
신청 강소기업,고용부 선정 강소기업 신청기업,한국공조엔지니어링(주),제조업,기타 기계 및 장비 제조업,중소기업,91.0,경기 평택시,29,2026-08-01 02:44:01
신청 강소기업,고용부 선정 강소기업 신청기업,주식회사 아이스칸,제조업,기타 기계 및 장비 제조업,중소기업,11.0,경기 고양시 덕양구,28,2026-08-01 02:44:01
신청 강소기업,고용부 선정 강소기업 신청기업,에이.엔.디 전자저울(주),제조업,기타 기계 및 장비 제조업,중소기업,165.0,충북 진천군,27,2026-08-01 02:44:01
신청 강소기업,고용부 선정 강소기업 신청기업,한국오바라(주),제조업,기타 기계 및 장비 제조업,중소기업,235.0,경기 화성시,27,2026-08-01 02:44:01
신청 강소기업,고용부 선정 강소기업 신청기업,천호하이테크,제조업,기타 기계 및 장비 제조업,중소기업,58.0,부산 강서구,27,2026-08-01 02:44:01
신청 강소기업,고용부 선정 강소기업 신청기업,(주)현대밸브,제조업,기타 기계 및 장비 제조업,중소기업,45.0,인천 남동구,26,2026-08-01 02:44:01
신청 강소기업,고용부 선정 강소기업 신청기업,화인몰등,제조업,기타 기계 및 장비 제조업,중소기업,31.0,경남 김해시,24,2026-08-01 02:44:01
신청 강소기업,고용부 선정 강소기업 신청기업,주식회사 연합시스템,제조업,기타 기계 및 장비 제조업,중소기업,38.0,경기 김포시,24,2026-08-01 02:44:01
신청 강소기업,고용부 선정 강소기업 신청기업,주식회사 레인보우로보틱스,제조업,기타 기계 및 장비 제조업,중소기업,204.0,대전 유성구,24,2026-08-01 02:44:01
신청 강소기업,고용부 선정 강소기업 신청기업,주식회사 엠플러스,제조업,기타 기계 및 장비 제조업,중견기업,335.0,충북 청주시 청원구,23,2026-08-01 02:44:01
신청 강소기업,고용부 선정 강소기업 신청기업,(주) 씨오텍,제조업,기타 기계 및 장비 제조업,중소기업,30.0,경기 시흥시,23,2026-08-01 02:44:01
신청 강소기업,고용부 선정 강소기업 신청기업,주식회사 단해,제조업,기타 기계 및 장비 제조업,중소기업,105.0,서울 강서구,23,2026-08-01 02:44:01
신청 강소기업,고용부 선정 강소기업 신청기업,(주)니텍스제침,제조업,기타 기계 및 장비 제조업,중소기업,96.0,경북 경산시,23,2026-08-01 02:44:01
신청 강소기업,고용부 선정 강소기업 신청기업,피에스케이 홀딩스(주),제조업,기타 기계 및 장비 제조업,중견기업,131.0,경기 화성시,23,2026-08-01 02:44:01
신청 강소기업,고용부 선정 강소기업 신청기업,(주)드림메카텍,제조업,기타 기계 및 장비 제조업,중소기업,95.0,경기 화성시,22,2026-08-01 02:44:01
신청 강소기업,고용부 선정 강소기업 신청기업,(주)네오피엠씨,제조업,기타 기계 및 장비 제조업,중소기업,73.0,경기 안산시 단원구,21,2026-08-01 02:44:01
신청 강소기업,고용부 선정 강소기업 신청기업,신라엔지니어링(주),제조업,기타 기계 및 장비 제조업,중소기업,114.0,충남 아산시,21,2026-08-01 02:44:01
신청 강소기업,고용부 선정 강소기업 신청기업,(주)삼진정밀,제조업,기타 기계 및 장비 제조업,중소기업,130.0,대전 대덕구,20,2026-08-01 02:44:01
신청 강소기업,고용부 선정 강소기업 신청기업,(주)앱스필,제조업,기타 기계 및 장비 제조업,중소기업,83.0,경기 오산시,19,2026-08-01 02:44:01
신청 강소기업,고용부 선정 강소기업 신청기업,테키스트,제조업,기타 기계 및 장비 제조업,중소기업,297.0,경기 안성시,19,2026-08-01 02:44:01
신청 강소기업,고용부 선정 강소기업 신청기업,정우엔텍주식회사,제조업,기타 기계 및 장비 제조업,중소기업,99.0,경기 수원시 권선구,19,2026-08-01 02:44:01
신청 강소기업,고용부 선정 강소기업 신청기업,(주)태경하이테크,제조업,기타 기계 및 장비 제조업,중소기업,23.0,경기 광주시,19,2026-08-01 02:44:01
신청 강소기업,고용부 선정 강소기업 신청기업,진영티비엑스(주),제조업,기타 기계 및 장비 제조업,중소기업,120.0,경남 창원시 성산구,19,2026-08-01 02:44:01
신청 강소기업,고용부 선정 강소기업 신청기업,한국메카,제조업,기타 기계 및 장비 제조업,중소기업,15.0,대전 유성구,18,2026-08-01 02:44:01
신청 강소기업,고용부 선정 강소기업 신청기업,(주)아쿠아글로리,제조업,기타 기계 및 장비 제조업,중소기업,26.0,,17,2026-08-01 02:44:01
신청 강소기업,고용부 선정 강소기업 신청기업,(주)동방수기,제조업,기타 기계 및 장비 제조업,중소기업,20.0,서울 송파구,17,2026-08-01 02:44:01
신청 강소기업,고용부 선정 강소기업 신청기업,(주)신성플랜트,제조업,기타 기계 및 장비 제조업,중소기업,26.0,경기 안산시 단원구,17,2026-08-01 02:44:01
신청 강소기업,고용부 선정 강소기업 신청기업,오비오주식회사,제조업,기타 기계 및 장비 제조업,중소기업,112.0,경기 화성시,16,2026-08-01 02:44:01
신청 강소기업,고용부 선정 강소기업 신청기업,플루오르테크(주),제조업,기타 기계 및 장비 제조업,중소기업,120.0,경북 구미시,16,2026-08-01 02:44:01
신청 강소기업,고용부 선정 강소기업 신청기업,주식회사 에니트,제조업,기타 기계 및 장비 제조업,중소기업,23.0,,16,2026-08-01 02:44:01
신청 강소기업,고용부 선정 강소기업 신청기업,(주)카운텍,제조업,기타 기계 및 장비 제조업,중소기업,103.0,경기 부천시,16,2026-08-01 02:44:01
신청 강소기업,고용부 선정 강소기업 신청기업,케이케이테크(주),제조업,기타 기계 및 장비 제조업,중견기업,274.0,경기 안성시,14,2026-08-01 02:44:01
신청 강소기업,고용부 선정 강소기업 신청기업,피에스케이(주),제조업,기타 기계 및 장비 제조업,중견기업,325.0,경기 화성시,14,2026-08-01 02:44:01
신청 강소기업,고용부 선정 강소기업 신청기업,(주)태성공업,제조업,기타 기계 및 장비 제조업,중소기업,125.0,경기 양주시,14,2026-08-01 02:44:01
신청 강소기업,고용부 선정 강소기업 신청기업,현대중공업터보기계(주),제조업,기타 기계 및 장비 제조업,중견기업,222.0,울산 동구,14,2026-08-01 02:44:01
신청 강소기업,고용부 선정 강소기업 신청기업,(주)유창하이텍,제조업,기타 기계 및 장비 제조업,중소기업,71.0,서울 영등포구,14,2026-08-01 02:44:01
신청 강소기업,고용부 선정 강소기업 신청기업,동양메탈공업(주),제조업,기타 기계 및 장비 제조업,중소기업,67.0,부산 사하구,13,2026-08-01 02:44:01
신청 강소기업,고용부 선정 강소기업 신청기업,제이엠테크 주식회사,제조업,기타 기계 및 장비 제조업,중소기업,12.0,충남 천안시 서북구,13,2026-08-01 02:44:01
신청 강소기업,고용부 선정 강소기업 신청기업,(주)오양공조기,제조업,기타 기계 및 장비 제조업,중소기업,22.0,경기 안산시 단원구,13,2026-08-01 02:44:01
신청 강소기업,고용부 선정 강소기업 신청기업,(주)일신오토클레이브,제조업,기타 기계 및 장비 제조업,중소기업,75.0,대전 유성구,13,2026-08-01 02:44:01
신청 강소기업,고용부 선정 강소기업 신청기업,세계실업(주),제조업,기타 기계 및 장비 제조업,중소기업,21.0,대구 북구,12,2026-08-01 02:44:01
신청 강소기업,고용부 선정 강소기업 신청기업,(주)디에스케이,제조업,기타 기계 및 장비 제조업,중소기업,105.0,경기 안산시 상록구,12,2026-08-01 02:44:01
신청 강소기업,고용부 선정 강소기업 신청기업,(주)삼화제작소,제조업,기타 기계 및 장비 제조업,중소기업,27.0,인천 남동구,12,2026-08-01 02:44:01
신청 강소기업,고용부 선정 강소기업 신청기업,(주)제이이엔지,제조업,기타 기계 및 장비 제조업,중소기업,100.0,경남 양산시,11,2026-08-01 02:44:01
신청 강소기업,고용부 선정 강소기업 신청기업,(주)시스윈로보틱스,제조업,기타 기계 및 장비 제조업,중소기업,67.0,경기 화성시,11,2026-08-01 02:44:01
신청 강소기업,고용부 선정 강소기업 신청기업,성우정밀(주),제조업,기타 기계 및 장비 제조업,중소기업,21.0,경남 창원시 성산구,11,2026-08-01 02:44:01
신청 강소기업,고용부 선정 강소기업 신청기업,패스코(주),제조업,기타 기계 및 장비 제조업,중소기업,2.0,부산 강서구,10,2026-08-01 02:44:01
신청 강소기업,고용부 선정 강소기업 신청기업,수광산업(주),제조업,기타 기계 및 장비 제조업,중소기업,99.0,경기 안산시 단원구,10,2026-08-01 02:44:01
신청 강소기업,고용부 선정 강소기업 신청기업,(주)하도,제조업,기타 기계 및 장비 제조업,중소기업,16.0,,10,2026-08-01 02:44:01
신청 강소기업,고용부 선정 강소기업 신청기업,(주)삼익테크,제조업,기타 기계 및 장비 제조업,중소기업,26.0,대구 달성군,10,2026-08-01 02:44:01
신청 강소기업,고용부 선정 강소기업 신청기업,(주)유압사랑,제조업,기타 기계 및 장비 제조업,중소기업,25.0,경기 시흥시,10,2026-08-01 02:44:01
신청 강소기업,고용부 선정 강소기업 신청기업,플러스이엔지(주),제조업,기타 기계 및 장비 제조업,중소기업,83.0,경기 용인시 처인구,9,2026-08-01 02:44:01
신청 강소기업,고용부 선정 강소기업 신청기업,우양정공(주),제조업,기타 기계 및 장비 제조업,중소기업,56.0,경기 안산시 단원구,9,2026-08-01 02:44:01
신청 강소기업,고용부 선정 강소기업 신청기업,(주)세창기계,제조업,기타 기계 및 장비 제조업,중소기업,21.0,경기 안산시 단원구,8,2026-08-01 02:44:01
신청 강소기업,고용부 선정 강소기업 신청기업,(주)크로버,제조업,기타 기계 및 장비 제조업,중소기업,154.0,경기 안양시 동안구,8,2026-08-01 02:44:01
신청 강소기업,고용부 선정 강소기업 신청기업,(주)삼화에이스,제조업,기타 기계 및 장비 제조업,중소기업,264.0,서울 서초구,8,2026-08-01 02:44:01
신청 강소기업,고용부 선정 강소기업 신청기업,(주)승광,제조업,기타 기계 및 장비 제조업,중소기업,31.0,,8,2026-08-01 02:44:01
신청 강소기업,고용부 선정 강소기업 신청기업,(주)가온테크,제조업,기타 기계 및 장비 제조업,중소기업,24.0,경기 김포시,8,2026-08-01 02:44:01
신청 강소기업,고용부 선정 강소기업 신청기업,(주)고송이엔지,제조업,기타 기계 및 장비 제조업,중소기업,21.0,경기 화성시,8,2026-08-01 02:44:01
신청 강소기업,고용부 선정 강소기업 신청기업,에스엔유프리시젼(주),제조업,기타 기계 및 장비 제조업,중견기업,177.0,충남 아산시,8,2026-08-01 02:44:01
신청 강소기업,고용부 선정 강소기업 신청기업,트윈텍,제조업,기타 기계 및 장비 제조업,중소기업,7.0,대구 달서구,8,2026-08-01 02:44:01
신청 강소기업,고용부 선정 강소기업 신청기업,(주)금강산업플랜트,제조업,기타 기계 및 장비 제조업,중소기업,9.0,경기 평택시,8,2026-08-01 02:44:01
신청 강소기업,고용부 선정 강소기업 신청기업,한맥기연(주),제조업,기타 기계 및 장비 제조업,중소기업,42.0,울산 북구,7,2026-08-01 02:44:01
신청 강소기업,고용부 선정 강소기업 신청기업,주식회사 이노스,제조업,기타 기계 및 장비 제조업,중소기업,43.0,경기 성남시 중원구,7,2026-08-01 02:44:01
신청 강소기업,고용부 선정 강소기업 신청기업,(주)진용엔지니어링,제조업,기타 기계 및 장비 제조업,중소기업,14.0,경기 평택시,7,2026-08-01 02:44:01
신청 강소기업,고용부 선정 강소기업 신청기업,주식회사 지오필테크,제조업,기타 기계 및 장비 제조업,중소기업,21.0,대전 유성구,7,2026-08-01 02:44:01
신청 강소기업,고용부 선정 강소기업 신청기업,주식회사 지나테크,제조업,기타 기계 및 장비 제조업,중소기업,39.0,충남 천안시 서북구,7,2026-08-01 02:44:01
신청 강소기업,고용부 선정 강소기업 신청기업,주식회사 재원,제조업,기타 기계 및 장비 제조업,중소기업,12.0,경기 군포시,6,2026-08-01 02:44:01
신청 강소기업,고용부 선정 강소기업 신청기업,(주)한림기업,제조업,기타 기계 및 장비 제조업,중소기업,39.0,부산 기장군,6,2026-08-01 02:44:01
신청 강소기업,고용부 선정 강소기업 신청기업,(주)코윈테크,제조업,기타 기계 및 장비 제조업,중견기업,254.0,충남 아산시,6,2026-08-01 02:44:01
신청 강소기업,고용부 선정 강소기업 신청기업,(주)세진씰,제조업,기타 기계 및 장비 제조업,중소기업,11.0,충남 당진시,6,2026-08-01 02:44:01
신청 강소기업,고용부 선정 강소기업 신청기업,(주)제이에스텍,제조업,기타 기계 및 장비 제조업,중소기업,21.0,충북 청주시 청원구,5,2026-08-01 02:44:01
신청 강소기업,고용부 선정 강소기업 신청기업,(주)썬앤쉴드,제조업,기타 기계 및 장비 제조업,중소기업,74.0,경기 시흥시,5,2026-08-01 02:44:01
신청 강소기업,고용부 선정 강소기업 신청기업,(주)하이클로,제조업,기타 기계 및 장비 제조업,중소기업,34.0,경기 평택시,5,2026-08-01 02:44:01
신청 강소기업,고용부 선정 강소기업 신청기업,(주)웰탑테크노스,제조업,기타 기계 및 장비 제조업,중소기업,21.0,충남 천안시 서북구,5,2026-08-01 02:44:01
신청 강소기업,고용부 선정 강소기업 신청기업,(주)펨트론,제조업,기타 기계 및 장비 제조업,중소기업,263.0,서울 금천구,5,2026-08-01 02:44:01
신청 강소기업,고용부 선정 강소기업 신청기업,양전자시스템(주),제조업,기타 기계 및 장비 제조업,중소기업,73.0,경기 평택시,5,2026-08-01 02:44:01
신청 강소기업,고용부 선정 강소기업 신청기업,가람환경기술(주),제조업,기타 기계 및 장비 제조업,중소기업,35.0,서울 금천구,5,2026-08-01 02:44:01
신청 강소기업,고용부 선정 강소기업 신청기업,주식회사 불스,제조업,기타 기계 및 장비 제조업,중소기업,22.0,경북 성주군,5,2026-08-01 02:44:01
신청 강소기업,고용부 선정 강소기업 신청기업,(주)하이플럭스,제조업,기타 기계 및 장비 제조업,중소기업,,대전 유성구,4,2026-08-01 02:44:01
신청 강소기업,고용부 선정 강소기업 신청기업,한일과학산업(주),제조업,기타 기계 및 장비 제조업,중견기업,58.0,경기 김포시,4,2026-08-01 02:44:01
신청 강소기업,고용부 선정 강소기업 신청기업,(주)한화그린,제조업,기타 기계 및 장비 제조업,중소기업,25.0,경북 칠곡군,3,2026-08-01 02:44:01
신청 강소기업,고용부 선정 강소기업 신청기업,(주)에스엠아이,제조업,기타 기계 및 장비 제조업,중소기업,86.0,충북 청주시 흥덕구,3,2026-08-01 02:44:01
신청 강소기업,고용부 선정 강소기업 신청기업,(주)에이텍에이피,제조업,기타 기계 및 장비 제조업,중견기업,0.0,경기 성남시 분당구,3,2026-08-01 02:44:01
신청 강소기업,고용부 선정 강소기업 신청기업,(주)이노테크,제조업,기타 기계 및 장비 제조업,중소기업,56.0,충남 아산시,2,2026-08-01 02:44:01
신청 강소기업,고용부 선정 강소기업 신청기업,(주)에이티에스,제조업,기타 기계 및 장비 제조업,중소기업,80.0,경북 구미시,2,2026-08-01 02:44:01
신청 강소기업,고용부 선정 강소기업 신청기업,티지화이어,제조업,기타 기계 및 장비 제조업,중소기업,,경기 남양주시,2,2026-08-01 02:44:01
신청 강소기업,고용부 선정 강소기업 신청기업,(주)가달,제조업,기타 기계 및 장비 제조업,중소기업,,경기 광명시,2,2026-08-01 02:44:01
신청 강소기업,고용부 선정 강소기업 신청기업,(주)이노시엠,제조업,기타 기계 및 장비 제조업,중소기업,19.0,경기 화성시,2,2026-08-01 02:44:01
신청 강소기업,고용부 선정 강소기업 신청기업,명인산업 주식회사,제조업,기타 기계 및 장비 제조업,중소기업,24.0,부산 강서구,2,2026-08-01 02:44:01
신청 강소기업,고용부 선정 강소기업 신청기업,이에스산업(주),제조업,기타 기계 및 장비 제조업,중소기업,25.0,충남 천안시 서북구,2,2026-08-01 02:44:01
신청 강소기업,고용부 선정 강소기업 신청기업,(주)티알,제조업,기타 기계 및 장비 제조업,중소기업,16.0,경남 김해시,1,2026-08-01 02:44:01
신청 강소기업,고용부 선정 강소기업 신청기업,(주)엔에스티,제조업,기타 기계 및 장비 제조업,중소기업,29.0,경기 이천시,1,2026-08-01 02:44:01
신청 강소기업,고용부 선정 강소기업 신청기업,(주)에이치앤엔코퍼레이션,제조업,기타 기계 및 장비 제조업,중소기업,23.0,충북 청주시 흥덕구,1,2026-08-01 02:44:01
신청 강소기업,고용부 선정 강소기업 신청기업,주식회사 피엘테크,제조업,기타 기계 및 장비 제조업,중소기업,36.0,경기 화성시,1,2026-08-01 02:44:01
신청 강소기업,고용부 선정 강소기업 신청기업,(주)대도테크라,제조업,기타 기계 및 장비 제조업,중소기업,18.0,울산 남구,1,2026-08-01 02:44:01
신청 강소기업,고용부 선정 강소기업 신청기업,메카니칼토탈솔루션(주),제조업,기타 기계 및 장비 제조업,중소기업,61.0,경기 화성시,1,2026-08-01 02:44:01
신청 강소기업,고용부 선정 강소기업 신청기업,주식회사 비에스피,제조업,기타 기계 및 장비 제조업,중소기업,17.0,경기 안양시 동안구,1,2026-08-01 02:44:01
신청 강소기업,고용부 선정 강소기업 신청기업,주식회사 맥이엔에스,제조업,기타 기계 및 장비 제조업,중소기업,15.0,충북 음성군,1,2026-08-01 02:44:01
신청 강소기업,고용부 선정 강소기업 신청기업,(주)에스티씨엔지니어링,제조업,기타 기계 및 장비 제조업,중소기업,94.0,경기 평택시,1,2026-08-01 02:44:01
신청 강소기업,고용부 선정 강소기업 신청기업,주식회사 지에프아이,제조업,기타 기계 및 장비 제조업,중소기업,67.0,경기 김포시,1,2026-08-01 02:44:01
신청 강소기업,고용부 선정 강소기업 신청기업,NICE TECH,제조업,기타 기계 및 장비 제조업,,,경남 창원시 성산구,0,2026-08-01 02:44:01
신청 강소기업,고용부 선정 강소기업 신청기업,(주)HS하이테크,제조업,기타 기계 및 장비 제조업,,,경기 화성시,0,2026-08-01 02:44:01
신청 강소기업,고용부 선정 강소기업 신청기업,주식회사 애플티,제조업,기타 기계 및 장비 제조업,중소기업,33.0,경기 용인시 처인구,0,2026-08-01 02:44:01
신청 강소기업,고용부 선정 강소기업 신청기업,(주)이노웰,제조업,기타 기계 및 장비 제조업,중소기업,39.0,경기 성남시 분당구,0,2026-08-01 02:44:01
신청 강소기업,고용부 선정 강소기업 신청기업,다믈파워반도체 유한회사,제조업,기타 기계 및 장비 제조업,,,경기 안양시 동안구,0,2026-08-01 02:44:01
신청 강소기업,고용부 선정 강소기업 신청기업,주식회사 에스,제조업,기타 기계 및 장비 제조업,,,경남 창원시 의창구,0,2026-08-01 02:44:01
신청 강소기업,고용부 선정 강소기업 신청기업,신우밸브 주직회사,제조업,기타 기계 및 장비 제조업,,,경기 김포시,0,2026-08-01 02:44:01
신청 강소기업,고용부 선정 강소기업 신청기업,산동금속공업(주),제조업,기타 기계 및 장비 제조업,,,경북 구미시,0,2026-08-01 02:44:01
신청 강소기업,고용부 선정 강소기업 신청기업,(주)세일산업,제조업,기타 기계 및 장비 제조업,중소기업,,경기 파주시,0,2026-08-01 02:44:01
신청 강소기업,고용부 선정 강소기업 신청기업,서흥MCO,제조업,기타 기계 및 장비 제조업,,,경기 안산시 단원구,0,2026-08-01 02:44:01
신청 강소기업,고용부 선정 강소기업 신청기업,효성펌프판매,제조업,기타 기계 및 장비 제조업,,,충남 당진시,0,2026-08-01 02:44:01
신청 강소기업,고용부 선정 강소기업 신청기업,씨에프테크놀로지(주),제조업,기타 기계 및 장비 제조업,,,충남 아산시,0,2026-08-01 02:44:01
신청 강소기업,고용부 선정 강소기업 신청기업,케이비엠툴스,제조업,기타 기계 및 장비 제조업,,,서울 금천구,0,2026-08-01 02:44:01
신청 강소기업,고용부 선정 강소기업 신청기업,주식회사 아스트라코팅,제조업,기타 기계 및 장비 제조업,,,대구 달성군,0,2026-08-01 02:44:01
신청 강소기업,고용부 선정 강소기업 신청기업,(주)에이스테크,제조업,기타 기계 및 장비 제조업,중소기업,22.0,,0,2026-08-01 02:44:01
신청 강소기업,고용부 선정 강소기업 신청기업,대동테크,제조업,기타 기계 및 장비 제조업,,,경북 경산시,0,2026-08-01 02:44:01
신청 강소기업,고용부 선정 강소기업 신청기업,티비테크놀러지 주식회사,제조업,기타 기계 및 장비 제조업,중소기업,24.0,경기 성남시 중원구,0,2026-08-01 02:44:01
신청 강소기업,고용부 선정 강소기업 신청기업,한국후꼬꾸,제조업,자동차 및 트레일러 제조업,중견기업,339.0,경기 안산시 단원구,187,2026-08-01 02:44:01
신청 강소기업,고용부 선정 강소기업 신청기업,(주)일지테크,제조업,자동차 및 트레일러 제조업,중견기업,478.0,경북 경산시,125,2026-08-01 02:44:01
신청 강소기업,고용부 선정 강소기업 신청기업,주식회사 마바산업,제조업,자동차 및 트레일러 제조업,중소기업,42.0,울산 북구,122,2026-08-01 02:44:01
신청 강소기업,고용부 선정 강소기업 신청기업,동서산업(주),제조업,자동차 및 트레일러 제조업,중소기업,71.0,부산 기장군,86,2026-08-01 02:44:01
신청 강소기업,고용부 선정 강소기업 신청기업,(주)삼양금속,제조업,자동차 및 트레일러 제조업,중소기업,84.0,대구 달성군,60,2026-08-01 02:44:01
신청 강소기업,고용부 선정 강소기업 신청기업,(주)화영,제조업,자동차 및 트레일러 제조업,중소기업,212.0,부산 강서구,58,2026-08-01 02:44:01
신청 강소기업,고용부 선정 강소기업 신청기업,디와이오토 (주),제조업,자동차 및 트레일러 제조업,중견기업,481.0,충남 아산시,56,2026-08-01 02:44:01
신청 강소기업,고용부 선정 강소기업 신청기업,주식회사 보원산어,제조업,자동차 및 트레일러 제조업,중소기업,77.0,경남 김해시,47,2026-08-01 02:44:01
신청 강소기업,고용부 선정 강소기업 신청기업,주식회사태창포징,제조업,자동차 및 트레일러 제조업,중소기업,69.0,경남 김해시,35,2026-08-01 02:44:01
신청 강소기업,고용부 선정 강소기업 신청기업,(주)풍산시스템,제조업,자동차 및 트레일러 제조업,중견기업,368.0,경기 안산시 상록구,31,2026-08-01 02:44:01
신청 강소기업,고용부 선정 강소기업 신청기업,(주)동원테크,제조업,자동차 및 트레일러 제조업,중소기업,161.0,경남 김해시,31,2026-08-01 02:44:01
신청 강소기업,고용부 선정 강소기업 신청기업,주식회사 네오테크,제조업,자동차 및 트레일러 제조업,중소기업,47.0,경북 김천시,29,2026-08-01 02:44:01
신청 강소기업,고용부 선정 강소기업 신청기업,진솔인더스트리,제조업,자동차 및 트레일러 제조업,중소기업,203.0,,27,2026-08-01 02:44:01
신청 강소기업,고용부 선정 강소기업 신청기업,안전공업 (주),제조업,자동차 및 트레일러 제조업,중견기업,363.0,대전 대덕구,25,2026-08-01 02:44:01
신청 강소기업,고용부 선정 강소기업 신청기업,(주)우성씰텍,제조업,자동차 및 트레일러 제조업,중소기업,34.0,대구 달서구,24,2026-08-01 02:44:01
신청 강소기업,고용부 선정 강소기업 신청기업,(주)화성,제조업,자동차 및 트레일러 제조업,중소기업,79.0,경남 창녕군,24,2026-08-01 02:44:01
신청 강소기업,고용부 선정 강소기업 신청기업,현대하이텍 주식회사,제조업,자동차 및 트레일러 제조업,중소기업,44.0,경기 광주시,22,2026-08-01 02:44:01
신청 강소기업,고용부 선정 강소기업 신청기업,(주)신광테크놀러지,제조업,자동차 및 트레일러 제조업,중소기업,66.0,경기 안산시 단원구,18,2026-08-01 02:44:01
신청 강소기업,고용부 선정 강소기업 신청기업,주식회사 스템테크,제조업,자동차 및 트레일러 제조업,중소기업,29.0,경북 영천시,18,2026-08-01 02:44:01
신청 강소기업,고용부 선정 강소기업 신청기업,(주)유니폴리,제조업,자동차 및 트레일러 제조업,중소기업,30.0,대구 달서구,18,2026-08-01 02:44:01
신청 강소기업,고용부 선정 강소기업 신청기업,(주)비디텍,제조업,자동차 및 트레일러 제조업,중소기업,27.0,전북 완주군,17,2026-08-01 02:44:01
신청 강소기업,고용부 선정 강소기업 신청기업,신성모터스,제조업,자동차 및 트레일러 제조업,중소기업,,대구 달서구,17,2026-08-01 02:44:01
신청 강소기업,고용부 선정 강소기업 신청기업,(주)광일기공,제조업,자동차 및 트레일러 제조업,중소기업,38.0,,17,2026-08-01 02:44:01
신청 강소기업,고용부 선정 강소기업 신청기업,커민스필터 주식회사,제조업,자동차 및 트레일러 제조업,중소기업,124.0,경기 화성시,17,2026-08-01 02:44:01
신청 강소기업,고용부 선정 강소기업 신청기업,(주)경원테크,제조업,자동차 및 트레일러 제조업,중소기업,49.0,경남 김해시,15,2026-08-01 02:44:01
신청 강소기업,고용부 선정 강소기업 신청기업,(주)세림티앤디,제조업,자동차 및 트레일러 제조업,중소기업,37.0,충남 천안시 동남구,14,2026-08-01 02:44:01
신청 강소기업,고용부 선정 강소기업 신청기업,(주)광일테크,제조업,자동차 및 트레일러 제조업,중소기업,90.0,충남 홍성군,14,2026-08-01 02:44:01
신청 강소기업,고용부 선정 강소기업 신청기업,화성에이앤티 (주),제조업,자동차 및 트레일러 제조업,중소기업,47.0,대구 달성군,13,2026-08-01 02:44:01
신청 강소기업,고용부 선정 강소기업 신청기업,(주)진영코리아,제조업,자동차 및 트레일러 제조업,중소기업,68.0,부산 강서구,13,2026-08-01 02:44:01
신청 강소기업,고용부 선정 강소기업 신청기업,주식회사 한신,제조업,자동차 및 트레일러 제조업,중소기업,106.0,경기 화성시,12,2026-08-01 02:44:01
신청 강소기업,고용부 선정 강소기업 신청기업,(주)온이스,제조업,자동차 및 트레일러 제조업,중소기업,218.0,경기 평택시,10,2026-08-01 02:44:01
신청 강소기업,고용부 선정 강소기업 신청기업,(주)케이제이,제조업,자동차 및 트레일러 제조업,중소기업,22.0,대구 달서구,10,2026-08-01 02:44:01
신청 강소기업,고용부 선정 강소기업 신청기업,주식회사 플렉시아,제조업,자동차 및 트레일러 제조업,중소기업,,충남 당진시,7,2026-08-01 02:44:01
신청 강소기업,고용부 선정 강소기업 신청기업,보경테크(주),제조업,자동차 및 트레일러 제조업,중소기업,11.0,경북 칠곡군,7,2026-08-01 02:44:01
신청 강소기업,고용부 선정 강소기업 신청기업,(주)덕진,제조업,자동차 및 트레일러 제조업,중소기업,15.0,경북 구미시,7,2026-08-01 02:44:01
신청 강소기업,고용부 선정 강소기업 신청기업,(주)에이스웍스코리아,제조업,자동차 및 트레일러 제조업,중소기업,79.0,서울 강남구,7,2026-08-01 02:44:01
신청 강소기업,고용부 선정 강소기업 신청기업,명인선재압연 주식회사,제조업,자동차 및 트레일러 제조업,중소기업,35.0,경기 시흥시,6,2026-08-01 02:44:01
신청 강소기업,고용부 선정 강소기업 신청기업,(주)크린어스,제조업,자동차 및 트레일러 제조업,중소기업,42.0,경기 용인시 기흥구,4,2026-08-01 02:44:01
신청 강소기업,고용부 선정 강소기업 신청기업,삼송테크주식회사,제조업,자동차 및 트레일러 제조업,중소기업,,경남 창녕군,4,2026-08-01 02:44:01
신청 강소기업,고용부 선정 강소기업 신청기업,삼정정밀,제조업,자동차 및 트레일러 제조업,중소기업,33.0,대구 달성군,3,2026-08-01 02:44:01
신청 강소기업,고용부 선정 강소기업 신청기업,제이엘팩,제조업,자동차 및 트레일러 제조업,,,경남 김해시,0,2026-08-01 02:44:01
신청 강소기업,고용부 선정 강소기업 신청기업,하은테크(주),제조업,자동차 및 트레일러 제조업,,,경남 사천시,0,2026-08-01 02:44:01
신청 강소기업,고용부 선정 강소기업 신청기업,(주)한국몰드김제,제조업,자동차 및 트레일러 제조업,,,전북 김제시,0,2026-08-01 02:44:01
신청 강소기업,고용부 선정 강소기업 신청기업,강림중공업(주),제조업,기타 운송장비 제조업,중견기업,374.0,경남 창원시 성산구,515,2026-08-01 02:44:01
신청 강소기업,고용부 선정 강소기업 신청기업,(주)지성큐앤텍,제조업,기타 운송장비 제조업,중소기업,136.0,경남 창원시 성산구,177,2026-08-01 02:44:01
신청 강소기업,고용부 선정 강소기업 신청기업,주)디에스케이,제조업,기타 운송장비 제조업,중소기업,93.0,부산 영도구,64,2026-08-01 02:44:01
신청 강소기업,고용부 선정 강소기업 신청기업,(주)한국메이드,제조업,기타 운송장비 제조업,중소기업,72.0,,46,2026-08-01 02:44:01
신청 강소기업,고용부 선정 강소기업 신청기업,인터콘시스템스 주식회사,제조업,기타 운송장비 제조업,중소기업,135.0,경기 수원시 권선구,44,2026-08-01 02:44:01
신청 강소기업,고용부 선정 강소기업 신청기업,글로벌에코 주식회사,제조업,기타 운송장비 제조업,중소기업,50.0,울산 울주군,35,2026-08-01 02:44:01
신청 강소기업,고용부 선정 강소기업 신청기업,(주)블루오션테크,제조업,기타 운송장비 제조업,중소기업,10.0,,33,2026-08-01 02:44:01
신청 강소기업,고용부 선정 강소기업 신청기업,유승산업(주),제조업,기타 운송장비 제조업,중소기업,,대구 달서구,28,2026-08-01 02:44:01
신청 강소기업,고용부 선정 강소기업 신청기업,덕산넵코어스 주식회사,제조업,기타 운송장비 제조업,중소기업,175.0,대전 유성구,19,2026-08-01 02:44:01
신청 강소기업,고용부 선정 강소기업 신청기업,(주)킵스,제조업,기타 운송장비 제조업,중소기업,16.0,경기 파주시,19,2026-08-01 02:44:01
신청 강소기업,고용부 선정 강소기업 신청기업,기득산업(주),제조업,기타 운송장비 제조업,중소기업,40.0,경남 김해시,12,2026-08-01 02:44:01
신청 강소기업,고용부 선정 강소기업 신청기업,(주)이지무브,제조업,기타 운송장비 제조업,중소기업,26.0,경기 안양시 만안구,12,2026-08-01 02:44:01
신청 강소기업,고용부 선정 강소기업 신청기업,경원벤텍(주),제조업,기타 운송장비 제조업,중소기업,39.0,경남 김해시,11,2026-08-01 02:44:01
신청 강소기업,고용부 선정 강소기업 신청기업,기득산업(주),제조업,기타 운송장비 제조업,중소기업,43.0,경남 거제시,11,2026-08-01 02:44:01
신청 강소기업,고용부 선정 강소기업 신청기업,(주)비앰티,제조업,기타 운송장비 제조업,중소기업,,경남 김해시,10,2026-08-01 02:44:01
신청 강소기업,고용부 선정 강소기업 신청기업,씨에스아이엔테크,제조업,기타 운송장비 제조업,중소기업,93.0,인천 계양구,10,2026-08-01 02:44:01
신청 강소기업,고용부 선정 강소기업 신청기업,(주)코하마,제조업,기타 운송장비 제조업,중소기업,35.0,경기 수원시 권선구,5,2026-08-01 02:44:01
신청 강소기업,고용부 선정 강소기업 신청기업,경남밴드,제조업,기타 운송장비 제조업,중소기업,15.0,경남 김해시,3,2026-08-01 02:44:01
신청 강소기업,고용부 선정 강소기업 신청기업,에이피위성주식회사,제조업,기타 운송장비 제조업,중소기업,185.0,서울 금천구,3,2026-08-01 02:44:01
신청 강소기업,고용부 선정 강소기업 신청기업,주식회사 토파스,제조업,가구 제조업,중소기업,149.0,경기 포천시,49,2026-08-01 02:44:01
신청 강소기업,고용부 선정 강소기업 신청기업,(주)다원체어스,제조업,가구 제조업,중소기업,80.0,경기 남양주시,30,2026-08-01 02:44:01
신청 강소기업,고용부 선정 강소기업 신청기업,(주)아이토프,제조업,가구 제조업,중소기업,19.0,경북 경산시,11,2026-08-01 02:44:01
신청 강소기업,고용부 선정 강소기업 신청기업,백조씽크,제조업,가구 제조업,중소기업,170.0,서울 동대문구,11,2026-08-01 02:44:01
신청 강소기업,고용부 선정 강소기업 신청기업,(주)만만한녀석들,제조업,가구 제조업,중소기업,,부산 사상구,2,2026-08-01 02:44:01
신청 강소기업,고용부 선정 강소기업 신청기업,넵스,제조업,가구 제조업,중소기업,8.0,서울 강남구,2,2026-08-01 02:44:01
신청 강소기업,고용부 선정 강소기업 신청기업,(주)아이체,제조업,가구 제조업,중소기업,44.0,경기 남양주시,1,2026-08-01 02:44:01
신청 강소기업,고용부 선정 강소기업 신청기업,(주)백조씽크,제조업,가구 제조업,,170.0,충북 음성군,0,2026-08-01 02:44:01
신청 강소기업,고용부 선정 강소기업 신청기업,삼정크린마스터(주),제조업,기타 제품 제조업,중소기업,41.0,경기 김포시,27,2026-08-01 02:44:01
신청 강소기업,고용부 선정 강소기업 신청기업,(주)아로펫,제조업,기타 제품 제조업,중소기업,44.0,충북 음성군,9,2026-08-01 02:44:01
신청 강소기업,고용부 선정 강소기업 신청기업,(주)리뉴시스템,제조업,기타 제품 제조업,중소기업,72.0,서울 마포구,7,2026-08-01 02:44:01
신청 강소기업,고용부 선정 강소기업 신청기업,님부스 유한회사,제조업,기타 제품 제조업,중소기업,16.0,경기 남양주시,6,2026-08-01 02:44:01
신청 강소기업,고용부 선정 강소기업 신청기업,주식회사 청송,제조업,기타 제품 제조업,중소기업,9.0,서울 은평구,6,2026-08-01 02:44:01
신청 강소기업,고용부 선정 강소기업 신청기업,(주)와이스미스,제조업,기타 제품 제조업,중소기업,,서울 종로구,5,2026-08-01 02:44:01
신청 강소기업,고용부 선정 강소기업 신청기업,(주)서울부스애드컴,제조업,기타 제품 제조업,중소기업,20.0,서울 영등포구,2,2026-08-01 02:44:01
신청 강소기업,고용부 선정 강소기업 신청기업,주식회사 델리코리아,제조업,기타 제품 제조업,중소기업,5.0,인천 연수구,1,2026-08-01 02:44:01
신청 강소기업,고용부 선정 강소기업 신청기업,(주)김스애드,제조업,기타 제품 제조업,,,서울 중랑구,0,2026-08-01 02:44:01
신청 강소기업,고용부 선정 강소기업 신청기업,(주)거성디지털,제조업,기타 제품 제조업,,,서울 광진구,0,2026-08-01 02:44:01
신청 강소기업,고용부 선정 강소기업 신청기업,(주)스페이스톡,제조업,기타 제품 제조업,,,서울 강남구,0,2026-08-01 02:44:01
신청 강소기업,고용부 선정 강소기업 신청기업,주식회사 두잇,제조업,산업용 기계 및 장비 수리업,중소기업,21.0,대전 유성구,1,2026-08-01 02:44:01
신청 강소기업,고용부 선정 강소기업 신청기업,(주)태건환경건설,"수도, 하수 및 폐기물 처리, 원료 재생업","폐기물 수집, 운반, 처리 및 원료 재생업",중소기업,12.0,충남 당진시,19,2026-08-01 02:44:01
신청 강소기업,고용부 선정 강소기업 신청기업,우주종합건설 주식회사,건설업,종합 건설업,중견기업,135.0,,81,2026-08-01 02:44:01
신청 강소기업,고용부 선정 강소기업 신청기업,(주)경동하우징,건설업,종합 건설업,중소기업,78.0,서울 영등포구,41,2026-08-01 02:44:01
신청 강소기업,고용부 선정 강소기업 신청기업,지평토건(주),건설업,종합 건설업,중소기업,81.0,충북 청주시 상당구,14,2026-08-01 02:44:01
신청 강소기업,고용부 선정 강소기업 신청기업,(주)원앤티에스,건설업,종합 건설업,중소기업,92.0,서울 강남구,11,2026-08-01 02:44:01
신청 강소기업,고용부 선정 강소기업 신청기업,제로투엔건축사사무소종합건설(주),건설업,종합 건설업,중소기업,168.0,서울 강남구,9,2026-08-01 02:44:01
신청 강소기업,고용부 선정 강소기업 신청기업,우주이엔씨 주식회사,건설업,종합 건설업,중소기업,36.0,,2,2026-08-01 02:44:01
신청 강소기업,고용부 선정 강소기업 신청기업,(합)동양아이텍,건설업,전문직별 공사업,중소기업,59.0,강원 춘천시,77,2026-08-01 02:44:01
신청 강소기업,고용부 선정 강소기업 신청기업,(주)원테크,건설업,전문직별 공사업,중소기업,64.0,대전 유성구,75,2026-08-01 02:44:01
신청 강소기업,고용부 선정 강소기업 신청기업,포원정보통신(주),건설업,전문직별 공사업,중소기업,127.0,제주 제주시,66,2026-08-01 02:44:01
신청 강소기업,고용부 선정 강소기업 신청기업,(주)탑이앤씨코리아,건설업,전문직별 공사업,중소기업,12.0,경기 안양시 동안구,65,2026-08-01 02:44:01
신청 강소기업,고용부 선정 강소기업 신청기업,(주)태화산업,건설업,전문직별 공사업,중소기업,61.0,,34,2026-08-01 02:44:01
신청 강소기업,고용부 선정 강소기업 신청기업,(주)에이비엠,건설업,전문직별 공사업,중소기업,102.0,부산 해운대구,31,2026-08-01 02:44:01
신청 강소기업,고용부 선정 강소기업 신청기업,(주)윈이앤지,건설업,전문직별 공사업,중소기업,74.0,울산 울주군,18,2026-08-01 02:44:01
신청 강소기업,고용부 선정 강소기업 신청기업,주식회사 누리에프이에스,건설업,전문직별 공사업,중소기업,26.0,서울 동작구,18,2026-08-01 02:44:01
신청 강소기업,고용부 선정 강소기업 신청기업,강우기업주식회사,건설업,전문직별 공사업,중소기업,166.0,서울 서초구,17,2026-08-01 02:44:01
신청 강소기업,고용부 선정 강소기업 신청기업,( 주)진성아이엔디,건설업,전문직별 공사업,중소기업,122.0,경북 구미시,13,2026-08-01 02:44:01
신청 강소기업,고용부 선정 강소기업 신청기업,(주)온리정보통신,건설업,전문직별 공사업,중소기업,53.0,서울 구로구,11,2026-08-01 02:44:01
신청 강소기업,고용부 선정 강소기업 신청기업,대성네트웍(주),건설업,전문직별 공사업,중소기업,72.0,경기 광명시,10,2026-08-01 02:44:01
신청 강소기업,고용부 선정 강소기업 신청기업,티에이치산업개발 주식회사,건설업,전문직별 공사업,중소기업,29.0,충남 공주시,10,2026-08-01 02:44:01
신청 강소기업,고용부 선정 강소기업 신청기업,두양건축(주),건설업,전문직별 공사업,중견기업,126.0,서울 강남구,7,2026-08-01 02:44:01
신청 강소기업,고용부 선정 강소기업 신청기업,(주)한기술,건설업,전문직별 공사업,중소기업,43.0,대전 서구,7,2026-08-01 02:44:01
신청 강소기업,고용부 선정 강소기업 신청기업,주식회사 힘콤,건설업,전문직별 공사업,중소기업,90.0,부산 북구,6,2026-08-01 02:44:01
신청 강소기업,고용부 선정 강소기업 신청기업,(주)유비즈솔루션,건설업,전문직별 공사업,중소기업,60.0,경기 용인시 수지구,5,2026-08-01 02:44:01
신청 강소기업,고용부 선정 강소기업 신청기업,(주)우주텔레콤,건설업,전문직별 공사업,중소기업,114.0,강원 원주시,5,2026-08-01 02:44:01
신청 강소기업,고용부 선정 강소기업 신청기업,주식회사 한마음에너지,건설업,전문직별 공사업,중소기업,32.0,강원 원주시,5,2026-08-01 02:44:01
신청 강소기업,고용부 선정 강소기업 신청기업,주식회사 지씨,건설업,전문직별 공사업,중소기업,144.0,부산 연제구,5,2026-08-01 02:44:01
신청 강소기업,고용부 선정 강소기업 신청기업,(주)세광플러스,건설업,전문직별 공사업,중소기업,20.0,,5,2026-08-01 02:44:01
신청 강소기업,고용부 선정 강소기업 신청기업,대림바토스(주),건설업,전문직별 공사업,중견기업,33.0,충북 제천시,5,2026-08-01 02:44:01
신청 강소기업,고용부 선정 강소기업 신청기업,신우콘크리트산업(주),건설업,전문직별 공사업,중소기업,27.0,충북 괴산군,3,2026-08-01 02:44:01
신청 강소기업,고용부 선정 강소기업 신청기업,(주)양일테크,건설업,전문직별 공사업,중소기업,16.0,,3,2026-08-01 02:44:01
신청 강소기업,고용부 선정 강소기업 신청기업,대신네트웍스(주),건설업,전문직별 공사업,중소기업,12.0,충북 청주시 서원구,3,2026-08-01 02:44:01
신청 강소기업,고용부 선정 강소기업 신청기업,(주)천운건설,건설업,전문직별 공사업,중소기업,45.0,,2,2026-08-01 02:44:01
신청 강소기업,고용부 선정 강소기업 신청기업,남부솔루션 주식회사,건설업,전문직별 공사업,중소기업,11.0,,2,2026-08-01 02:44:01
신청 강소기업,고용부 선정 강소기업 신청기업,(주)엠아이솔텍,건설업,전문직별 공사업,중소기업,40.0,서울 강남구,2,2026-08-01 02:44:01
신청 강소기업,고용부 선정 강소기업 신청기업,(주)프론텍,건설업,전문직별 공사업,중소기업,16.0,대구 북구,2,2026-08-01 02:44:01
신청 강소기업,고용부 선정 강소기업 신청기업,(주)대진정보기술,건설업,전문직별 공사업,중소기업,16.0,,2,2026-08-01 02:44:01
신청 강소기업,고용부 선정 강소기업 신청기업,주식회사 센티넬이노베이션,건설업,전문직별 공사업,,,경기 광명시,0,2026-08-01 02:44:01
신청 강소기업,고용부 선정 강소기업 신청기업,(주)엠엠에이코리아,건설업,전문직별 공사업,중소기업,13.0,경기 성남시 중원구,0,2026-08-01 02:44:01
신청 강소기업,고용부 선정 강소기업 신청기업,주식회사다일테크,건설업,전문직별 공사업,중소기업,25.0,,0,2026-08-01 02:44:01
신청 강소기업,고용부 선정 강소기업 신청기업,주식회사 천우,건설업,전문직별 공사업,중소기업,40.0,경북 문경시,0,2026-08-01 02:44:01
신청 강소기업,고용부 선정 강소기업 신청기업,주식회사 창명건설,건설업,전문직별 공사업,중소기업,39.0,충북 영동군,0,2026-08-01 02:44:01
신청 강소기업,고용부 선정 강소기업 신청기업,(주)다온피앤디,건설업,전문직별 공사업,,,충북 청주시 서원구,0,2026-08-01 02:44:01
신청 강소기업,고용부 선정 강소기업 신청기업,(주)우진지앤에스,건설업,전문직별 공사업,중소기업,44.0,서울 송파구,0,2026-08-01 02:44:01
신청 강소기업,고용부 선정 강소기업 신청기업,주식회사 에이치에너지,건설업,전문직별 공사업,중소기업,161.0,경북 포항시 남구,0,2026-08-01 02:44:01
신청 강소기업,고용부 선정 강소기업 신청기업,주식회사 오토핸즈,도매 및 소매업,자동차 및 부품 판매업,중소기업,191.0,서울 영등포구,7,2026-08-01 02:44:01
신청 강소기업,고용부 선정 강소기업 신청기업,정우통상(주),도매 및 소매업,도매 및 상품 중개업,중소기업,43.0,충북 청주시 서원구,77,2026-08-01 02:44:01
신청 강소기업,고용부 선정 강소기업 신청기업,도레이배터리세퍼레이터필름 한국유한회사,도매 및 소매업,도매 및 상품 중개업,중소기업,260.0,경북 구미시,73,2026-08-01 02:44:01
신청 강소기업,고용부 선정 강소기업 신청기업,어드밴텍케이알(주),도매 및 소매업,도매 및 상품 중개업,중견기업,118.0,서울 강서구,65,2026-08-01 02:44:01
신청 강소기업,고용부 선정 강소기업 신청기업,(주)와이케이건기,도매 및 소매업,도매 및 상품 중개업,중소기업,100.0,경기 안양시 만안구,62,2026-08-01 02:44:01
신청 강소기업,고용부 선정 강소기업 신청기업,장학문구사,도매 및 소매업,도매 및 상품 중개업,중소기업,92.0,대전 대덕구,62,2026-08-01 02:44:01
신청 강소기업,고용부 선정 강소기업 신청기업,(주)삼원특수지,도매 및 소매업,도매 및 상품 중개업,중소기업,108.0,서울 광진구,54,2026-08-01 02:44:01
신청 강소기업,고용부 선정 강소기업 신청기업,(주)엠엠피,도매 및 소매업,도매 및 상품 중개업,중소기업,39.0,경기 시흥시,53,2026-08-01 02:44:01
신청 강소기업,고용부 선정 강소기업 신청기업,주식회사 석영산업,도매 및 소매업,도매 및 상품 중개업,중소기업,43.0,경북 구미시,47,2026-08-01 02:44:01
신청 강소기업,고용부 선정 강소기업 신청기업,(주)유송타일앤바스,도매 및 소매업,도매 및 상품 중개업,중소기업,53.0,경기 고양시 덕양구,47,2026-08-01 02:44:01
신청 강소기업,고용부 선정 강소기업 신청기업,한국무라타전자,도매 및 소매업,도매 및 상품 중개업,중견기업,241.0,서울 서초구,44,2026-08-01 02:44:01
신청 강소기업,고용부 선정 강소기업 신청기업,㈜케이엠헬스케어,도매 및 소매업,도매 및 상품 중개업,중견기업,259.0,경기 구리시,38,2026-08-01 02:44:01
신청 강소기업,고용부 선정 강소기업 신청기업,미트리(주),도매 및 소매업,도매 및 상품 중개업,중소기업,36.0,부산 사상구,33,2026-08-01 02:44:01
신청 강소기업,고용부 선정 강소기업 신청기업,케이비엠주식회사,도매 및 소매업,도매 및 상품 중개업,중소기업,74.0,,32,2026-08-01 02:44:01
신청 강소기업,고용부 선정 강소기업 신청기업,대화기기(주),도매 및 소매업,도매 및 상품 중개업,중소기업,39.0,서울 강남구,29,2026-08-01 02:44:01
신청 강소기업,고용부 선정 강소기업 신청기업,풍림무약(주),도매 및 소매업,도매 및 상품 중개업,중소기업,243.0,서울 중구,28,2026-08-01 02:44:01
신청 강소기업,고용부 선정 강소기업 신청기업,(주)고려에스엠티,도매 및 소매업,도매 및 상품 중개업,중소기업,32.0,서울 강서구,21,2026-08-01 02:44:01
신청 강소기업,고용부 선정 강소기업 신청기업,(주)엠케이스틸,도매 및 소매업,도매 및 상품 중개업,중소기업,18.0,부산 강서구,20,2026-08-01 02:44:01
신청 강소기업,고용부 선정 강소기업 신청기업,한상인터내셔날(주),도매 및 소매업,도매 및 상품 중개업,중소기업,50.0,서울 강남구,20,2026-08-01 02:44:01
신청 강소기업,고용부 선정 강소기업 신청기업,아마다웰드테크코리아,도매 및 소매업,도매 및 상품 중개업,중견기업,92.0,경기 화성시,20,2026-08-01 02:44:01
신청 강소기업,고용부 선정 강소기업 신청기업,(주)크레온유니티,도매 및 소매업,도매 및 상품 중개업,중소기업,286.0,경기 고양시 일산동구,20,2026-08-01 02:44:01
신청 강소기업,고용부 선정 강소기업 신청기업,(주)싸이텍코리아,도매 및 소매업,도매 및 상품 중개업,중소기업,39.0,서울 강북구,19,2026-08-01 02:44:01
신청 강소기업,고용부 선정 강소기업 신청기업,주식회사제이제이수산,도매 및 소매업,도매 및 상품 중개업,중소기업,14.0,경기 파주시,19,2026-08-01 02:44:01
신청 강소기업,고용부 선정 강소기업 신청기업,(주)에스에이치에스,도매 및 소매업,도매 및 상품 중개업,중소기업,19.0,경기 성남시 분당구,18,2026-08-01 02:44:01
신청 강소기업,고용부 선정 강소기업 신청기업,(주)진안물류,도매 및 소매업,도매 및 상품 중개업,중소기업,40.0,경기 이천시,18,2026-08-01 02:44:01
신청 강소기업,고용부 선정 강소기업 신청기업,인코스(주),도매 및 소매업,도매 및 상품 중개업,중소기업,24.0,인천 남동구,17,2026-08-01 02:44:01
신청 강소기업,고용부 선정 강소기업 신청기업,(주)에이텍씨앤,도매 및 소매업,도매 및 상품 중개업,중소기업,185.0,경기 성남시 분당구,17,2026-08-01 02:44:01
신청 강소기업,고용부 선정 강소기업 신청기업,(주)퓨처젠,도매 및 소매업,도매 및 상품 중개업,중소기업,86.0,서울 구로구,15,2026-08-01 02:44:01
신청 강소기업,고용부 선정 강소기업 신청기업,주식회사 에이치에스우드,도매 및 소매업,도매 및 상품 중개업,중소기업,15.0,,15,2026-08-01 02:44:01
신청 강소기업,고용부 선정 강소기업 신청기업,주식회사 경동기전,도매 및 소매업,도매 및 상품 중개업,중소기업,19.0,부산 사상구,15,2026-08-01 02:44:01
신청 강소기업,고용부 선정 강소기업 신청기업,유민철강 주식회사,도매 및 소매업,도매 및 상품 중개업,중소기업,22.0,경기 김포시,14,2026-08-01 02:44:01
신청 강소기업,고용부 선정 강소기업 신청기업,(주)그레이스,도매 및 소매업,도매 및 상품 중개업,중소기업,161.0,서울 강남구,14,2026-08-01 02:44:01
신청 강소기업,고용부 선정 강소기업 신청기업,주식회사 엔캣,도매 및 소매업,도매 및 상품 중개업,중소기업,54.0,서울 중구,14,2026-08-01 02:44:01
신청 강소기업,고용부 선정 강소기업 신청기업,인솔주식회사,도매 및 소매업,도매 및 상품 중개업,중소기업,59.0,경기 하남시,14,2026-08-01 02:44:01
신청 강소기업,고용부 선정 강소기업 신청기업,주식회사 켐피아,도매 및 소매업,도매 및 상품 중개업,중소기업,26.0,경기 수원시 영통구,13,2026-08-01 02:44:01
신청 강소기업,고용부 선정 강소기업 신청기업,다보코퍼레이션(주),도매 및 소매업,도매 및 상품 중개업,중소기업,51.0,서울 금천구,13,2026-08-01 02:44:01
신청 강소기업,고용부 선정 강소기업 신청기업,코리아테크주식회사,도매 및 소매업,도매 및 상품 중개업,중소기업,12.0,경남 양산시,13,2026-08-01 02:44:01
신청 강소기업,고용부 선정 강소기업 신청기업,(주)비티씨,도매 및 소매업,도매 및 상품 중개업,중소기업,48.0,경기 안산시 상록구,13,2026-08-01 02:44:01
신청 강소기업,고용부 선정 강소기업 신청기업,(주)우신켐텍,도매 및 소매업,도매 및 상품 중개업,중소기업,26.0,서울 중구,12,2026-08-01 02:44:01
신청 강소기업,고용부 선정 강소기업 신청기업,(주)씨넥스존,도매 및 소매업,도매 및 상품 중개업,중견기업,70.0,서울 용산구,12,2026-08-01 02:44:01
신청 강소기업,고용부 선정 강소기업 신청기업,(주)이엠텍아이엔씨,도매 및 소매업,도매 및 상품 중개업,중소기업,41.0,서울 용산구,12,2026-08-01 02:44:01
신청 강소기업,고용부 선정 강소기업 신청기업,(주)한유에너지,도매 및 소매업,도매 및 상품 중개업,중견기업,85.0,서울 관악구,12,2026-08-01 02:44:01
신청 강소기업,고용부 선정 강소기업 신청기업,주식회사 이든철강,도매 및 소매업,도매 및 상품 중개업,중소기업,18.0,경북 성주군,12,2026-08-01 02:44:01
신청 강소기업,고용부 선정 강소기업 신청기업,주식회사 해솔네트웍스,도매 및 소매업,도매 및 상품 중개업,중소기업,9.0,서울 강남구,11,2026-08-01 02:44:01
신청 강소기업,고용부 선정 강소기업 신청기업,(주)디카팩,도매 및 소매업,도매 및 상품 중개업,중소기업,22.0,강원 원주시,11,2026-08-01 02:44:01
신청 강소기업,고용부 선정 강소기업 신청기업,영풍산전(주),도매 및 소매업,도매 및 상품 중개업,중소기업,46.0,서울 구로구,11,2026-08-01 02:44:01
신청 강소기업,고용부 선정 강소기업 신청기업,이노테크놀로지(주),도매 및 소매업,도매 및 상품 중개업,중소기업,68.0,서울 금천구,10,2026-08-01 02:44:01
신청 강소기업,고용부 선정 강소기업 신청기업,효성청과(주),도매 및 소매업,도매 및 상품 중개업,중소기업,36.0,대구 북구,10,2026-08-01 02:44:01
신청 강소기업,고용부 선정 강소기업 신청기업,태원과학(주),도매 및 소매업,도매 및 상품 중개업,중소기업,22.0,서울 강남구,9,2026-08-01 02:44:01
신청 강소기업,고용부 선정 강소기업 신청기업,(주)조은음식드림,도매 및 소매업,도매 및 상품 중개업,중소기업,45.0,서울 강북구,9,2026-08-01 02:44:01
신청 강소기업,고용부 선정 강소기업 신청기업,농업회사법인 몬트락 주식회사,도매 및 소매업,도매 및 상품 중개업,중소기업,18.0,제주 제주시,9,2026-08-01 02:44:01
신청 강소기업,고용부 선정 강소기업 신청기업,메이저월드(주),도매 및 소매업,도매 및 상품 중개업,중소기업,114.0,경기 화성시,9,2026-08-01 02:44:01
신청 강소기업,고용부 선정 강소기업 신청기업,케이씨아이엠(주),도매 및 소매업,도매 및 상품 중개업,중소기업,97.0,서울 강남구,8,2026-08-01 02:44:01
신청 강소기업,고용부 선정 강소기업 신청기업,예스폼,도매 및 소매업,도매 및 상품 중개업,중소기업,31.0,서울 성동구,8,2026-08-01 02:44:01
신청 강소기업,고용부 선정 강소기업 신청기업,주식회사 엠이티,도매 및 소매업,도매 및 상품 중개업,중소기업,59.0,대전 유성구,8,2026-08-01 02:44:01
신청 강소기업,고용부 선정 강소기업 신청기업,주식회사 해든앰앤씨,도매 및 소매업,도매 및 상품 중개업,중소기업,13.0,서울 동작구,8,2026-08-01 02:44:01
신청 강소기업,고용부 선정 강소기업 신청기업,주식회사 제일트레이딩,도매 및 소매업,도매 및 상품 중개업,중소기업,33.0,서울 영등포구,8,2026-08-01 02:44:01
신청 강소기업,고용부 선정 강소기업 신청기업,영화이엔티(주),도매 및 소매업,도매 및 상품 중개업,중소기업,10.0,서울 영등포구,8,2026-08-01 02:44:01
신청 강소기업,고용부 선정 강소기업 신청기업,서플라이루트 주식회사,도매 및 소매업,도매 및 상품 중개업,중소기업,34.0,경기 성남시 분당구,8,2026-08-01 02:44:01
신청 강소기업,고용부 선정 강소기업 신청기업,주식회사 에스아이아이에스,도매 및 소매업,도매 및 상품 중개업,중견기업,53.0,대전 유성구,7,2026-08-01 02:44:01
신청 강소기업,고용부 선정 강소기업 신청기업,(주)헤드아이티,도매 및 소매업,도매 및 상품 중개업,중소기업,46.0,전북 전주시 완산구,7,2026-08-01 02:44:01
신청 강소기업,고용부 선정 강소기업 신청기업,(주)영사이언스,도매 및 소매업,도매 및 상품 중개업,중소기업,88.0,경기 부천시 오정구,7,2026-08-01 02:44:01
신청 강소기업,고용부 선정 강소기업 신청기업,(주)파커스인터내셔널,도매 및 소매업,도매 및 상품 중개업,중소기업,10.0,서울 강서구,7,2026-08-01 02:44:01
신청 강소기업,고용부 선정 강소기업 신청기업,농업회사법인주식회사정원식품,도매 및 소매업,도매 및 상품 중개업,중소기업,114.0,충북 영동군,7,2026-08-01 02:44:01
신청 강소기업,고용부 선정 강소기업 신청기업,(주)중우엠텍,도매 및 소매업,도매 및 상품 중개업,중소기업,57.0,경기 안산시 단원구,7,2026-08-01 02:44:01
신청 강소기업,고용부 선정 강소기업 신청기업,(주)렌즈미,도매 및 소매업,도매 및 상품 중개업,중소기업,55.0,경기 구리시,6,2026-08-01 02:44:01
신청 강소기업,고용부 선정 강소기업 신청기업,구리청과주식회사,도매 및 소매업,도매 및 상품 중개업,중소기업,43.0,경기 구리시,6,2026-08-01 02:44:01
신청 강소기업,고용부 선정 강소기업 신청기업,오아 주식회사,도매 및 소매업,도매 및 상품 중개업,중소기업,132.0,서울 서초구,6,2026-08-01 02:44:01
신청 강소기업,고용부 선정 강소기업 신청기업,대곤코퍼레이션,도매 및 소매업,도매 및 상품 중개업,중소기업,137.0,서울 구로구,6,2026-08-01 02:44:01
신청 강소기업,고용부 선정 강소기업 신청기업,주식회사 딩동펫,도매 및 소매업,도매 및 상품 중개업,중소기업,35.0,경기 포천시,6,2026-08-01 02:44:01
신청 강소기업,고용부 선정 강소기업 신청기업,한국아즈빌(주),도매 및 소매업,도매 및 상품 중개업,중견기업,149.0,서울 영등포구,6,2026-08-01 02:44:01
신청 강소기업,고용부 선정 강소기업 신청기업,주식회사 더쉐프,도매 및 소매업,도매 및 상품 중개업,중소기업,82.0,부산 연제구,6,2026-08-01 02:44:01
신청 강소기업,고용부 선정 강소기업 신청기업,(주)린드너코리아,도매 및 소매업,도매 및 상품 중개업,중소기업,12.0,서울 서초구,5,2026-08-01 02:44:01
신청 강소기업,고용부 선정 강소기업 신청기업,(주)포유네트웍스,도매 및 소매업,도매 및 상품 중개업,중소기업,16.0,서울 송파구,5,2026-08-01 02:44:01
신청 강소기업,고용부 선정 강소기업 신청기업,동신렌탈(주),도매 및 소매업,도매 및 상품 중개업,중소기업,33.0,강원 강릉시,5,2026-08-01 02:44:01
신청 강소기업,고용부 선정 강소기업 신청기업,(주)지오시스템,도매 및 소매업,도매 및 상품 중개업,중소기업,24.0,서울 마포구,5,2026-08-01 02:44:01
신청 강소기업,고용부 선정 강소기업 신청기업,(주)엠토스솔루션스,도매 및 소매업,도매 및 상품 중개업,중소기업,69.0,서울 금천구,5,2026-08-01 02:44:01
신청 강소기업,고용부 선정 강소기업 신청기업,(주)쎄미콤,도매 및 소매업,도매 및 상품 중개업,중소기업,45.0,경기 이천시,4,2026-08-01 02:44:01
신청 강소기업,고용부 선정 강소기업 신청기업,주식회사 성호씨그마,도매 및 소매업,도매 및 상품 중개업,중소기업,30.0,경기 수원시 장안구,4,2026-08-01 02:44:01
신청 강소기업,고용부 선정 강소기업 신청기업,무한상사 사회적협동조합,도매 및 소매업,도매 및 상품 중개업,기타,10.0,대구 동구,4,2026-08-01 02:44:01
신청 강소기업,고용부 선정 강소기업 신청기업,다슈코리아 주식회사,도매 및 소매업,도매 및 상품 중개업,중소기업,54.0,,4,2026-08-01 02:44:01
신청 강소기업,고용부 선정 강소기업 신청기업,(주)올에프엔비,도매 및 소매업,도매 및 상품 중개업,중소기업,67.0,서울 용산구,3,2026-08-01 02:44:01
신청 강소기업,고용부 선정 강소기업 신청기업,(주)지엔엠라이프,도매 및 소매업,도매 및 상품 중개업,중소기업,67.0,서울 영등포구,3,2026-08-01 02:44:01
신청 강소기업,고용부 선정 강소기업 신청기업,(주)열매마을,도매 및 소매업,도매 및 상품 중개업,중소기업,22.0,경기 광명시,3,2026-08-01 02:44:01
신청 강소기업,고용부 선정 강소기업 신청기업,비욘드어스 주식회사,도매 및 소매업,도매 및 상품 중개업,중소기업,12.0,경기 고양시 일산동구,3,2026-08-01 02:44:01
신청 강소기업,고용부 선정 강소기업 신청기업,(주)파마피아,도매 및 소매업,도매 및 상품 중개업,중소기업,53.0,서울 송파구,3,2026-08-01 02:44:01
신청 강소기업,고용부 선정 강소기업 신청기업,주식회사소닉슨,도매 및 소매업,도매 및 상품 중개업,중소기업,50.0,경기 수원시 영통구,3,2026-08-01 02:44:01
신청 강소기업,고용부 선정 강소기업 신청기업,(주)아이더스코리아,도매 및 소매업,도매 및 상품 중개업,중견기업,138.0,서울 강서구,3,2026-08-01 02:44:01
신청 강소기업,고용부 선정 강소기업 신청기업,(주)더키코,도매 및 소매업,도매 및 상품 중개업,중소기업,42.0,,3,2026-08-01 02:44:01
신청 강소기업,고용부 선정 강소기업 신청기업,에스몰,도매 및 소매업,도매 및 상품 중개업,중소기업,,경북 고령군,3,2026-08-01 02:44:01
신청 강소기업,고용부 선정 강소기업 신청기업,주식회사 오피스허브,도매 및 소매업,도매 및 상품 중개업,중소기업,25.0,인천 남동구,3,2026-08-01 02:44:01
신청 강소기업,고용부 선정 강소기업 신청기업,주식회사바오밥테크놀로지,도매 및 소매업,도매 및 상품 중개업,중소기업,20.0,서울 영등포구,3,2026-08-01 02:44:01
신청 강소기업,고용부 선정 강소기업 신청기업,트렉바이시클코리아 유한회사,도매 및 소매업,도매 및 상품 중개업,중소기업,93.0,서울 강남구,3,2026-08-01 02:44:01
신청 강소기업,고용부 선정 강소기업 신청기업,주식회사 밝은무역,도매 및 소매업,도매 및 상품 중개업,중소기업,9.0,부산 서구,3,2026-08-01 02:44:01
신청 강소기업,고용부 선정 강소기업 신청기업,금유산업,도매 및 소매업,도매 및 상품 중개업,중소기업,20.0,서울 영등포구,3,2026-08-01 02:44:01
신청 강소기업,고용부 선정 강소기업 신청기업,주식회사 스톤헨지,도매 및 소매업,도매 및 상품 중개업,중소기업,43.0,경기 성남시 분당구,3,2026-08-01 02:44:01
신청 강소기업,고용부 선정 강소기업 신청기업,주식회사 더그린하우스,도매 및 소매업,도매 및 상품 중개업,중소기업,111.0,경남 고성군,3,2026-08-01 02:44:01
신청 강소기업,고용부 선정 강소기업 신청기업,(주)제이씨인터내쇼날,도매 및 소매업,도매 및 상품 중개업,중소기업,50.0,서울 마포구,3,2026-08-01 02:44:01
신청 강소기업,고용부 선정 강소기업 신청기업,(주)신영플러스,도매 및 소매업,도매 및 상품 중개업,중소기업,17.0,부산 강서구,2,2026-08-01 02:44:01
신청 강소기업,고용부 선정 강소기업 신청기업,씨엔비스 (주),도매 및 소매업,도매 및 상품 중개업,중소기업,35.0,경기 성남시 수정구,2,2026-08-01 02:44:01
신청 강소기업,고용부 선정 강소기업 신청기업,주식회사 소모이앤티,도매 및 소매업,도매 및 상품 중개업,중소기업,35.0,서울 강남구,2,2026-08-01 02:44:01
신청 강소기업,고용부 선정 강소기업 신청기업,주식회사 태산로테이트먼트,도매 및 소매업,도매 및 상품 중개업,중소기업,81.0,서울 서초구,2,2026-08-01 02:44:01
신청 강소기업,고용부 선정 강소기업 신청기업,인터아이코리아(주),도매 및 소매업,도매 및 상품 중개업,중소기업,49.0,서울 서초구,2,2026-08-01 02:44:01
신청 강소기업,고용부 선정 강소기업 신청기업,(주)엠이씨인더스트리,도매 및 소매업,도매 및 상품 중개업,중소기업,18.0,서울 송파구,2,2026-08-01 02:44:01
신청 강소기업,고용부 선정 강소기업 신청기업,(주)피오에스메카,도매 및 소매업,도매 및 상품 중개업,중소기업,115.0,서울 금천구,1,2026-08-01 02:44:01
신청 강소기업,고용부 선정 강소기업 신청기업,주식회사 조은기술,도매 및 소매업,도매 및 상품 중개업,중소기업,38.0,충남 천안시 서북구,1,2026-08-01 02:44:01
신청 강소기업,고용부 선정 강소기업 신청기업,제신주식회사,도매 및 소매업,도매 및 상품 중개업,중견기업,12.0,서울 강남구,1,2026-08-01 02:44:01
신청 강소기업,고용부 선정 강소기업 신청기업,주식회사 제이엠더블유,도매 및 소매업,도매 및 상품 중개업,중소기업,49.0,서울 금천구,1,2026-08-01 02:44:01
신청 강소기업,고용부 선정 강소기업 신청기업,(주)그랜드메드랩,도매 및 소매업,도매 및 상품 중개업,중소기업,18.0,대전 동구,1,2026-08-01 02:44:01
신청 강소기업,고용부 선정 강소기업 신청기업,엘비아브노바,도매 및 소매업,도매 및 상품 중개업,중소기업,87.0,서울 영등포구,1,2026-08-01 02:44:01
신청 강소기업,고용부 선정 강소기업 신청기업,(주)인성아이티,도매 및 소매업,도매 및 상품 중개업,중소기업,18.0,서울 영등포구,1,2026-08-01 02:44:01
신청 강소기업,고용부 선정 강소기업 신청기업,일렉서스 주식회사,도매 및 소매업,도매 및 상품 중개업,중소기업,27.0,서울 금천구,1,2026-08-01 02:44:01
신청 강소기업,고용부 선정 강소기업 신청기업,주식회사주원,도매 및 소매업,도매 및 상품 중개업,중소기업,34.0,경기 성남시 분당구,1,2026-08-01 02:44:01
신청 강소기업,고용부 선정 강소기업 신청기업,(주)온세메디칼,도매 및 소매업,도매 및 상품 중개업,중소기업,11.0,서울 강남구,1,2026-08-01 02:44:01
신청 강소기업,고용부 선정 강소기업 신청기업,주식회사 매그니프,도매 및 소매업,도매 및 상품 중개업,중소기업,26.0,서울 강남구,1,2026-08-01 02:44:01
신청 강소기업,고용부 선정 강소기업 신청기업,(주)석림랩텍,도매 및 소매업,도매 및 상품 중개업,중소기업,32.0,서울 성북구,1,2026-08-01 02:44:01
신청 강소기업,고용부 선정 강소기업 신청기업,(주)티르티르,도매 및 소매업,도매 및 상품 중개업,중소기업,219.0,서울 마포구,1,2026-08-01 02:44:01
신청 강소기업,고용부 선정 강소기업 신청기업,주식회사 피에프디,도매 및 소매업,도매 및 상품 중개업,중소기업,62.0,서울 광진구,1,2026-08-01 02:44:01
신청 강소기업,고용부 선정 강소기업 신청기업,(주)에이치케이피,도매 및 소매업,도매 및 상품 중개업,중소기업,14.0,충남 공주시,1,2026-08-01 02:44:01
신청 강소기업,고용부 선정 강소기업 신청기업,주식회사디스텍,도매 및 소매업,도매 및 상품 중개업,,,경기 화성시,0,2026-08-01 02:44:01
신청 강소기업,고용부 선정 강소기업 신청기업,주식회사 제스파,도매 및 소매업,도매 및 상품 중개업,,,서울 송파구,0,2026-08-01 02:44:01
신청 강소기업,고용부 선정 강소기업 신청기업,주식회사 넷솔테크,도매 및 소매업,도매 및 상품 중개업,중소기업,80.0,서울 영등포구,0,2026-08-01 02:44:01
신청 강소기업,고용부 선정 강소기업 신청기업,대연화학(주),도매 및 소매업,도매 및 상품 중개업,,,경기 성남시 분당구,0,2026-08-01 02:44:01
신청 강소기업,고용부 선정 강소기업 신청기업,KMG(거명),도매 및 소매업,도매 및 상품 중개업,,,부산 사하구,0,2026-08-01 02:44:01
신청 강소기업,고용부 선정 강소기업 신청기업,성원이즈(주),도매 및 소매업,도매 및 상품 중개업,,,서울 성동구,0,2026-08-01 02:44:01
신청 강소기업,고용부 선정 강소기업 신청기업,동신렌탈,도매 및 소매업,도매 및 상품 중개업,중소기업,11.0,경기 하남시,0,2026-08-01 02:44:01
신청 강소기업,고용부 선정 강소기업 신청기업,폴개협동조합,도매 및 소매업,도매 및 상품 중개업,중소기업,9.0,제주 서귀포시,0,2026-08-01 02:44:01
신청 강소기업,고용부 선정 강소기업 신청기업,주식회사 이너피스,도매 및 소매업,도매 및 상품 중개업,중소기업,22.0,경기 고양시 일산동구,0,2026-08-01 02:44:01
신청 강소기업,고용부 선정 강소기업 신청기업,(주)새뉴,도매 및 소매업,도매 및 상품 중개업,,,서울 중랑구,0,2026-08-01 02:44:01
신청 강소기업,고용부 선정 강소기업 신청기업,주식회사 화인비에스,도매 및 소매업,도매 및 상품 중개업,중소기업,18.0,서울 성동구,0,2026-08-01 02:44:01
신청 강소기업,고용부 선정 강소기업 신청기업,에이치엔엑스 주식회사,도매 및 소매업,도매 및 상품 중개업,중소기업,30.0,서울 중구,0,2026-08-01 02:44:01
신청 강소기업,고용부 선정 강소기업 신청기업,시스템어소시에이츠(주),도매 및 소매업,도매 및 상품 중개업,중소기업,23.0,서울 강동구,0,2026-08-01 02:44:01
신청 강소기업,고용부 선정 강소기업 신청기업,(주)직스테크놀로지,도매 및 소매업,도매 및 상품 중개업,,,서울 강남구,0,2026-08-01 02:44:01
신청 강소기업,고용부 선정 강소기업 신청기업,에스티비인터네셔널(주),도매 및 소매업,도매 및 상품 중개업,,,서울 금천구,0,2026-08-01 02:44:01
신청 강소기업,고용부 선정 강소기업 신청기업,(주)테일러팜스,도매 및 소매업,도매 및 상품 중개업,중소기업,60.0,서울 강남구,0,2026-08-01 02:44:01
신청 강소기업,고용부 선정 강소기업 신청기업,(주)원모어정보시스템,도매 및 소매업,도매 및 상품 중개업,,,대전 서구,0,2026-08-01 02:44:01
신청 강소기업,고용부 선정 강소기업 신청기업,(주)해피프린스,도매 및 소매업,도매 및 상품 중개업,중소기업,,서울 종로구,0,2026-08-01 02:44:01
신청 강소기업,고용부 선정 강소기업 신청기업,웹케시씨앤에스(주),도매 및 소매업,도매 및 상품 중개업,중소기업,49.0,서울 구로구,0,2026-08-01 02:44:01
신청 강소기업,고용부 선정 강소기업 신청기업,(주)베이스인 네트웍스,도매 및 소매업,도매 및 상품 중개업,중소기업,19.0,경기 성남시 분당구,0,2026-08-01 02:44:01
신청 강소기업,고용부 선정 강소기업 신청기업,(주)오브젝트컴퍼니,도매 및 소매업,도매 및 상품 중개업,중소기업,,서울 마포구,0,2026-08-01 02:44:01
신청 강소기업,고용부 선정 강소기업 신청기업,주식회사무계바이오농업회사법인,도매 및 소매업,도매 및 상품 중개업,,,경북 영천시,0,2026-08-01 02:44:01
신청 강소기업,고용부 선정 강소기업 신청기업,(주)네이처프라임,도매 및 소매업,도매 및 상품 중개업,중소기업,21.0,서울 동대문구,0,2026-08-01 02:44:01
신청 강소기업,고용부 선정 강소기업 신청기업,케무어스코리아,도매 및 소매업,도매 및 상품 중개업,중견기업,30.0,서울 서초구,0,2026-08-01 02:44:01
신청 강소기업,고용부 선정 강소기업 신청기업,(주)라온파마,도매 및 소매업,도매 및 상품 중개업,중소기업,15.0,서울 영등포구,0,2026-08-01 02:44:01
신청 강소기업,고용부 선정 강소기업 신청기업,주식회사 지에이치홀딩스,도매 및 소매업,도매 및 상품 중개업,중소기업,15.0,서울 성동구,0,2026-08-01 02:44:01
신청 강소기업,고용부 선정 강소기업 신청기업,(주)태성씨앤아이,도매 및 소매업,도매 및 상품 중개업,중소기업,12.0,서울 송파구,0,2026-08-01 02:44:01
신청 강소기업,고용부 선정 강소기업 신청기업,엑티브아이티(주),도매 및 소매업,도매 및 상품 중개업,,,경기 수원시 장안구,0,2026-08-01 02:44:01
신청 강소기업,고용부 선정 강소기업 신청기업,엔플러스솔루션스(주),도매 및 소매업,도매 및 상품 중개업,중소기업,11.0,서울 서초구,0,2026-08-01 02:44:01
신청 강소기업,고용부 선정 강소기업 신청기업,재단법인 아름다운가게,도매 및 소매업,소매업; 자동차 제외,중소기업,411.0,서울 중구,532,2026-08-01 02:44:01
신청 강소기업,고용부 선정 강소기업 신청기업,주식회사 구구스,도매 및 소매업,소매업; 자동차 제외,중소기업,208.0,서울 강남구,17,2026-08-01 02:44:01
신청 강소기업,고용부 선정 강소기업 신청기업,(주)제이숲,도매 및 소매업,소매업; 자동차 제외,중소기업,52.0,경기 의정부시,15,2026-08-01 02:44:01
신청 강소기업,고용부 선정 강소기업 신청기업,(주)에어메이드,도매 및 소매업,소매업; 자동차 제외,중소기업,34.0,경기 고양시 일산동구,15,2026-08-01 02:44:01
신청 강소기업,고용부 선정 강소기업 신청기업,주식회사 에르모어,도매 및 소매업,소매업; 자동차 제외,중소기업,110.0,경기 용인시 처인구,14,2026-08-01 02:44:01
신청 강소기업,고용부 선정 강소기업 신청기업,태양에스엠(주),도매 및 소매업,소매업; 자동차 제외,중소기업,24.0,서울 금천구,14,2026-08-01 02:44:01
신청 강소기업,고용부 선정 강소기업 신청기업,(주)씨티라이프,도매 및 소매업,소매업; 자동차 제외,중소기업,25.0,부산 사상구,12,2026-08-01 02:44:01
신청 강소기업,고용부 선정 강소기업 신청기업,주식회사 제주페이,도매 및 소매업,소매업; 자동차 제외,중소기업,,제주 제주시,9,2026-08-01 02:44:01
신청 강소기업,고용부 선정 강소기업 신청기업,(주)에스엘더블유,도매 및 소매업,소매업; 자동차 제외,중소기업,15.0,서울 동대문구,9,2026-08-01 02:44:01
신청 강소기업,고용부 선정 강소기업 신청기업,(주)쿨앤쿨,도매 및 소매업,소매업; 자동차 제외,중소기업,49.0,서울 서초구,4,2026-08-01 02:44:01
신청 강소기업,고용부 선정 강소기업 신청기업,주식회사 청안오가닉스,도매 및 소매업,소매업; 자동차 제외,중소기업,,서울 서초구,3,2026-08-01 02:44:01
신청 강소기업,고용부 선정 강소기업 신청기업,㈜샘터정보기술,도매 및 소매업,소매업; 자동차 제외,중소기업,24.0,경북 경산시,2,2026-08-01 02:44:01
신청 강소기업,고용부 선정 강소기업 신청기업,주식회사아이끌레,도매 및 소매업,소매업; 자동차 제외,중소기업,,경기 포천시,1,2026-08-01 02:44:01
신청 강소기업,고용부 선정 강소기업 신청기업,(주)네오비엔에스,도매 및 소매업,소매업; 자동차 제외,중소기업,50.0,서울 성동구,1,2026-08-01 02:44:01
신청 강소기업,고용부 선정 강소기업 신청기업,(주)바이올푸드글로벌,도매 및 소매업,소매업; 자동차 제외,중소기업,41.0,서울 금천구,1,2026-08-01 02:44:01
신청 강소기업,고용부 선정 강소기업 신청기업,주식회사 영롱,도매 및 소매업,소매업; 자동차 제외,중소기업,,부산 부산진구,1,2026-08-01 02:44:01
신청 강소기업,고용부 선정 강소기업 신청기업,주식회사 디에이치트레이딩,도매 및 소매업,소매업; 자동차 제외,중소기업,,부산 금정구,1,2026-08-01 02:44:01
신청 강소기업,고용부 선정 강소기업 신청기업,퍼플링크,도매 및 소매업,소매업; 자동차 제외,중소기업,22.0,서울 성동구,0,2026-08-01 02:44:01
신청 강소기업,고용부 선정 강소기업 신청기업,주식회사 오하임앤컴퍼니,도매 및 소매업,소매업; 자동차 제외,중소기업,78.0,서울 서초구,0,2026-08-01 02:44:01
신청 강소기업,고용부 선정 강소기업 신청기업,와이즈미디어커머스,도매 및 소매업,소매업; 자동차 제외,중소기업,47.0,서울 금천구,0,2026-08-01 02:44:01
신청 강소기업,고용부 선정 강소기업 신청기업,주식회사 엔공구,도매 및 소매업,소매업; 자동차 제외,,,,0,2026-08-01 02:44:01
신청 강소기업,고용부 선정 강소기업 신청기업,주식회사 열매컴퍼니,도매 및 소매업,소매업; 자동차 제외,중소기업,22.0,충남 아산시,0,2026-08-01 02:44:01
신청 강소기업,고용부 선정 강소기업 신청기업,주식회사 써니픽,도매 및 소매업,소매업; 자동차 제외,,,서울 서초구,0,2026-08-01 02:44:01
신청 강소기업,고용부 선정 강소기업 신청기업,대운교통(주),운수 및 창고업,육상운송 및 파이프라인 운송업,중소기업,330.0,경남 창원시 성산구,184,2026-08-01 02:44:01
신청 강소기업,고용부 선정 강소기업 신청기업,천경해운(주),운수 및 창고업,수상 운송업,중견기업,202.0,서울 중구,7,2026-08-01 02:44:01
신청 강소기업,고용부 선정 강소기업 신청기업,(주)삼덕티엘에스,운수 및 창고업,창고 및 운송관련 서비스업,중소기업,34.0,경기 용인시 기흥구,76,2026-08-01 02:44:01
신청 강소기업,고용부 선정 강소기업 신청기업,(주)대평,운수 및 창고업,창고 및 운송관련 서비스업,중소기업,34.0,,69,2026-08-01 02:44:01
신청 강소기업,고용부 선정 강소기업 신청기업,주식회사 엘에스티,운수 및 창고업,창고 및 운송관련 서비스업,중소기업,245.0,,53,2026-08-01 02:44:01
신청 강소기업,고용부 선정 강소기업 신청기업,(주)태웅로직스,운수 및 창고업,창고 및 운송관련 서비스업,중견기업,402.0,서울 강남구,27,2026-08-01 02:44:01
신청 강소기업,고용부 선정 강소기업 신청기업,한일냉장 주식회사,운수 및 창고업,창고 및 운송관련 서비스업,중소기업,36.0,부산 사하구,17,2026-08-01 02:44:01
신청 강소기업,고용부 선정 강소기업 신청기업,(주)비앤피로지스틱스,운수 및 창고업,창고 및 운송관련 서비스업,중소기업,24.0,경남 창원시 진해구,12,2026-08-01 02:44:01
신청 강소기업,고용부 선정 강소기업 신청기업,바른로지스틱스(주),운수 및 창고업,창고 및 운송관련 서비스업,중소기업,14.0,부산 서구,9,2026-08-01 02:44:01
신청 강소기업,고용부 선정 강소기업 신청기업,(주)팀버라인,운수 및 창고업,창고 및 운송관련 서비스업,중소기업,37.0,서울 중구,9,2026-08-01 02:44:01
신청 강소기업,고용부 선정 강소기업 신청기업,(주)디더블유엘글로벌,운수 및 창고업,창고 및 운송관련 서비스업,중견기업,21.0,경남 창원시 진해구,6,2026-08-01 02:44:01
신청 강소기업,고용부 선정 강소기업 신청기업,(주)한유,운수 및 창고업,창고 및 운송관련 서비스업,중견기업,292.0,서울 관악구,6,2026-08-01 02:44:01
신청 강소기업,고용부 선정 강소기업 신청기업,(주)화물맨,운수 및 창고업,창고 및 운송관련 서비스업,중소기업,,경기 광주시,1,2026-08-01 02:44:01
신청 강소기업,고용부 선정 강소기업 신청기업,주식회사 지엘에스,운수 및 창고업,창고 및 운송관련 서비스업,,,,0,2026-08-01 02:44:01
신청 강소기업,고용부 선정 강소기업 신청기업,주식회사 프리텍,운수 및 창고업,창고 및 운송관련 서비스업,,,경기 시흥시,0,2026-08-01 02:44:01
신청 강소기업,고용부 선정 강소기업 신청기업,(주)신세화에프앤에스,숙박 및 음식점업,음식점 및 주점업,중소기업,54.0,부산 강서구,37,2026-08-01 02:44:01
신청 강소기업,고용부 선정 강소기업 신청기업,(주)에이치앤디이,숙박 및 음식점업,음식점 및 주점업,중견기업,94.0,서울 강남구,5,2026-08-01 02:44:01
신청 강소기업,고용부 선정 강소기업 신청기업,(주)금강웰빙푸드,숙박 및 음식점업,음식점 및 주점업,중소기업,161.0,충남 천안시 서북구,2,2026-08-01 02:44:01
신청 강소기업,고용부 선정 강소기업 신청기업,주식회사 콘피에르,숙박 및 음식점업,음식점 및 주점업,중소기업,,서울 중구,2,2026-08-01 02:44:01
신청 강소기업,고용부 선정 강소기업 신청기업,(주)일리에콩브레,숙박 및 음식점업,음식점 및 주점업,중소기업,,경기 화성시,0,2026-08-01 02:44:01
신청 강소기업,고용부 선정 강소기업 신청기업,오티아이(주),정보통신업,출판업,중소기업,250.0,서울 구로구,90,2026-08-01 02:44:01
신청 강소기업,고용부 선정 강소기업 신청기업,주식회사피앤피시큐어,정보통신업,출판업,중소기업,223.0,서울 강서구,53,2026-08-01 02:44:01
신청 강소기업,고용부 선정 강소기업 신청기업,주식회사 유호스트,정보통신업,출판업,중소기업,159.0,서울 서초구,46,2026-08-01 02:44:01
신청 강소기업,고용부 선정 강소기업 신청기업,가온소프트(주),정보통신업,출판업,중소기업,51.0,경남 창원시 마산회원구,41,2026-08-01 02:44:01
신청 강소기업,고용부 선정 강소기업 신청기업,이지앤웰니스(주),정보통신업,출판업,중소기업,176.0,서울 구로구,41,2026-08-01 02:44:01
신청 강소기업,고용부 선정 강소기업 신청기업,(주)에어로매스터,정보통신업,출판업,중소기업,51.0,경남 사천시,36,2026-08-01 02:44:01
신청 강소기업,고용부 선정 강소기업 신청기업,(주)파인씨앤아이,정보통신업,출판업,중소기업,18.0,서울 송파구,35,2026-08-01 02:44:01
신청 강소기업,고용부 선정 강소기업 신청기업,(주)데이터누리,정보통신업,출판업,중소기업,32.0,서울 강서구,35,2026-08-01 02:44:01
신청 강소기업,고용부 선정 강소기업 신청기업,넥시큐어시스템테크놀로지 주식회사,정보통신업,출판업,중소기업,39.0,서울 영등포구,34,2026-08-01 02:44:01
신청 강소기업,고용부 선정 강소기업 신청기업,(주)솔비텍,정보통신업,출판업,중소기업,19.0,서울 강남구,34,2026-08-01 02:44:01
신청 강소기업,고용부 선정 강소기업 신청기업,케이포시큐리티(주),정보통신업,출판업,중소기업,9.0,서울 구로구,34,2026-08-01 02:44:01
신청 강소기업,고용부 선정 강소기업 신청기업,(주)지오스토리,정보통신업,출판업,중소기업,136.0,서울 강서구,33,2026-08-01 02:44:01
신청 강소기업,고용부 선정 강소기업 신청기업,(주)내일신문,정보통신업,출판업,중소기업,61.0,서울 종로구,31,2026-08-01 02:44:01
신청 강소기업,고용부 선정 강소기업 신청기업,나눔아이씨티 주식회사,정보통신업,출판업,중소기업,40.0,경기 수원시 장안구,29,2026-08-01 02:44:01
신청 강소기업,고용부 선정 강소기업 신청기업,슈어소프트테크,정보통신업,출판업,중소기업,471.0,경기 성남시 수정구,27,2026-08-01 02:44:01
신청 강소기업,고용부 선정 강소기업 신청기업,주식회사 오픈놀,정보통신업,출판업,중소기업,161.0,서울 마포구,25,2026-08-01 02:44:01
신청 강소기업,고용부 선정 강소기업 신청기업,주식회사 스피어에이엑스,정보통신업,출판업,중소기업,54.0,대구 수성구,24,2026-08-01 02:44:01
신청 강소기업,고용부 선정 강소기업 신청기업,이노뎁(주),정보통신업,출판업,중소기업,213.0,서울 금천구,22,2026-08-01 02:44:01
신청 강소기업,고용부 선정 강소기업 신청기업,에프원소프트(주),정보통신업,출판업,중소기업,22.0,경기 화성시,22,2026-08-01 02:44:01
신청 강소기업,고용부 선정 강소기업 신청기업,㈜에스씨크리에이티브,정보통신업,출판업,중소기업,,,21,2026-08-01 02:44:01
신청 강소기업,고용부 선정 강소기업 신청기업,(주)핑거,정보통신업,출판업,중소기업,296.0,서울 영등포구,20,2026-08-01 02:44:01
신청 강소기업,고용부 선정 강소기업 신청기업,펜타시큐리티(주),정보통신업,출판업,중소기업,242.0,서울 영등포구,20,2026-08-01 02:44:01
신청 강소기업,고용부 선정 강소기업 신청기업,이케이주식회사,정보통신업,출판업,중소기업,86.0,경기 용인시 기흥구,20,2026-08-01 02:44:01
신청 강소기업,고용부 선정 강소기업 신청기업,(주)모비젠,정보통신업,출판업,중소기업,281.0,경기 성남시 수정구,20,2026-08-01 02:44:01
신청 강소기업,고용부 선정 강소기업 신청기업,씨에스쉐어링 주식회사,정보통신업,출판업,중소기업,328.0,서울 강서구,20,2026-08-01 02:44:01
신청 강소기업,고용부 선정 강소기업 신청기업,(주)씨에스피아이,정보통신업,출판업,중소기업,249.0,서울 서초구,20,2026-08-01 02:44:01
신청 강소기업,고용부 선정 강소기업 신청기업,주식회사 가비아씨엔에스,정보통신업,출판업,중소기업,103.0,경기 성남시 분당구,20,2026-08-01 02:44:01
신청 강소기업,고용부 선정 강소기업 신청기업,주식회사 데브구루,정보통신업,출판업,중소기업,28.0,서울 금천구,19,2026-08-01 02:44:01
신청 강소기업,고용부 선정 강소기업 신청기업,(주)디오티스,정보통신업,출판업,중소기업,28.0,서울 송파구,19,2026-08-01 02:44:01
신청 강소기업,고용부 선정 강소기업 신청기업,씨알에스큐브,정보통신업,출판업,중소기업,90.0,서울 마포구,18,2026-08-01 02:44:01
신청 강소기업,고용부 선정 강소기업 신청기업,(주)코리아퍼스텍,정보통신업,출판업,중소기업,244.0,서울 강서구,18,2026-08-01 02:44:01
신청 강소기업,고용부 선정 강소기업 신청기업,(주)이노튜브,정보통신업,출판업,중소기업,7.0,경기 성남시 중원구,18,2026-08-01 02:44:01
신청 강소기업,고용부 선정 강소기업 신청기업,주식회사 뉴엔에이아이,정보통신업,출판업,중소기업,205.0,경기 고양시 일산서구,17,2026-08-01 02:44:01
신청 강소기업,고용부 선정 강소기업 신청기업,(주)시너젠,정보통신업,출판업,중소기업,23.0,서울 성동구,16,2026-08-01 02:44:01
신청 강소기업,고용부 선정 강소기업 신청기업,(주)영림원소프트랩,정보통신업,출판업,중소기업,394.0,서울 강서구,16,2026-08-01 02:44:01
신청 강소기업,고용부 선정 강소기업 신청기업,(주)지오멕스소프트,정보통신업,출판업,중소기업,57.0,강원 춘천시,15,2026-08-01 02:44:01
신청 강소기업,고용부 선정 강소기업 신청기업,제이제이에스티,정보통신업,출판업,중소기업,12.0,서울 금천구,15,2026-08-01 02:44:01
신청 강소기업,고용부 선정 강소기업 신청기업,주식회사 한국기업보안,정보통신업,출판업,중소기업,22.0,서울 서초구,15,2026-08-01 02:44:01
신청 강소기업,고용부 선정 강소기업 신청기업,(주)오메가포인트,정보통신업,출판업,중소기업,30.0,서울 서초구,14,2026-08-01 02:44:01
신청 강소기업,고용부 선정 강소기업 신청기업,(주)임픽스,정보통신업,출판업,중소기업,63.0,서울 동대문구,14,2026-08-01 02:44:01
신청 강소기업,고용부 선정 강소기업 신청기업,주식회사대형네트웍스,정보통신업,출판업,중소기업,16.0,경남 창원시 의창구,13,2026-08-01 02:44:01
신청 강소기업,고용부 선정 강소기업 신청기업,(주)가온아이,정보통신업,출판업,중소기업,246.0,서울 강남구,12,2026-08-01 02:44:01
신청 강소기업,고용부 선정 강소기업 신청기업,나모웹비즈주식회사,정보통신업,출판업,중소기업,12.0,서울 송파구,12,2026-08-01 02:44:01
신청 강소기업,고용부 선정 강소기업 신청기업,(주)오엠인터랙티브,정보통신업,출판업,중소기업,24.0,서울 성동구,12,2026-08-01 02:44:01
신청 강소기업,고용부 선정 강소기업 신청기업,(주)피씨엔,정보통신업,출판업,중소기업,164.0,서울 강남구,12,2026-08-01 02:44:01
신청 강소기업,고용부 선정 강소기업 신청기업,주식회사 조이앤비즈,정보통신업,출판업,중소기업,65.0,서울 영등포구,12,2026-08-01 02:44:01
신청 강소기업,고용부 선정 강소기업 신청기업,아세테크,정보통신업,출판업,중소기업,105.0,경기 성남시 분당구,12,2026-08-01 02:44:01
신청 강소기업,고용부 선정 강소기업 신청기업,주식회사 하이브랩,정보통신업,출판업,중소기업,290.0,경기 성남시 분당구,11,2026-08-01 02:44:01
신청 강소기업,고용부 선정 강소기업 신청기업,주식회사 솔루파인,정보통신업,출판업,중소기업,17.0,경기 하남시,11,2026-08-01 02:44:01
신청 강소기업,고용부 선정 강소기업 신청기업,(주)브리지텍,정보통신업,출판업,중소기업,166.0,서울 영등포구,11,2026-08-01 02:44:01
신청 강소기업,고용부 선정 강소기업 신청기업,(주)마상소프트,정보통신업,출판업,중소기업,118.0,부산 해운대구,11,2026-08-01 02:44:01
신청 강소기업,고용부 선정 강소기업 신청기업,(주)포시에스,정보통신업,출판업,중소기업,199.0,서울 강남구,11,2026-08-01 02:44:01
신청 강소기업,고용부 선정 강소기업 신청기업,아라소프트주식회사,정보통신업,출판업,중소기업,107.0,경남 진주시,10,2026-08-01 02:44:01
신청 강소기업,고용부 선정 강소기업 신청기업,에스큐아이소프트(주),정보통신업,출판업,중소기업,147.0,서울 영등포구,10,2026-08-01 02:44:01
신청 강소기업,고용부 선정 강소기업 신청기업,엠포플러스(주),정보통신업,출판업,중소기업,15.0,서울 성동구,10,2026-08-01 02:44:01
신청 강소기업,고용부 선정 강소기업 신청기업,주식회사 오픈서베이,정보통신업,출판업,중소기업,82.0,서울 강남구,10,2026-08-01 02:44:01
신청 강소기업,고용부 선정 강소기업 신청기업,웹케시(주),정보통신업,출판업,중소기업,282.0,서울 영등포구,10,2026-08-01 02:44:01
신청 강소기업,고용부 선정 강소기업 신청기업,(주)레드소프트,정보통신업,출판업,중소기업,33.0,서울 구로구,10,2026-08-01 02:44:01
신청 강소기업,고용부 선정 강소기업 신청기업,주식회사 아이스크림미디어,정보통신업,출판업,중견기업,343.0,경기 성남시 분당구,10,2026-08-01 02:44:01
신청 강소기업,고용부 선정 강소기업 신청기업,후엠아이글로벌,정보통신업,출판업,중소기업,50.0,서울 중구,9,2026-08-01 02:44:01
신청 강소기업,고용부 선정 강소기업 신청기업,(주)에이씨케이,정보통신업,출판업,중소기업,89.0,경기 하남시,9,2026-08-01 02:44:01
신청 강소기업,고용부 선정 강소기업 신청기업,크리스피드(주),정보통신업,출판업,중소기업,255.0,서울 송파구,9,2026-08-01 02:44:01
신청 강소기업,고용부 선정 강소기업 신청기업,(주)토마토시스템,정보통신업,출판업,중소기업,230.0,서울 강남구,9,2026-08-01 02:44:01
신청 강소기업,고용부 선정 강소기업 신청기업,(주)사이냅소프트,정보통신업,출판업,중소기업,87.0,서울 강서구,9,2026-08-01 02:44:01
신청 강소기업,고용부 선정 강소기업 신청기업,(주)쓰리뷰,정보통신업,출판업,중소기업,21.0,경기 성남시 중원구,8,2026-08-01 02:44:01
신청 강소기업,고용부 선정 강소기업 신청기업,보나캠프 주식회사,정보통신업,출판업,중소기업,51.0,서울 금천구,8,2026-08-01 02:44:01
신청 강소기업,고용부 선정 강소기업 신청기업,(주)케이티지,정보통신업,출판업,중소기업,123.0,대전 유성구,8,2026-08-01 02:44:01
신청 강소기업,고용부 선정 강소기업 신청기업,사나이시스템,정보통신업,출판업,중소기업,19.0,인천 연수구,8,2026-08-01 02:44:01
신청 강소기업,고용부 선정 강소기업 신청기업,신성씨앤에스,정보통신업,출판업,중소기업,57.0,서울 금천구,8,2026-08-01 02:44:01
신청 강소기업,고용부 선정 강소기업 신청기업,브레인즈컴퍼니(주),정보통신업,출판업,중소기업,111.0,서울 성동구,8,2026-08-01 02:44:01
신청 강소기업,고용부 선정 강소기업 신청기업,(주)아이티코리아,정보통신업,출판업,중소기업,28.0,충남 공주시,8,2026-08-01 02:44:01
신청 강소기업,고용부 선정 강소기업 신청기업,세기정보통신(주),정보통신업,출판업,중소기업,85.0,서울 구로구,8,2026-08-01 02:44:01
신청 강소기업,고용부 선정 강소기업 신청기업,(주)오토소프트,정보통신업,출판업,중소기업,178.0,경기 용인시 수지구,8,2026-08-01 02:44:01
신청 강소기업,고용부 선정 강소기업 신청기업,(주)클루닉스,정보통신업,출판업,중소기업,57.0,서울 영등포구,8,2026-08-01 02:44:01
신청 강소기업,고용부 선정 강소기업 신청기업,브레인컨설팅,정보통신업,출판업,중소기업,54.0,서울 구로구,8,2026-08-01 02:44:01
신청 강소기업,고용부 선정 강소기업 신청기업,주식회사 부일기획,정보통신업,출판업,중소기업,64.0,부산 해운대구,7,2026-08-01 02:44:01
신청 강소기업,고용부 선정 강소기업 신청기업,(주)싸이버원,정보통신업,출판업,중소기업,261.0,서울 서초구,7,2026-08-01 02:44:01
신청 강소기업,고용부 선정 강소기업 신청기업,(주)데이타뱅크,정보통신업,출판업,중소기업,66.0,대구 수성구,7,2026-08-01 02:44:01
신청 강소기업,고용부 선정 강소기업 신청기업,(주)더블유게임즈,정보통신업,출판업,중견기업,366.0,서울 강남구,7,2026-08-01 02:44:01
신청 강소기업,고용부 선정 강소기업 신청기업,주식회사 네오비젼,정보통신업,출판업,중소기업,44.0,서울 영등포구,7,2026-08-01 02:44:01
신청 강소기업,고용부 선정 강소기업 신청기업,국민서관(주),정보통신업,출판업,중소기업,21.0,경기 파주시,7,2026-08-01 02:44:01
신청 강소기업,고용부 선정 강소기업 신청기업,주식회사 지란지교데이터,정보통신업,출판업,중소기업,103.0,대전 유성구,7,2026-08-01 02:44:01
신청 강소기업,고용부 선정 강소기업 신청기업,(주)큰사람커넥트,정보통신업,출판업,중소기업,99.0,서울 구로구,7,2026-08-01 02:44:01
신청 강소기업,고용부 선정 강소기업 신청기업,웨이즈원(주),정보통신업,출판업,중소기업,162.0,경기 의왕시,7,2026-08-01 02:44:01
신청 강소기업,고용부 선정 강소기업 신청기업,(주)뉴데이소프트,정보통신업,출판업,중소기업,25.0,서울 금천구,7,2026-08-01 02:44:01
신청 강소기업,고용부 선정 강소기업 신청기업,(주)아이퀘스트,정보통신업,출판업,중소기업,105.0,서울 구로구,7,2026-08-01 02:44:01
신청 강소기업,고용부 선정 강소기업 신청기업,지앤지커머스,정보통신업,출판업,중소기업,55.0,서울 영등포구,7,2026-08-01 02:44:01
신청 강소기업,고용부 선정 강소기업 신청기업,주식회사 이포넷,정보통신업,출판업,중소기업,163.0,서울 강남구,7,2026-08-01 02:44:01
신청 강소기업,고용부 선정 강소기업 신청기업,엔큐리티(주),정보통신업,출판업,중소기업,49.0,경기 성남시 분당구,6,2026-08-01 02:44:01
신청 강소기업,고용부 선정 강소기업 신청기업,(주)나라지식정보,정보통신업,출판업,중소기업,30.0,서울 종로구,6,2026-08-01 02:44:01
신청 강소기업,고용부 선정 강소기업 신청기업,주식회사 신시웨이,정보통신업,출판업,중소기업,80.0,서울 송파구,6,2026-08-01 02:44:01
신청 강소기업,고용부 선정 강소기업 신청기업,(주)인텔리코리아,정보통신업,출판업,중소기업,60.0,서울 금천구,6,2026-08-01 02:44:01
신청 강소기업,고용부 선정 강소기업 신청기업,(주)티오이십일,정보통신업,출판업,중소기업,98.0,서울 서초구,6,2026-08-01 02:44:01
신청 강소기업,고용부 선정 강소기업 신청기업,(주)한신정보기술,정보통신업,출판업,중소기업,74.0,충북 청주시 상당구,6,2026-08-01 02:44:01
신청 강소기업,고용부 선정 강소기업 신청기업,주식회사 휴네시온,정보통신업,출판업,중소기업,170.0,서울 강남구,6,2026-08-01 02:44:01
신청 강소기업,고용부 선정 강소기업 신청기업,유니닥스 주식회사,정보통신업,출판업,중소기업,83.0,서울 구로구,6,2026-08-01 02:44:01
신청 강소기업,고용부 선정 강소기업 신청기업,(주)소프트제국,정보통신업,출판업,중소기업,20.0,경기 고양시 덕양구,6,2026-08-01 02:44:01
신청 강소기업,고용부 선정 강소기업 신청기업,(주)에스에스알,정보통신업,출판업,중소기업,92.0,서울 구로구,5,2026-08-01 02:44:01
신청 강소기업,고용부 선정 강소기업 신청기업,(주)소다시스템,정보통신업,출판업,중소기업,58.0,경기 평택시,5,2026-08-01 02:44:01
신청 강소기업,고용부 선정 강소기업 신청기업,(주)디디알플러스,정보통신업,출판업,중소기업,27.0,서울 금천구,5,2026-08-01 02:44:01
신청 강소기업,고용부 선정 강소기업 신청기업,주식회사 샤인소프트,정보통신업,출판업,중소기업,34.0,경기 용인시 처인구,5,2026-08-01 02:44:01
신청 강소기업,고용부 선정 강소기업 신청기업,(주)이엔타,정보통신업,출판업,중소기업,,경기 수원시 영통구,5,2026-08-01 02:44:01
신청 강소기업,고용부 선정 강소기업 신청기업,(주)해시스냅,정보통신업,출판업,중소기업,16.0,서울 강남구,5,2026-08-01 02:44:01
신청 강소기업,고용부 선정 강소기업 신청기업,(주)엔키아,정보통신업,출판업,중소기업,163.0,경기 성남시 분당구,5,2026-08-01 02:44:01
신청 강소기업,고용부 선정 강소기업 신청기업,주식회사 낸드소프트,정보통신업,출판업,중소기업,,대구 동구,5,2026-08-01 02:44:01
신청 강소기업,고용부 선정 강소기업 신청기업,(주)한국금융IT,정보통신업,출판업,중소기업,60.0,서울 영등포구,5,2026-08-01 02:44:01
신청 강소기업,고용부 선정 강소기업 신청기업,페이레터주식회사,정보통신업,출판업,중견기업,135.0,서울 강남구,5,2026-08-01 02:44:01
신청 강소기업,고용부 선정 강소기업 신청기업,(주)폴라리스오피스,정보통신업,출판업,중소기업,163.0,서울 구로구,5,2026-08-01 02:44:01
신청 강소기업,고용부 선정 강소기업 신청기업,(주)위두커뮤니케이션즈,정보통신업,출판업,중소기업,28.0,서울 마포구,5,2026-08-01 02:44:01
신청 강소기업,고용부 선정 강소기업 신청기업,로데브(주),정보통신업,출판업,중소기업,13.0,경기 안양시 동안구,5,2026-08-01 02:44:01
신청 강소기업,고용부 선정 강소기업 신청기업,(주)디노마드,정보통신업,출판업,중소기업,68.0,서울 영등포구,5,2026-08-01 02:44:01
신청 강소기업,고용부 선정 강소기업 신청기업,( 주)바이널씨,정보통신업,출판업,중소기업,164.0,서울 강남구,5,2026-08-01 02:44:01
신청 강소기업,고용부 선정 강소기업 신청기업,브라이센코리아,정보통신업,출판업,중소기업,113.0,경기 수원시 팔달구,5,2026-08-01 02:44:01
신청 강소기업,고용부 선정 강소기업 신청기업,(주)위사,정보통신업,출판업,중소기업,58.0,서울 강남구,5,2026-08-01 02:44:01
신청 강소기업,고용부 선정 강소기업 신청기업,(주)미르이즈,정보통신업,출판업,중소기업,63.0,서울 마포구,5,2026-08-01 02:44:01
신청 강소기업,고용부 선정 강소기업 신청기업,(주)메일플러그,정보통신업,출판업,중소기업,90.0,서울 강남구,4,2026-08-01 02:44:01
신청 강소기업,고용부 선정 강소기업 신청기업,(주)이너버스,정보통신업,출판업,중소기업,26.0,서울 영등포구,4,2026-08-01 02:44:01
신청 강소기업,고용부 선정 강소기업 신청기업,(주)아이티젠,정보통신업,출판업,중소기업,85.0,서울 영등포구,4,2026-08-01 02:44:01
신청 강소기업,고용부 선정 강소기업 신청기업,유니원아이앤씨(주),정보통신업,출판업,중소기업,37.0,서울 영등포구,4,2026-08-01 02:44:01
신청 강소기업,고용부 선정 강소기업 신청기업,(주)제이에스시스템,정보통신업,출판업,중소기업,20.0,대구 동구,4,2026-08-01 02:44:01
신청 강소기업,고용부 선정 강소기업 신청기업,주식회사 에이텐시스템,정보통신업,출판업,중소기업,15.0,서울 금천구,4,2026-08-01 02:44:01
신청 강소기업,고용부 선정 강소기업 신청기업,(주)이케이네트웍스,정보통신업,출판업,중소기업,22.0,서울 금천구,4,2026-08-01 02:44:01
신청 강소기업,고용부 선정 강소기업 신청기업,주식회사 에오스,정보통신업,출판업,중소기업,30.0,서울 송파구,4,2026-08-01 02:44:01
신청 강소기업,고용부 선정 강소기업 신청기업,메리티움(주),정보통신업,출판업,중소기업,167.0,서울 금천구,4,2026-08-01 02:44:01
신청 강소기업,고용부 선정 강소기업 신청기업,아이씨티웨이(주),정보통신업,출판업,중소기업,219.0,경기 안양시 동안구,4,2026-08-01 02:44:01
신청 강소기업,고용부 선정 강소기업 신청기업,메타빌드(주),정보통신업,출판업,중소기업,338.0,서울 서초구,4,2026-08-01 02:44:01
신청 강소기업,고용부 선정 강소기업 신청기업,(주)엔오원,정보통신업,출판업,중소기업,15.0,서울 영등포구,4,2026-08-01 02:44:01
신청 강소기업,고용부 선정 강소기업 신청기업,(주)세포아소프트,정보통신업,출판업,중소기업,32.0,서울 서초구,4,2026-08-01 02:44:01
신청 강소기업,고용부 선정 강소기업 신청기업,인스피언 주식회사,정보통신업,출판업,중소기업,115.0,서울 금천구,4,2026-08-01 02:44:01
신청 강소기업,고용부 선정 강소기업 신청기업,(주)트리포스,정보통신업,출판업,중소기업,41.0,경기 성남시 분당구,4,2026-08-01 02:44:01
신청 강소기업,고용부 선정 강소기업 신청기업,(주)오션정보기술,정보통신업,출판업,중소기업,88.0,대전 서구,4,2026-08-01 02:44:01
신청 강소기업,고용부 선정 강소기업 신청기업,(주)링크허브,정보통신업,출판업,중소기업,11.0,,4,2026-08-01 02:44:01
신청 강소기업,고용부 선정 강소기업 신청기업,엔에이치엔인재아이엔씨(주),정보통신업,출판업,중견기업,166.0,서울 구로구,4,2026-08-01 02:44:01
신청 강소기업,고용부 선정 강소기업 신청기업,(주)더블다운인터액티브,정보통신업,출판업,중견기업,69.0,서울 강남구,4,2026-08-01 02:44:01
신청 강소기업,고용부 선정 강소기업 신청기업,(주)잉카인터넷,정보통신업,출판업,중소기업,130.0,서울 강서구,4,2026-08-01 02:44:01
신청 강소기업,고용부 선정 강소기업 신청기업,(주)라스테크,정보통신업,출판업,중소기업,33.0,대전 유성구,4,2026-08-01 02:44:01
신청 강소기업,고용부 선정 강소기업 신청기업,주식회사 지미션,정보통신업,출판업,중소기업,53.0,서울 성동구,4,2026-08-01 02:44:01
신청 강소기업,고용부 선정 강소기업 신청기업,(주)스마트포트테크놀로지,정보통신업,출판업,중소기업,37.0,인천 계양구,3,2026-08-01 02:44:01
신청 강소기업,고용부 선정 강소기업 신청기업,(주)위츠,정보통신업,출판업,중소기업,17.0,대구 수성구,3,2026-08-01 02:44:01
신청 강소기업,고용부 선정 강소기업 신청기업,드제이,정보통신업,출판업,중소기업,48.0,서울 마포구,3,2026-08-01 02:44:01
신청 강소기업,고용부 선정 강소기업 신청기업,반디에스앤씨 주식회사,정보통신업,출판업,중소기업,17.0,서울 성동구,3,2026-08-01 02:44:01
신청 강소기업,고용부 선정 강소기업 신청기업,주식회사 아이포트폴리오,정보통신업,출판업,중소기업,60.0,서울 중구,3,2026-08-01 02:44:01
신청 강소기업,고용부 선정 강소기업 신청기업,(주)플립커뮤니케이션즈,정보통신업,출판업,중소기업,111.0,서울 강남구,3,2026-08-01 02:44:01
신청 강소기업,고용부 선정 강소기업 신청기업,(주)메이어스,정보통신업,출판업,중소기업,63.0,서울 금천구,3,2026-08-01 02:44:01
신청 강소기업,고용부 선정 강소기업 신청기업,디딤365 주식회사,정보통신업,출판업,중소기업,251.0,서울 금천구,3,2026-08-01 02:44:01
신청 강소기업,고용부 선정 강소기업 신청기업,주식회사 위우너스,정보통신업,출판업,중소기업,33.0,서울 송파구,3,2026-08-01 02:44:01
신청 강소기업,고용부 선정 강소기업 신청기업,주식회사 대건소프트,정보통신업,출판업,중소기업,41.0,대전 유성구,3,2026-08-01 02:44:01
신청 강소기업,고용부 선정 강소기업 신청기업,대윤엔지니어링(주),정보통신업,출판업,중소기업,20.0,경북 구미시,3,2026-08-01 02:44:01
신청 강소기업,고용부 선정 강소기업 신청기업,(주)리딩게이트,정보통신업,출판업,중소기업,43.0,경기 성남시 수정구,3,2026-08-01 02:44:01
신청 강소기업,고용부 선정 강소기업 신청기업,(주)쿠콘,정보통신업,출판업,중소기업,209.0,서울 영등포구,3,2026-08-01 02:44:01
신청 강소기업,고용부 선정 강소기업 신청기업,(주)콘텐츠랩블루,정보통신업,출판업,중소기업,62.0,서울 구로구,3,2026-08-01 02:44:01
신청 강소기업,고용부 선정 강소기업 신청기업,(주)교림소프트,정보통신업,출판업,중소기업,79.0,서울 구로구,3,2026-08-01 02:44:01
신청 강소기업,고용부 선정 강소기업 신청기업,주식회사 엑스바디,정보통신업,출판업,중소기업,14.0,서울 금천구,3,2026-08-01 02:44:01
신청 강소기업,고용부 선정 강소기업 신청기업,(주)모스티소프트,정보통신업,출판업,중소기업,34.0,서울 영등포구,3,2026-08-01 02:44:01
신청 강소기업,고용부 선정 강소기업 신청기업,(주)타임게이트,정보통신업,출판업,중소기업,190.0,서울 성동구,3,2026-08-01 02:44:01
신청 강소기업,고용부 선정 강소기업 신청기업,주차장만드는사람들,정보통신업,출판업,중소기업,20.0,서울 영등포구,3,2026-08-01 02:44:01
신청 강소기업,고용부 선정 강소기업 신청기업,주식회사 브릴리언트시스템즈,정보통신업,출판업,중소기업,13.0,세종,3,2026-08-01 02:44:01
신청 강소기업,고용부 선정 강소기업 신청기업,랜드소프트 주식회사,정보통신업,출판업,중소기업,31.0,서울 서초구,2,2026-08-01 02:44:01
신청 강소기업,고용부 선정 강소기업 신청기업,(주)엔조이소프트,정보통신업,출판업,중소기업,24.0,경기 성남시 분당구,2,2026-08-01 02:44:01
신청 강소기업,고용부 선정 강소기업 신청기업,주식회사 메이아이,정보통신업,출판업,중소기업,23.0,대전 유성구,2,2026-08-01 02:44:01
신청 강소기업,고용부 선정 강소기업 신청기업,(주)엔소프트,정보통신업,출판업,중소기업,27.0,울산 남구,2,2026-08-01 02:44:01
신청 강소기업,고용부 선정 강소기업 신청기업,(주)데이타스,정보통신업,출판업,중소기업,,서울 영등포구,2,2026-08-01 02:44:01
신청 강소기업,고용부 선정 강소기업 신청기업,주식회사 스마트엠투엠,정보통신업,출판업,중소기업,59.0,부산 해운대구,2,2026-08-01 02:44:01
신청 강소기업,고용부 선정 강소기업 신청기업,(주)카이엠,정보통신업,출판업,중소기업,22.0,서울 구로구,2,2026-08-01 02:44:01
신청 강소기업,고용부 선정 강소기업 신청기업,오픈에스지,정보통신업,출판업,중소기업,84.0,경기 화성시,2,2026-08-01 02:44:01
신청 강소기업,고용부 선정 강소기업 신청기업,웹투게더(주),정보통신업,출판업,중소기업,57.0,서울 구로구,2,2026-08-01 02:44:01
신청 강소기업,고용부 선정 강소기업 신청기업,주식회사 제이비티,정보통신업,출판업,중소기업,43.0,경기 성남시 수정구,2,2026-08-01 02:44:01
신청 강소기업,고용부 선정 강소기업 신청기업,아이와이씨앤씨 주식회사,정보통신업,출판업,중소기업,98.0,서울 금천구,2,2026-08-01 02:44:01
신청 강소기업,고용부 선정 강소기업 신청기업,(주)위메이드커넥트,정보통신업,출판업,중견기업,130.0,경기 성남시 분당구,2,2026-08-01 02:44:01
신청 강소기업,고용부 선정 강소기업 신청기업,리트빅,정보통신업,출판업,중소기업,56.0,경기 성남시 수정구,2,2026-08-01 02:44:01
신청 강소기업,고용부 선정 강소기업 신청기업,컴즈 주식회사,정보통신업,출판업,중소기업,288.0,서울 구로구,2,2026-08-01 02:44:01
신청 강소기업,고용부 선정 강소기업 신청기업,(주)비즈데이터,정보통신업,출판업,중소기업,72.0,서울 서초구,2,2026-08-01 02:44:01
신청 강소기업,고용부 선정 강소기업 신청기업,웨어밸리,정보통신업,출판업,중소기업,97.0,서울 마포구,2,2026-08-01 02:44:01
신청 강소기업,고용부 선정 강소기업 신청기업,(주)트루인테크놀로지스,정보통신업,출판업,중소기업,8.0,대전 서구,2,2026-08-01 02:44:01
신청 강소기업,고용부 선정 강소기업 신청기업,(주)블루문소프트,정보통신업,출판업,중소기업,23.0,서울 동작구,2,2026-08-01 02:44:01
신청 강소기업,고용부 선정 강소기업 신청기업,(주)이씨에스텔레콤,정보통신업,출판업,중소기업,203.0,서울 서초구,2,2026-08-01 02:44:01
신청 강소기업,고용부 선정 강소기업 신청기업,그로윈(주),정보통신업,출판업,중소기업,47.0,서울 강남구,2,2026-08-01 02:44:01
신청 강소기업,고용부 선정 강소기업 신청기업,주식회사 모디엠,정보통신업,출판업,중소기업,171.0,서울 성동구,2,2026-08-01 02:44:01
신청 강소기업,고용부 선정 강소기업 신청기업,(주)아이투맥스,정보통신업,출판업,중소기업,210.0,서울 마포구,2,2026-08-01 02:44:01
신청 강소기업,고용부 선정 강소기업 신청기업,주식회사 노바소프트,정보통신업,출판업,중소기업,22.0,인천 연수구,2,2026-08-01 02:44:01
신청 강소기업,고용부 선정 강소기업 신청기업,주식회사 구름네트웍스,정보통신업,출판업,중소기업,14.0,서울 성동구,2,2026-08-01 02:44:01
신청 강소기업,고용부 선정 강소기업 신청기업,주식회사 테라에너지,정보통신업,출판업,중소기업,56.0,,2,2026-08-01 02:44:01
신청 강소기업,고용부 선정 강소기업 신청기업,(주)스틸리언,정보통신업,출판업,중소기업,85.0,서울 용산구,2,2026-08-01 02:44:01
신청 강소기업,고용부 선정 강소기업 신청기업,(주)브릭,정보통신업,출판업,중소기업,66.0,경기 성남시 분당구,2,2026-08-01 02:44:01
신청 강소기업,고용부 선정 강소기업 신청기업,주식회사 라피치,정보통신업,출판업,중소기업,117.0,서울 강남구,2,2026-08-01 02:44:01
신청 강소기업,고용부 선정 강소기업 신청기업,나인원소프트 주식회사,정보통신업,출판업,중소기업,47.0,서울 성동구,2,2026-08-01 02:44:01
신청 강소기업,고용부 선정 강소기업 신청기업,(주)지음지식서비스,정보통신업,출판업,중소기업,57.0,경기 성남시 수정구,2,2026-08-01 02:44:01
신청 강소기업,고용부 선정 강소기업 신청기업,(주)지란지교시큐리티,정보통신업,출판업,중소기업,139.0,경기 성남시 수정구,2,2026-08-01 02:44:01
신청 강소기업,고용부 선정 강소기업 신청기업,주식회사 브레인벤쳐스,정보통신업,출판업,중소기업,,경기 성남시 수정구,2,2026-08-01 02:44:01
신청 강소기업,고용부 선정 강소기업 신청기업,주식회사 엠스텍,정보통신업,출판업,중소기업,215.0,서울 금천구,2,2026-08-01 02:44:01
신청 강소기업,고용부 선정 강소기업 신청기업,(주)아이비즈소프트웨어,정보통신업,출판업,중소기업,68.0,서울 영등포구,2,2026-08-01 02:44:01
신청 강소기업,고용부 선정 강소기업 신청기업,비즈플레이(주),정보통신업,출판업,중소기업,135.0,서울 영등포구,1,2026-08-01 02:44:01
신청 강소기업,고용부 선정 강소기업 신청기업,(주)아이엠지,정보통신업,출판업,중소기업,15.0,경북 경주시,1,2026-08-01 02:44:01
신청 강소기업,고용부 선정 강소기업 신청기업,주식회사 레드랩게임즈,정보통신업,출판업,중소기업,68.0,서울 강남구,1,2026-08-01 02:44:01
신청 강소기업,고용부 선정 강소기업 신청기업,(주)베이리스,정보통신업,출판업,중소기업,128.0,경기 성남시 수정구,1,2026-08-01 02:44:01
신청 강소기업,고용부 선정 강소기업 신청기업,(주)아이엔아이소프트,정보통신업,출판업,중소기업,18.0,서울 영등포구,1,2026-08-01 02:44:01
신청 강소기업,고용부 선정 강소기업 신청기업,(주)아이엠파인,정보통신업,출판업,중소기업,20.0,서울 마포구,1,2026-08-01 02:44:01
신청 강소기업,고용부 선정 강소기업 신청기업,(주)프리그로우,정보통신업,출판업,중소기업,,부산 부산진구,1,2026-08-01 02:44:01
신청 강소기업,고용부 선정 강소기업 신청기업,주식회사 이에스티소프트,정보통신업,출판업,중소기업,,서울 영등포구,1,2026-08-01 02:44:01
신청 강소기업,고용부 선정 강소기업 신청기업,위버로프트 주식회사,정보통신업,출판업,중소기업,28.0,서울 구로구,1,2026-08-01 02:44:01
신청 강소기업,고용부 선정 강소기업 신청기업,주식회사 플로틱,정보통신업,출판업,중소기업,38.0,서울 성동구,1,2026-08-01 02:44:01
신청 강소기업,고용부 선정 강소기업 신청기업,(주)케이에스에이솔루션,정보통신업,출판업,중소기업,16.0,부산 강서구,1,2026-08-01 02:44:01
신청 강소기업,고용부 선정 강소기업 신청기업,주식회사 스토리타코,정보통신업,출판업,중소기업,25.0,서울 서초구,1,2026-08-01 02:44:01
신청 강소기업,고용부 선정 강소기업 신청기업,(주)지냅스,정보통신업,출판업,중소기업,,경기 성남시 분당구,1,2026-08-01 02:44:01
신청 강소기업,고용부 선정 강소기업 신청기업,주식회사 필름,정보통신업,출판업,중소기업,,서울 마포구,1,2026-08-01 02:44:01
신청 강소기업,고용부 선정 강소기업 신청기업,주식회사 위즈온텍,정보통신업,출판업,중소기업,11.0,서울 중구,1,2026-08-01 02:44:01
신청 강소기업,고용부 선정 강소기업 신청기업,(주)아이웨이,정보통신업,출판업,중소기업,41.0,경기 안양시 동안구,1,2026-08-01 02:44:01
신청 강소기업,고용부 선정 강소기업 신청기업,주식회사 세시소프트,정보통신업,출판업,중소기업,64.0,서울 서초구,1,2026-08-01 02:44:01
신청 강소기업,고용부 선정 강소기업 신청기업,주식회사 티오리한국,정보통신업,출판업,중소기업,39.0,서울 강남구,1,2026-08-01 02:44:01
신청 강소기업,고용부 선정 강소기업 신청기업,삼정데이타서비스(주),정보통신업,출판업,중소기업,74.0,서울 구로구,1,2026-08-01 02:44:01
신청 강소기업,고용부 선정 강소기업 신청기업,넷매니아 주식회사,정보통신업,출판업,중소기업,12.0,서울 송파구,1,2026-08-01 02:44:01
신청 강소기업,고용부 선정 강소기업 신청기업,(주)해나소프트,정보통신업,출판업,중소기업,12.0,경기 시흥시,1,2026-08-01 02:44:01
신청 강소기업,고용부 선정 강소기업 신청기업,(주)베스트텍,정보통신업,출판업,중소기업,12.0,서울 성동구,1,2026-08-01 02:44:01
신청 강소기업,고용부 선정 강소기업 신청기업,(주)이아이피,정보통신업,출판업,중소기업,14.0,인천 남동구,1,2026-08-01 02:44:01
신청 강소기업,고용부 선정 강소기업 신청기업,㈜엔텔스랩스,정보통신업,출판업,중소기업,38.0,서울 성동구,1,2026-08-01 02:44:01
신청 강소기업,고용부 선정 강소기업 신청기업,프라이빗테크놀로지 주식회사,정보통신업,출판업,중소기업,13.0,서울 금천구,1,2026-08-01 02:44:01
신청 강소기업,고용부 선정 강소기업 신청기업,주식회사 인포솔루션,정보통신업,출판업,중소기업,22.0,경기 안산시 단원구,1,2026-08-01 02:44:01
신청 강소기업,고용부 선정 강소기업 신청기업,(주)루트온플러스,정보통신업,출판업,중소기업,70.0,서울 영등포구,1,2026-08-01 02:44:01
신청 강소기업,고용부 선정 강소기업 신청기업,(주)포스웨이브,정보통신업,출판업,중소기업,73.0,경기 과천시,1,2026-08-01 02:44:01
신청 강소기업,고용부 선정 강소기업 신청기업,(주)쏘마,정보통신업,출판업,중소기업,8.0,경기 성남시 수정구,1,2026-08-01 02:44:01
신청 강소기업,고용부 선정 강소기업 신청기업,(주)모니터랩,정보통신업,출판업,중소기업,108.0,서울 구로구,1,2026-08-01 02:44:01
신청 강소기업,고용부 선정 강소기업 신청기업,아이낸스(주),정보통신업,출판업,중소기업,20.0,서울 영등포구,1,2026-08-01 02:44:01
신청 강소기업,고용부 선정 강소기업 신청기업,(주)이액티브,정보통신업,출판업,중소기업,63.0,서울 영등포구,1,2026-08-01 02:44:01
신청 강소기업,고용부 선정 강소기업 신청기업,(주)프랭클린테크놀로지,정보통신업,출판업,중소기업,38.0,서울 금천구,1,2026-08-01 02:44:01
신청 강소기업,고용부 선정 강소기업 신청기업,유플리트(주),정보통신업,출판업,중소기업,104.0,서울 마포구,1,2026-08-01 02:44:01
신청 강소기업,고용부 선정 강소기업 신청기업,(주)지더블유캐드코리아,정보통신업,출판업,중소기업,52.0,서울 강남구,1,2026-08-01 02:44:01
신청 강소기업,고용부 선정 강소기업 신청기업,(주)트윔,정보통신업,출판업,중소기업,108.0,경기 화성시,1,2026-08-01 02:44:01
신청 강소기업,고용부 선정 강소기업 신청기업,(주)윌로그,정보통신업,출판업,중소기업,27.0,서울 강남구,1,2026-08-01 02:44:01
신청 강소기업,고용부 선정 강소기업 신청기업,주식회사 솔박스,정보통신업,출판업,중소기업,71.0,서울 강남구,1,2026-08-01 02:44:01
신청 강소기업,고용부 선정 강소기업 신청기업,주식회사 네오클로바,정보통신업,출판업,중소기업,29.0,서울 강서구,1,2026-08-01 02:44:01
신청 강소기업,고용부 선정 강소기업 신청기업,주식회사 에스엠티비전,정보통신업,출판업,중소기업,21.0,서울 금천구,1,2026-08-01 02:44:01
신청 강소기업,고용부 선정 강소기업 신청기업,주식회사 팀스톤,정보통신업,출판업,중소기업,33.0,서울 송파구,1,2026-08-01 02:44:01
신청 강소기업,고용부 선정 강소기업 신청기업,주식회사 라온플랫폼,정보통신업,출판업,중소기업,15.0,서울 강서구,1,2026-08-01 02:44:01
신청 강소기업,고용부 선정 강소기업 신청기업,(주)아이페이지온,정보통신업,출판업,중소기업,119.0,서울 강남구,1,2026-08-01 02:44:01
신청 강소기업,고용부 선정 강소기업 신청기업,(주)데이터월드,정보통신업,출판업,중소기업,58.0,대전 서구,1,2026-08-01 02:44:01
신청 강소기업,고용부 선정 강소기업 신청기업,(주)이레아이디에스,정보통신업,출판업,중소기업,14.0,서울 송파구,1,2026-08-01 02:44:01
신청 강소기업,고용부 선정 강소기업 신청기업,에스큐앤티(주),정보통신업,출판업,중소기업,66.0,서울 영등포구,1,2026-08-01 02:44:01
신청 강소기업,고용부 선정 강소기업 신청기업,주식회사 휴에이션,정보통신업,출판업,중소기업,5.0,서울 금천구,0,2026-08-01 02:44:01
신청 강소기업,고용부 선정 강소기업 신청기업,디스페이스코리아,정보통신업,출판업,중소기업,61.0,서울 서초구,0,2026-08-01 02:44:01
신청 강소기업,고용부 선정 강소기업 신청기업,주식회사 비트리,정보통신업,출판업,중소기업,,서울 중구,0,2026-08-01 02:44:01
신청 강소기업,고용부 선정 강소기업 신청기업,(주)엠앤와이즈,정보통신업,출판업,,,서울 구로구,0,2026-08-01 02:44:01
신청 강소기업,고용부 선정 강소기업 신청기업,주식회사 골드넥스,정보통신업,출판업,중소기업,43.0,서울 강남구,0,2026-08-01 02:44:01
신청 강소기업,고용부 선정 강소기업 신청기업,미오소프트,정보통신업,출판업,,,경기 부천시,0,2026-08-01 02:44:01
신청 강소기업,고용부 선정 강소기업 신청기업,(주)헤리트,정보통신업,출판업,중소기업,80.0,경기 성남시 분당구,0,2026-08-01 02:44:01
신청 강소기업,고용부 선정 강소기업 신청기업,(주)유플러스시스템,정보통신업,출판업,중소기업,28.0,서울 금천구,0,2026-08-01 02:44:01
신청 강소기업,고용부 선정 강소기업 신청기업,(주)더원테크,정보통신업,출판업,중소기업,15.0,경기 성남시 분당구,0,2026-08-01 02:44:01
신청 강소기업,고용부 선정 강소기업 신청기업,(주)알티스트,정보통신업,출판업,중소기업,36.0,대전 유성구,0,2026-08-01 02:44:01
신청 강소기업,고용부 선정 강소기업 신청기업,(주)와포,정보통신업,출판업,중소기업,20.0,서울 서초구,0,2026-08-01 02:44:01
신청 강소기업,고용부 선정 강소기업 신청기업,주식회사 리클,정보통신업,출판업,중소기업,,경기 남양주시,0,2026-08-01 02:44:01
신청 강소기업,고용부 선정 강소기업 신청기업,서진씨엔에스(주),정보통신업,출판업,,,충북 청주시 상당구,0,2026-08-01 02:44:01
신청 강소기업,고용부 선정 강소기업 신청기업,(주)티오더,정보통신업,출판업,중소기업,208.0,서울 영등포구,0,2026-08-01 02:44:01
신청 강소기업,고용부 선정 강소기업 신청기업,주식회사 이데아인포,정보통신업,출판업,중소기업,17.0,대전 대덕구,0,2026-08-01 02:44:01
신청 강소기업,고용부 선정 강소기업 신청기업,(주)원텍시스템,정보통신업,출판업,중소기업,,경기 화성시,0,2026-08-01 02:44:01
신청 강소기업,고용부 선정 강소기업 신청기업,주식회사 파란샘,정보통신업,출판업,중소기업,38.0,서울 중구,0,2026-08-01 02:44:01
신청 강소기업,고용부 선정 강소기업 신청기업,(주)에스티에스 엔지니어링,정보통신업,출판업,중소기업,,충북 청주시 흥덕구,0,2026-08-01 02:44:01
신청 강소기업,고용부 선정 강소기업 신청기업,(주)엔트리플,정보통신업,출판업,중소기업,,서울 구로구,0,2026-08-01 02:44:01
신청 강소기업,고용부 선정 강소기업 신청기업,믹시스템(주),정보통신업,출판업,중소기업,50.0,서울 구로구,0,2026-08-01 02:44:01
신청 강소기업,고용부 선정 강소기업 신청기업,(주)메디치소프트,정보통신업,출판업,,,서울 영등포구,0,2026-08-01 02:44:01
신청 강소기업,고용부 선정 강소기업 신청기업,주식회사 딥인스펙션,정보통신업,출판업,중소기업,21.0,대전 유성구,0,2026-08-01 02:44:01
신청 강소기업,고용부 선정 강소기업 신청기업,(주)투비웨이,정보통신업,출판업,중소기업,99.0,경기 성남시 분당구,0,2026-08-01 02:44:01
신청 강소기업,고용부 선정 강소기업 신청기업,(주)클래게임즈,정보통신업,출판업,중소기업,25.0,서울 강남구,0,2026-08-01 02:44:01
신청 강소기업,고용부 선정 강소기업 신청기업,(주)사이버라인,정보통신업,출판업,중소기업,40.0,서울 서초구,0,2026-08-01 02:44:01
신청 강소기업,고용부 선정 강소기업 신청기업,(주)윈위즈,정보통신업,출판업,중소기업,24.0,서울 성동구,0,2026-08-01 02:44:01
신청 강소기업,고용부 선정 강소기업 신청기업,(주)에스에이정보기술,정보통신업,출판업,중소기업,25.0,서울 영등포구,0,2026-08-01 02:44:01
신청 강소기업,고용부 선정 강소기업 신청기업,주식회사 씨에스리,정보통신업,출판업,중소기업,197.0,서울 마포구,0,2026-08-01 02:44:01
신청 강소기업,고용부 선정 강소기업 신청기업,제노솔루션(주),정보통신업,출판업,중소기업,42.0,서울 영등포구,0,2026-08-01 02:44:01
신청 강소기업,고용부 선정 강소기업 신청기업,(주)그로브소프트,정보통신업,출판업,,,서울 용산구,0,2026-08-01 02:44:01
신청 강소기업,고용부 선정 강소기업 신청기업,(주)글로벌제조혁신네트웍,정보통신업,출판업,중소기업,10.0,인천 연수구,0,2026-08-01 02:44:01
신청 강소기업,고용부 선정 강소기업 신청기업,(주)제이앤에스팩토리,정보통신업,출판업,중소기업,14.0,서울 종로구,0,2026-08-01 02:44:01
신청 강소기업,고용부 선정 강소기업 신청기업,오직주식회사,정보통신업,출판업,중소기업,15.0,서울 금천구,0,2026-08-01 02:44:01
신청 강소기업,고용부 선정 강소기업 신청기업,아이비티에스 주식회사,정보통신업,출판업,중소기업,7.0,서울 금천구,0,2026-08-01 02:44:01
신청 강소기업,고용부 선정 강소기업 신청기업,(주)아이티굿,정보통신업,출판업,,,경기 안양시 동안구,0,2026-08-01 02:44:01
신청 강소기업,고용부 선정 강소기업 신청기업,오프너드 주식회사,정보통신업,출판업,중소기업,32.0,서울 구로구,0,2026-08-01 02:44:01
신청 강소기업,고용부 선정 강소기업 신청기업,비엠텍시스템 주식회사,정보통신업,출판업,,,서울 강남구,0,2026-08-01 02:44:01
신청 강소기업,고용부 선정 강소기업 신청기업,주식회사 가천헬스케어텍,정보통신업,출판업,중소기업,,인천 남동구,0,2026-08-01 02:44:01
신청 강소기업,고용부 선정 강소기업 신청기업,(주)리카온,정보통신업,출판업,중소기업,17.0,서울 금천구,0,2026-08-01 02:44:01
신청 강소기업,고용부 선정 강소기업 신청기업,주식회사 미소아이티,정보통신업,출판업,,,서울 영등포구,0,2026-08-01 02:44:01
신청 강소기업,고용부 선정 강소기업 신청기업,주식회사 아름게임즈,정보통신업,출판업,중소기업,46.0,경기 성남시 분당구,0,2026-08-01 02:44:01
신청 강소기업,고용부 선정 강소기업 신청기업,(주)리눅스데이타시스템,정보통신업,출판업,중소기업,43.0,서울 강남구,0,2026-08-01 02:44:01
신청 강소기업,고용부 선정 강소기업 신청기업,(주)싸이버시스템,정보통신업,출판업,,,서울 도봉구,0,2026-08-01 02:44:01
신청 강소기업,고용부 선정 강소기업 신청기업,데이타헤븐,정보통신업,출판업,중소기업,30.0,경기 성남시 분당구,0,2026-08-01 02:44:01
신청 강소기업,고용부 선정 강소기업 신청기업,주식회사 씨엠엑스,정보통신업,출판업,,,서울 금천구,0,2026-08-01 02:44:01
신청 강소기업,고용부 선정 강소기업 신청기업,(주)홈페이지코리아,정보통신업,출판업,,,서울 영등포구,0,2026-08-01 02:44:01
신청 강소기업,고용부 선정 강소기업 신청기업,주식회사 슬링,정보통신업,출판업,중소기업,,서울 강남구,0,2026-08-01 02:44:01
신청 강소기업,고용부 선정 강소기업 신청기업,인터웹,정보통신업,출판업,중소기업,21.0,서울 강남구,0,2026-08-01 02:44:01
신청 강소기업,고용부 선정 강소기업 신청기업,(주)온더아이티,정보통신업,출판업,중소기업,14.0,경기 성남시 분당구,0,2026-08-01 02:44:01
신청 강소기업,고용부 선정 강소기업 신청기업,주식회사 인아이티,정보통신업,출판업,,,대전 대덕구,0,2026-08-01 02:44:01
신청 강소기업,고용부 선정 강소기업 신청기업,(주)디케이아이테크놀로지,정보통신업,출판업,중소기업,117.0,서울 영등포구,0,2026-08-01 02:44:01
신청 강소기업,고용부 선정 강소기업 신청기업,주식회사 무어텍,정보통신업,출판업,중소기업,13.0,서울 구로구,0,2026-08-01 02:44:01
신청 강소기업,고용부 선정 강소기업 신청기업,(주)올림플래닛,정보통신업,출판업,,,서울 강남구,0,2026-08-01 02:44:01
신청 강소기업,고용부 선정 강소기업 신청기업,주식회사 심플키,정보통신업,출판업,중소기업,52.0,서울 강서구,0,2026-08-01 02:44:01
신청 강소기업,고용부 선정 강소기업 신청기업,(주)유비즈,정보통신업,출판업,중소기업,8.0,경기 용인시 수지구,0,2026-08-01 02:44:01
신청 강소기업,고용부 선정 강소기업 신청기업,주식회사 위넷시스템,정보통신업,출판업,,,경기 화성시,0,2026-08-01 02:44:01
신청 강소기업,고용부 선정 강소기업 신청기업,인터랙트,정보통신업,출판업,,,인천 부평구,0,2026-08-01 02:44:01
신청 강소기업,고용부 선정 강소기업 신청기업,주식회사엔투소프트,정보통신업,출판업,중소기업,29.0,경기 성남시 중원구,0,2026-08-01 02:44:01
신청 강소기업,고용부 선정 강소기업 신청기업,주식회사 소울게임즈,정보통신업,출판업,,,경기 의왕시,0,2026-08-01 02:44:01
신청 강소기업,고용부 선정 강소기업 신청기업,주식회사 이브레인소프트,정보통신업,출판업,중소기업,,서울 금천구,0,2026-08-01 02:44:01
신청 강소기업,고용부 선정 강소기업 신청기업,엑사아이엔티(주),정보통신업,출판업,중소기업,51.0,서울 구로구,0,2026-08-01 02:44:01
신청 강소기업,고용부 선정 강소기업 신청기업,(주)링크나인시스템,정보통신업,출판업,중소기업,36.0,대전 유성구,0,2026-08-01 02:44:01
신청 강소기업,고용부 선정 강소기업 신청기업,(주)케이씨이아이,정보통신업,출판업,중소기업,48.0,서울 구로구,0,2026-08-01 02:44:01
신청 강소기업,고용부 선정 강소기업 신청기업,다온플레이스(주),정보통신업,출판업,,,,0,2026-08-01 02:44:01
신청 강소기업,고용부 선정 강소기업 신청기업,유디에스(주),정보통신업,출판업,중소기업,21.0,경기 성남시 수정구,0,2026-08-01 02:44:01
신청 강소기업,고용부 선정 강소기업 신청기업,(주)넥스가이드,정보통신업,출판업,,,서울 금천구,0,2026-08-01 02:44:01
신청 강소기업,고용부 선정 강소기업 신청기업,주식회사에스위너스,정보통신업,출판업,중소기업,17.0,부산 해운대구,0,2026-08-01 02:44:01
신청 강소기업,고용부 선정 강소기업 신청기업,프리커스 주식회사,정보통신업,출판업,,,서울 금천구,0,2026-08-01 02:44:01
신청 강소기업,고용부 선정 강소기업 신청기업,주식회사 세피스,정보통신업,출판업,중소기업,36.0,서울 금천구,0,2026-08-01 02:44:01
신청 강소기업,고용부 선정 강소기업 신청기업,(주)스톤인테그리티,정보통신업,출판업,중소기업,17.0,서울 강남구,0,2026-08-01 02:44:01
신청 강소기업,고용부 선정 강소기업 신청기업,(주)엠83,정보통신업,영상ㆍ오디오 기록물 제작 및 배급업,중소기업,117.0,서울 마포구,4,2026-08-01 02:44:01
신청 강소기업,고용부 선정 강소기업 신청기업,(주)베이그,정보통신업,영상ㆍ오디오 기록물 제작 및 배급업,중소기업,11.0,서울 강남구,1,2026-08-01 02:44:01
신청 강소기업,고용부 선정 강소기업 신청기업,주식회사 슈퍼파워메카닉크리쳐,정보통신업,영상ㆍ오디오 기록물 제작 및 배급업,중소기업,,서울 마포구,0,2026-08-01 02:44:01
신청 강소기업,고용부 선정 강소기업 신청기업,주식회사 마스몬스터,정보통신업,영상ㆍ오디오 기록물 제작 및 배급업,중소기업,,서울 서초구,0,2026-08-01 02:44:01
신청 강소기업,고용부 선정 강소기업 신청기업,(주)테드이미지웍스,정보통신업,영상ㆍ오디오 기록물 제작 및 배급업,중소기업,,서울 강남구,0,2026-08-01 02:44:01
신청 강소기업,고용부 선정 강소기업 신청기업,주식회사 제이원더,정보통신업,영상ㆍ오디오 기록물 제작 및 배급업,중소기업,22.0,서울 마포구,0,2026-08-01 02:44:01
신청 강소기업,고용부 선정 강소기업 신청기업,(주)투와이드컴퍼니,정보통신업,영상ㆍ오디오 기록물 제작 및 배급업,중소기업,71.0,서울 강남구,0,2026-08-01 02:44:01
신청 강소기업,고용부 선정 강소기업 신청기업,주식회사초콜릿커뮤니케이션,정보통신업,영상ㆍ오디오 기록물 제작 및 배급업,,,서울 마포구,0,2026-08-01 02:44:01
신청 강소기업,고용부 선정 강소기업 신청기업,(주)필라멘트리,정보통신업,영상ㆍ오디오 기록물 제작 및 배급업,중소기업,30.0,서울 강남구,0,2026-08-01 02:44:01
신청 강소기업,고용부 선정 강소기업 신청기업,주식회사 포바이포,정보통신업,영상ㆍ오디오 기록물 제작 및 배급업,,,서울 서초구,0,2026-08-01 02:44:01
신청 강소기업,고용부 선정 강소기업 신청기업,주식회사전주방송,정보통신업,방송 및 영상·오디오물 제공 서비스업,중소기업,99.0,전북 전주시 덕진구,11,2026-08-01 02:44:01
신청 강소기업,고용부 선정 강소기업 신청기업,주식회사 아이네트호스팅,정보통신업,우편 및 통신업,,,서울 서초구,0,2026-08-01 02:44:01
신청 강소기업,고용부 선정 강소기업 신청기업,주식회사 아키아카,정보통신업,"컴퓨터 프로그래밍, 시스템 통합 및 관리업",중소기업,76.0,서울 서초구,71,2026-08-01 02:44:01
신청 강소기업,고용부 선정 강소기업 신청기업,(주)거룡아이티,정보통신업,"컴퓨터 프로그래밍, 시스템 통합 및 관리업",중소기업,18.0,경기 고양시 덕양구,44,2026-08-01 02:44:01
신청 강소기업,고용부 선정 강소기업 신청기업,(주)코아아이티,정보통신업,"컴퓨터 프로그래밍, 시스템 통합 및 관리업",중소기업,139.0,충북 청주시 청원구,38,2026-08-01 02:44:01
신청 강소기업,고용부 선정 강소기업 신청기업,디비밸리(주),정보통신업,"컴퓨터 프로그래밍, 시스템 통합 및 관리업",중소기업,43.0,울산 중구,25,2026-08-01 02:44:01
신청 강소기업,고용부 선정 강소기업 신청기업,보구정제주,정보통신업,"컴퓨터 프로그래밍, 시스템 통합 및 관리업",중소기업,10.0,제주 제주시,22,2026-08-01 02:44:01
신청 강소기업,고용부 선정 강소기업 신청기업,정보와기술(주),정보통신업,"컴퓨터 프로그래밍, 시스템 통합 및 관리업",중소기업,150.0,서울 금천구,22,2026-08-01 02:44:01
신청 강소기업,고용부 선정 강소기업 신청기업,(주)콘텐츠브릿지,정보통신업,"컴퓨터 프로그래밍, 시스템 통합 및 관리업",중소기업,79.0,서울 강남구,20,2026-08-01 02:44:01
신청 강소기업,고용부 선정 강소기업 신청기업,(주)컨텍,정보통신업,"컴퓨터 프로그래밍, 시스템 통합 및 관리업",중소기업,110.0,대전 유성구,20,2026-08-01 02:44:01
신청 강소기업,고용부 선정 강소기업 신청기업,(주)크로니아이티,정보통신업,"컴퓨터 프로그래밍, 시스템 통합 및 관리업",중소기업,49.0,서울 강남구,17,2026-08-01 02:44:01
신청 강소기업,고용부 선정 강소기업 신청기업,(주)어빌리티시스템즈,정보통신업,"컴퓨터 프로그래밍, 시스템 통합 및 관리업",중소기업,161.0,서울 송파구,14,2026-08-01 02:44:01
신청 강소기업,고용부 선정 강소기업 신청기업,(주)YH데이타베이스,정보통신업,"컴퓨터 프로그래밍, 시스템 통합 및 관리업",중소기업,99.0,대구 수성구,13,2026-08-01 02:44:01
신청 강소기업,고용부 선정 강소기업 신청기업,주식회사 투게더스,정보통신업,"컴퓨터 프로그래밍, 시스템 통합 및 관리업",중소기업,43.0,인천 부평구,13,2026-08-01 02:44:01
신청 강소기업,고용부 선정 강소기업 신청기업,(주)세이프텍리서치,정보통신업,"컴퓨터 프로그래밍, 시스템 통합 및 관리업",중소기업,42.0,대전 유성구,11,2026-08-01 02:44:01
신청 강소기업,고용부 선정 강소기업 신청기업,다임즈,정보통신업,"컴퓨터 프로그래밍, 시스템 통합 및 관리업",중소기업,41.0,서울 구로구,10,2026-08-01 02:44:01
신청 강소기업,고용부 선정 강소기업 신청기업,주식회사 내담씨앤씨,정보통신업,"컴퓨터 프로그래밍, 시스템 통합 및 관리업",중소기업,102.0,경기 성남시 분당구,9,2026-08-01 02:44:01
신청 강소기업,고용부 선정 강소기업 신청기업,(주)유원지리정보시스템,정보통신업,"컴퓨터 프로그래밍, 시스템 통합 및 관리업",중소기업,92.0,경기 안양시 동안구,8,2026-08-01 02:44:01
신청 강소기업,고용부 선정 강소기업 신청기업,(주)엑스코어시스템,정보통신업,"컴퓨터 프로그래밍, 시스템 통합 및 관리업",중소기업,43.0,세종,7,2026-08-01 02:44:01
신청 강소기업,고용부 선정 강소기업 신청기업,(주)신신엠앤씨,정보통신업,"컴퓨터 프로그래밍, 시스템 통합 및 관리업",중소기업,114.0,대구 북구,7,2026-08-01 02:44:01
신청 강소기업,고용부 선정 강소기업 신청기업,파이언넷(주),정보통신업,"컴퓨터 프로그래밍, 시스템 통합 및 관리업",중소기업,215.0,서울 강서구,6,2026-08-01 02:44:01
신청 강소기업,고용부 선정 강소기업 신청기업,(주)넥솔위즈빌,정보통신업,"컴퓨터 프로그래밍, 시스템 통합 및 관리업",중소기업,42.0,서울 구로구,6,2026-08-01 02:44:01
신청 강소기업,고용부 선정 강소기업 신청기업,노아에이티에스(주),정보통신업,"컴퓨터 프로그래밍, 시스템 통합 및 관리업",중소기업,155.0,서울 종로구,6,2026-08-01 02:44:01
신청 강소기업,고용부 선정 강소기업 신청기업,(주)앤드와이즈,정보통신업,"컴퓨터 프로그래밍, 시스템 통합 및 관리업",중소기업,31.0,서울 강남구,6,2026-08-01 02:44:01
신청 강소기업,고용부 선정 강소기업 신청기업,주식회사 제이레퍼토리,정보통신업,"컴퓨터 프로그래밍, 시스템 통합 및 관리업",중소기업,98.0,서울 마포구,5,2026-08-01 02:44:01
신청 강소기업,고용부 선정 강소기업 신청기업,골든시스(주),정보통신업,"컴퓨터 프로그래밍, 시스템 통합 및 관리업",중소기업,29.0,대구 수성구,5,2026-08-01 02:44:01
신청 강소기업,고용부 선정 강소기업 신청기업,(주)인픽스,정보통신업,"컴퓨터 프로그래밍, 시스템 통합 및 관리업",중소기업,106.0,서울 강남구,5,2026-08-01 02:44:01
신청 강소기업,고용부 선정 강소기업 신청기업,(주)클라우드네트웍스,정보통신업,"컴퓨터 프로그래밍, 시스템 통합 및 관리업",중소기업,81.0,서울 강남구,5,2026-08-01 02:44:01
신청 강소기업,고용부 선정 강소기업 신청기업,주식회사 매사,정보통신업,"컴퓨터 프로그래밍, 시스템 통합 및 관리업",중소기업,52.0,서울 영등포구,5,2026-08-01 02:44:01
신청 강소기업,고용부 선정 강소기업 신청기업,넥스엔정보기술(주),정보통신업,"컴퓨터 프로그래밍, 시스템 통합 및 관리업",중소기업,20.0,서울 강남구,5,2026-08-01 02:44:01
신청 강소기업,고용부 선정 강소기업 신청기업,(주)이지미디어,정보통신업,"컴퓨터 프로그래밍, 시스템 통합 및 관리업",중소기업,89.0,서울 구로구,4,2026-08-01 02:44:01
신청 강소기업,고용부 선정 강소기업 신청기업,퓨처메인 주식회사,정보통신업,"컴퓨터 프로그래밍, 시스템 통합 및 관리업",중소기업,21.0,경기 수원시 영통구,4,2026-08-01 02:44:01
신청 강소기업,고용부 선정 강소기업 신청기업,라톤테크,정보통신업,"컴퓨터 프로그래밍, 시스템 통합 및 관리업",중소기업,44.0,서울 금천구,4,2026-08-01 02:44:01
신청 강소기업,고용부 선정 강소기업 신청기업,아즈넷코리아 유한회사,정보통신업,"컴퓨터 프로그래밍, 시스템 통합 및 관리업",중소기업,14.0,서울 송파구,4,2026-08-01 02:44:01
신청 강소기업,고용부 선정 강소기업 신청기업,(주)애드캡슐소프트,정보통신업,"컴퓨터 프로그래밍, 시스템 통합 및 관리업",중소기업,188.0,서울 서초구,4,2026-08-01 02:44:01
신청 강소기업,고용부 선정 강소기업 신청기업,(주)케이엔아이씨,정보통신업,"컴퓨터 프로그래밍, 시스템 통합 및 관리업",중소기업,55.0,경남 창원시 마산회원구,4,2026-08-01 02:44:01
신청 강소기업,고용부 선정 강소기업 신청기업,엠투엠글로벌 주식회사,정보통신업,"컴퓨터 프로그래밍, 시스템 통합 및 관리업",중소기업,69.0,서울 영등포구,4,2026-08-01 02:44:01
신청 강소기업,고용부 선정 강소기업 신청기업,호스트센터(주),정보통신업,"컴퓨터 프로그래밍, 시스템 통합 및 관리업",중소기업,61.0,서울 서초구,4,2026-08-01 02:44:01
신청 강소기업,고용부 선정 강소기업 신청기업,인포벨리코리아,정보통신업,"컴퓨터 프로그래밍, 시스템 통합 및 관리업",중소기업,157.0,경기 안양시 동안구,3,2026-08-01 02:44:01
신청 강소기업,고용부 선정 강소기업 신청기업,주식회사 대덕시스템,정보통신업,"컴퓨터 프로그래밍, 시스템 통합 및 관리업",중소기업,21.0,부산 남구,3,2026-08-01 02:44:01
신청 강소기업,고용부 선정 강소기업 신청기업,(주)원츠넷,정보통신업,"컴퓨터 프로그래밍, 시스템 통합 및 관리업",중소기업,30.0,경기 광명시,3,2026-08-01 02:44:01
신청 강소기업,고용부 선정 강소기업 신청기업,(주)한백시스템,정보통신업,"컴퓨터 프로그래밍, 시스템 통합 및 관리업",중소기업,7.0,경기 화성시,3,2026-08-01 02:44:01
신청 강소기업,고용부 선정 강소기업 신청기업,주식회사 엘케이아이씨티,정보통신업,"컴퓨터 프로그래밍, 시스템 통합 및 관리업",중소기업,27.0,경기 과천시,3,2026-08-01 02:44:01
신청 강소기업,고용부 선정 강소기업 신청기업,주식회사 이즈소프트,정보통신업,"컴퓨터 프로그래밍, 시스템 통합 및 관리업",중소기업,15.0,,3,2026-08-01 02:44:01
신청 강소기업,고용부 선정 강소기업 신청기업,주식회사 무한정보기술,정보통신업,"컴퓨터 프로그래밍, 시스템 통합 및 관리업",중소기업,48.0,서울 영등포구,3,2026-08-01 02:44:01
신청 강소기업,고용부 선정 강소기업 신청기업,(주)소프트자이온,정보통신업,"컴퓨터 프로그래밍, 시스템 통합 및 관리업",중소기업,39.0,서울 영등포구,3,2026-08-01 02:44:01
신청 강소기업,고용부 선정 강소기업 신청기업,(주) 코어시큐리티,정보통신업,"컴퓨터 프로그래밍, 시스템 통합 및 관리업",중소기업,43.0,서울 송파구,3,2026-08-01 02:44:01
신청 강소기업,고용부 선정 강소기업 신청기업,(주)데이타소프트,정보통신업,"컴퓨터 프로그래밍, 시스템 통합 및 관리업",중소기업,16.0,경기 성남시 분당구,2,2026-08-01 02:44:01
신청 강소기업,고용부 선정 강소기업 신청기업,(주)비트리,정보통신업,"컴퓨터 프로그래밍, 시스템 통합 및 관리업",중소기업,44.0,경기 성남시 분당구,2,2026-08-01 02:44:01
신청 강소기업,고용부 선정 강소기업 신청기업,(주)조은아이앤에스,정보통신업,"컴퓨터 프로그래밍, 시스템 통합 및 관리업",중소기업,51.0,서울 영등포구,2,2026-08-01 02:44:01
신청 강소기업,고용부 선정 강소기업 신청기업,브이티더블유,정보통신업,"컴퓨터 프로그래밍, 시스템 통합 및 관리업",중소기업,120.0,서울 용산구,2,2026-08-01 02:44:01
신청 강소기업,고용부 선정 강소기업 신청기업,(주)조은코디스,정보통신업,"컴퓨터 프로그래밍, 시스템 통합 및 관리업",중소기업,14.0,서울 구로구,2,2026-08-01 02:44:01
신청 강소기업,고용부 선정 강소기업 신청기업,(주)프로텐,정보통신업,"컴퓨터 프로그래밍, 시스템 통합 및 관리업",중소기업,18.0,서울 금천구,2,2026-08-01 02:44:01
신청 강소기업,고용부 선정 강소기업 신청기업,(주)퓨전정보기술,정보통신업,"컴퓨터 프로그래밍, 시스템 통합 및 관리업",중소기업,12.0,경기 하남시,2,2026-08-01 02:44:01
신청 강소기업,고용부 선정 강소기업 신청기업,팜피 주식회사,정보통신업,"컴퓨터 프로그래밍, 시스템 통합 및 관리업",중소기업,27.0,경기 안양시 동안구,1,2026-08-01 02:44:01
신청 강소기업,고용부 선정 강소기업 신청기업,플랜잇파트너스,정보통신업,"컴퓨터 프로그래밍, 시스템 통합 및 관리업",중소기업,64.0,서울 강남구,1,2026-08-01 02:44:01
신청 강소기업,고용부 선정 강소기업 신청기업,주식회사 쓰리웨이,정보통신업,"컴퓨터 프로그래밍, 시스템 통합 및 관리업",중소기업,11.0,서울 강남구,1,2026-08-01 02:44:01
신청 강소기업,고용부 선정 강소기업 신청기업,(주)아이엠비씨스템,정보통신업,"컴퓨터 프로그래밍, 시스템 통합 및 관리업",중소기업,13.0,서울 중구,1,2026-08-01 02:44:01
신청 강소기업,고용부 선정 강소기업 신청기업,주식회사 노바테크,정보통신업,"컴퓨터 프로그래밍, 시스템 통합 및 관리업",중소기업,44.0,울산 남구,1,2026-08-01 02:44:01
신청 강소기업,고용부 선정 강소기업 신청기업,(주)아미크,정보통신업,"컴퓨터 프로그래밍, 시스템 통합 및 관리업",중견기업,17.0,서울 성동구,1,2026-08-01 02:44:01
신청 강소기업,고용부 선정 강소기업 신청기업,주식회사 케이시스,정보통신업,"컴퓨터 프로그래밍, 시스템 통합 및 관리업",중소기업,18.0,경남 창원시 성산구,0,2026-08-01 02:44:01
신청 강소기업,고용부 선정 강소기업 신청기업,보고정보시스템(주),정보통신업,"컴퓨터 프로그래밍, 시스템 통합 및 관리업",,,서울 금천구,0,2026-08-01 02:44:01
신청 강소기업,고용부 선정 강소기업 신청기업,티에스엔랩(주),정보통신업,"컴퓨터 프로그래밍, 시스템 통합 및 관리업",,,경기 용인시 기흥구,0,2026-08-01 02:44:01
신청 강소기업,고용부 선정 강소기업 신청기업,(주)섹타나인_도곡지점,정보통신업,"컴퓨터 프로그래밍, 시스템 통합 및 관리업",,301.0,서울 강남구,0,2026-08-01 02:44:01
신청 강소기업,고용부 선정 강소기업 신청기업,(주)유니디아,정보통신업,"컴퓨터 프로그래밍, 시스템 통합 및 관리업",,,서울 영등포구,0,2026-08-01 02:44:01
신청 강소기업,고용부 선정 강소기업 신청기업,주식회사 단감소프트,정보통신업,"컴퓨터 프로그래밍, 시스템 통합 및 관리업",,,서울 서초구,0,2026-08-01 02:44:01
신청 강소기업,고용부 선정 강소기업 신청기업,(주)융창,정보통신업,"컴퓨터 프로그래밍, 시스템 통합 및 관리업",중소기업,28.0,서울 영등포구,0,2026-08-01 02:44:01
신청 강소기업,고용부 선정 강소기업 신청기업,주식회사 에스이코리아,정보통신업,"컴퓨터 프로그래밍, 시스템 통합 및 관리업",중소기업,17.0,대구 수성구,0,2026-08-01 02:44:01
신청 강소기업,고용부 선정 강소기업 신청기업,샬레코리아(주),정보통신업,"컴퓨터 프로그래밍, 시스템 통합 및 관리업",중소기업,30.0,서울 영등포구,0,2026-08-01 02:44:01
신청 강소기업,고용부 선정 강소기업 신청기업,(주)쓰리피인비전,정보통신업,"컴퓨터 프로그래밍, 시스템 통합 및 관리업",중소기업,23.0,대전 유성구,0,2026-08-01 02:44:01
신청 강소기업,고용부 선정 강소기업 신청기업,한결피아이에프,정보통신업,"컴퓨터 프로그래밍, 시스템 통합 및 관리업",,,서울 성동구,0,2026-08-01 02:44:01
신청 강소기업,고용부 선정 강소기업 신청기업,(주)글로벌테크놀로지,정보통신업,"컴퓨터 프로그래밍, 시스템 통합 및 관리업",,,충남 아산시,0,2026-08-01 02:44:01
신청 강소기업,고용부 선정 강소기업 신청기업,(주)디에스멘토링,정보통신업,"컴퓨터 프로그래밍, 시스템 통합 및 관리업",,,서울 마포구,0,2026-08-01 02:44:01
신청 강소기업,고용부 선정 강소기업 신청기업,(주)영구크린,정보통신업,정보서비스업,중소기업,177.0,경기 성남시 수정구,40,2026-08-01 02:44:01
신청 강소기업,고용부 선정 강소기업 신청기업,(주)이글루코퍼레이션,정보통신업,정보서비스업,중견기업,1157.0,서울 송파구,37,2026-08-01 02:44:01
신청 강소기업,고용부 선정 강소기업 신청기업,(주)디앤디기술,정보통신업,정보서비스업,중소기업,151.0,서울 서초구,37,2026-08-01 02:44:01
신청 강소기업,고용부 선정 강소기업 신청기업,KINX,정보통신업,정보서비스업,중견기업,176.0,서울 강남구,36,2026-08-01 02:44:01
신청 강소기업,고용부 선정 강소기업 신청기업,주식회사 케이아이오티,정보통신업,정보서비스업,중소기업,,대구 북구,14,2026-08-01 02:44:01
신청 강소기업,고용부 선정 강소기업 신청기업,(주)다래전략사업화센터,정보통신업,정보서비스업,중소기업,50.0,서울 강남구,14,2026-08-01 02:44:01
신청 강소기업,고용부 선정 강소기업 신청기업,누리미디어,정보통신업,정보서비스업,중소기업,75.0,서울 마포구,13,2026-08-01 02:44:01
신청 강소기업,고용부 선정 강소기업 신청기업,주식회사 아이티이지,정보통신업,정보서비스업,중소기업,88.0,서울 서초구,4,2026-08-01 02:44:01
신청 강소기업,고용부 선정 강소기업 신청기업,주식회사 데일리팜,정보통신업,정보서비스업,중소기업,47.0,서울 송파구,4,2026-08-01 02:44:01
신청 강소기업,고용부 선정 강소기업 신청기업,(주)이너스커뮤니티,정보통신업,정보서비스업,중소기업,41.0,서울 금천구,4,2026-08-01 02:44:01
신청 강소기업,고용부 선정 강소기업 신청기업,(주)마켓링크,정보통신업,정보서비스업,중소기업,53.0,서울 서대문구,3,2026-08-01 02:44:01
신청 강소기업,고용부 선정 강소기업 신청기업,주식회사 지오앤,정보통신업,정보서비스업,중소기업,67.0,강원 횡성군,3,2026-08-01 02:44:01
신청 강소기업,고용부 선정 강소기업 신청기업,주식회사 엠코퍼레이션,정보통신업,정보서비스업,중소기업,9.0,서울 강남구,3,2026-08-01 02:44:01
신청 강소기업,고용부 선정 강소기업 신청기업,(주)메디칼타임즈,정보통신업,정보서비스업,중소기업,20.0,서울 송파구,2,2026-08-01 02:44:01
신청 강소기업,고용부 선정 강소기업 신청기업,(주)리서치애드,정보통신업,정보서비스업,중소기업,17.0,서울 강남구,2,2026-08-01 02:44:01
신청 강소기업,고용부 선정 강소기업 신청기업,폴스타헬스케어 주식회사,정보통신업,정보서비스업,중소기업,14.0,서울 서초구,1,2026-08-01 02:44:01
신청 강소기업,고용부 선정 강소기업 신청기업,주식회사 악어디지털,정보통신업,정보서비스업,,,경기 용인시 기흥구,0,2026-08-01 02:44:01
신청 강소기업,고용부 선정 강소기업 신청기업,(주)오픈프레스,정보통신업,정보서비스업,,,서울 성동구,0,2026-08-01 02:44:01
신청 강소기업,고용부 선정 강소기업 신청기업,주식회사 터전,정보통신업,정보서비스업,중소기업,16.0,대전 중구,0,2026-08-01 02:44:01
신청 강소기업,고용부 선정 강소기업 신청기업,(주)지에스씨넷,정보통신업,정보서비스업,,,세종,0,2026-08-01 02:44:01
신청 강소기업,고용부 선정 강소기업 신청기업,비드코칭연구소 주식회사,정보통신업,정보서비스업,,,대전 중구,0,2026-08-01 02:44:01
신청 강소기업,고용부 선정 강소기업 신청기업,케이알투자증권 주식회사,금융 및 보험업,금융 및 보험 관련 서비스업,중소기업,136.0,서울 영등포구,7,2026-08-01 02:44:01
신청 강소기업,고용부 선정 강소기업 신청기업,지평건설(주),부동산업,부동산업,중소기업,18.0,충북 청주시 상당구,7,2026-08-01 02:44:01
신청 강소기업,고용부 선정 강소기업 신청기업,에스엘플랫폼,부동산업,부동산업,중견기업,253.0,서울 강남구,5,2026-08-01 02:44:01
신청 강소기업,고용부 선정 강소기업 신청기업,주식회사 디플러스프라퍼티,부동산업,부동산업,,,서울 강남구,0,2026-08-01 02:44:01
신청 강소기업,고용부 선정 강소기업 신청기업,(주)금융환경엔지니어링,"사업시설 관리, 사업 지원 및 임대 서비스업",사업시설 관리 및 조경 서비스업,중소기업,6.0,부산 동구,155,2026-08-01 02:44:01
신청 강소기업,고용부 선정 강소기업 신청기업,(주)스마트비전,"사업시설 관리, 사업 지원 및 임대 서비스업",사업시설 관리 및 조경 서비스업,중소기업,187.0,경기 하남시,25,2026-08-01 02:44:01
신청 강소기업,고용부 선정 강소기업 신청기업,에코바이오홀딩스(주),"사업시설 관리, 사업 지원 및 임대 서비스업",사업시설 관리 및 조경 서비스업,중소기업,133.0,서울 강서구,7,2026-08-01 02:44:01
신청 강소기업,고용부 선정 강소기업 신청기업,주식회사 세잎클로버,"사업시설 관리, 사업 지원 및 임대 서비스업",사업시설 관리 및 조경 서비스업,중소기업,12.0,경기 수원시 영통구,4,2026-08-01 02:44:01
신청 강소기업,고용부 선정 강소기업 신청기업,서한통산(주),"사업시설 관리, 사업 지원 및 임대 서비스업",사업지원 서비스업,중소기업,844.0,서울 동대문구,545,2026-08-01 02:44:01
신청 강소기업,고용부 선정 강소기업 신청기업,(주)이음길에이치알,"사업시설 관리, 사업 지원 및 임대 서비스업",사업지원 서비스업,중소기업,64.0,서울 강남구,300,2026-08-01 02:44:01
신청 강소기업,고용부 선정 강소기업 신청기업,(주)두원잡,"사업시설 관리, 사업 지원 및 임대 서비스업",사업지원 서비스업,중소기업,62.0,부산 사상구,269,2026-08-01 02:44:01
신청 강소기업,고용부 선정 강소기업 신청기업,(주)대학내일,"사업시설 관리, 사업 지원 및 임대 서비스업",사업지원 서비스업,중견기업,385.0,서울 마포구,51,2026-08-01 02:44:01
신청 강소기업,고용부 선정 강소기업 신청기업,주식회사 콜포유,"사업시설 관리, 사업 지원 및 임대 서비스업",사업지원 서비스업,중소기업,79.0,경기 부천시,32,2026-08-01 02:44:01
신청 강소기업,고용부 선정 강소기업 신청기업,주식회사 캠토,"사업시설 관리, 사업 지원 및 임대 서비스업",사업지원 서비스업,중소기업,28.0,서울 서초구,5,2026-08-01 02:44:01
신청 강소기업,고용부 선정 강소기업 신청기업,주식회사 트립토파즈,"사업시설 관리, 사업 지원 및 임대 서비스업",사업지원 서비스업,중소기업,47.0,서울 강남구,1,2026-08-01 02:44:01
신청 강소기업,고용부 선정 강소기업 신청기업,이스터마케팅서비스(주),"사업시설 관리, 사업 지원 및 임대 서비스업",사업지원 서비스업,중소기업,15.0,서울 중구,1,2026-08-01 02:44:01
신청 강소기업,고용부 선정 강소기업 신청기업,주식회사 리스페이스컴퍼니,"사업시설 관리, 사업 지원 및 임대 서비스업",사업지원 서비스업,중소기업,46.0,서울 서대문구,1,2026-08-01 02:44:01
신청 강소기업,고용부 선정 강소기업 신청기업,(주)그라운드케이,"사업시설 관리, 사업 지원 및 임대 서비스업",사업지원 서비스업,,,부산 해운대구,0,2026-08-01 02:44:01
신청 강소기업,고용부 선정 강소기업 신청기업,(주)컬처스원,"사업시설 관리, 사업 지원 및 임대 서비스업",사업지원 서비스업,중소기업,24.0,서울 마포구,0,2026-08-01 02:44:01
신청 강소기업,고용부 선정 강소기업 신청기업,주식회사 아이온시큐리티,"사업시설 관리, 사업 지원 및 임대 서비스업",사업지원 서비스업,중소기업,10.0,서울 서초구,0,2026-08-01 02:44:01
신청 강소기업,고용부 선정 강소기업 신청기업,사단법인 장애인인권센터ICT사업단,"사업시설 관리, 사업 지원 및 임대 서비스업",사업지원 서비스업,,32.0,서울 영등포구,0,2026-08-01 02:44:01
신청 강소기업,고용부 선정 강소기업 신청기업,(주)알투컴,"사업시설 관리, 사업 지원 및 임대 서비스업",임대업; 부동산 제외,중소기업,14.0,경기 하남시,6,2026-08-01 02:44:01
신청 강소기업,고용부 선정 강소기업 신청기업,(주)대의엔지니어링,"사업시설 관리, 사업 지원 및 임대 서비스업",임대업; 부동산 제외,중소기업,19.0,서울 강남구,3,2026-08-01 02:44:01
신청 강소기업,고용부 선정 강소기업 신청기업,(주)잇올,교육 서비스업,교육 서비스업,중소기업,542.0,서울 서초구,120,2026-08-01 02:44:01
신청 강소기업,고용부 선정 강소기업 신청기업,주식회사 비전트리,교육 서비스업,교육 서비스업,중소기업,45.0,전북 전주시 완산구,38,2026-08-01 02:44:01
신청 강소기업,고용부 선정 강소기업 신청기업,주식회사 알파에듀,교육 서비스업,교육 서비스업,중소기업,10.0,경남 창원시 의창구,7,2026-08-01 02:44:01
신청 강소기업,고용부 선정 강소기업 신청기업,(주)이노솔루션,교육 서비스업,교육 서비스업,중소기업,27.0,서울 마포구,6,2026-08-01 02:44:01
신청 강소기업,고용부 선정 강소기업 신청기업,주식회사 아이비그룹,교육 서비스업,교육 서비스업,중소기업,17.0,대구 달성군,4,2026-08-01 02:44:01
신청 강소기업,고용부 선정 강소기업 신청기업,주식회사 오누이,교육 서비스업,교육 서비스업,중소기업,76.0,서울 마포구,4,2026-08-01 02:44:01
신청 강소기업,고용부 선정 강소기업 신청기업,주식회사 라이지움,교육 서비스업,교육 서비스업,중소기업,8.0,서울 서초구,3,2026-08-01 02:44:01
신청 강소기업,고용부 선정 강소기업 신청기업,인천평화의료복지사회적협동조합,보건업 및 사회복지 서비스업,보건업,기타,53.0,인천 부평구,37,2026-08-01 02:44:01
신청 강소기업,고용부 선정 강소기업 신청기업,서울대정병원,보건업 및 사회복지 서비스업,보건업,중소기업,,충남 천안시 서북구,9,2026-08-01 02:44:01
신청 강소기업,고용부 선정 강소기업 신청기업,땡큐서울의원,보건업 및 사회복지 서비스업,보건업,중소기업,,서울 강남구,2,2026-08-01 02:44:01
신청 강소기업,고용부 선정 강소기업 신청기업,사랑요양병원,보건업 및 사회복지 서비스업,보건업,,,전북 전주시 완산구,0,2026-08-01 02:44:01
신청 강소기업,고용부 선정 강소기업 신청기업,서송병원,보건업 및 사회복지 서비스업,보건업,,,인천 계양구,0,2026-08-01 02:44:01
신청 강소기업,고용부 선정 강소기업 신청기업,서울에이스병원,보건업 및 사회복지 서비스업,보건업,,,경기 남양주시,0,2026-08-01 02:44:01
신청 강소기업,고용부 선정 강소기업 신청기업,김병준 레다스 흉부외과의원,보건업 및 사회복지 서비스업,보건업,,,부산 부산진구,0,2026-08-01 02:44:01
신청 강소기업,고용부 선정 강소기업 신청기업,부천요양병원,보건업 및 사회복지 서비스업,보건업,,,경기 부천시,0,2026-08-01 02:44:01
신청 강소기업,고용부 선정 강소기업 신청기업,(주)에스앤가든,"예술, 스포츠 및 여가관련 서비스업","창작, 예술 및 여가관련 서비스업",중소기업,27.0,제주 제주시,5,2026-08-01 02:44:01
신청 강소기업,고용부 선정 강소기업 신청기업,주식회사 웰브릿지,"예술, 스포츠 및 여가관련 서비스업",스포츠 및 오락관련 서비스업,중소기업,84.0,서울 송파구,54,2026-08-01 02:44:01
신청 강소기업,고용부 선정 강소기업 신청기업,한맥개발(주),"예술, 스포츠 및 여가관련 서비스업",스포츠 및 오락관련 서비스업,중소기업,39.0,경북 예천군,12,2026-08-01 02:44:01
신청 강소기업,고용부 선정 강소기업 신청기업,사단법인 한국문화산업협회,"협회 및 단체, 수리 및 기타 개인 서비스업",협회 및 단체,기타,18.0,세종,4,2026-08-01 02:44:01
신청 강소기업,고용부 선정 강소기업 신청기업,서전주현대서비스,"협회 및 단체, 수리 및 기타 개인 서비스업",개인 및 소비용품 수리업,중소기업,22.0,전북 전주시 덕진구,43,2026-08-01 02:44:01
신청 강소기업,고용부 선정 강소기업 신청기업,쏘나브이피씨코리아(주),"협회 및 단체, 수리 및 기타 개인 서비스업",개인 및 소비용품 수리업,중소기업,262.0,서울 강남구,1,2026-08-01 02:44:01
신청 강소기업,고용부 선정 강소기업 신청기업,아가페사회적협동조합,"협회 및 단체, 수리 및 기타 개인 서비스업",기타 개인 서비스업,기타,,대구 달성군,12,2026-08-01 02:44:01
